기준연도,자치구명,행정동코드,행정동명,convenience_count,grocery_count,pharmacy_count,medical_count,total_infra_count,infra_score,CDI,CDI_rank,CDI_grade
2019,종로구,1101053,사직동,25.0,49.0,10.0,59.0,143.0,0.18518518518518517,0.8148148148148149,346,1
2019,종로구,1101054,삼청동,10.0,20.0,1.0,7.0,38.0,0.03561253561253561,0.9643874643874644,42,5
2019,종로구,1101055,부암동,13.0,10.0,2.0,5.0,30.0,0.024216524216524215,0.9757834757834758,23,5
2019,종로구,1101056,평창동,13.0,23.0,5.0,12.0,53.0,0.05698005698005698,0.9430199430199431,85,4
2019,종로구,1101057,무악동,6.0,4.0,5.0,4.0,19.0,0.008547008547008548,0.9914529914529915,6,5
2019,종로구,1101058,교남동,13.0,9.0,8.0,12.0,42.0,0.04131054131054131,0.9586894586894587,48,5
2019,종로구,1101060,가회동,9.0,17.0,2.0,9.0,37.0,0.03418803418803419,0.9658119658119658,38,5
2019,종로구,1101061,종로1·2·3·4가동,104.0,186.0,54.0,111.0,455.0,0.6296296296296297,0.37037037037037035,422,1
2019,종로구,1101063,종로5·6가동,26.0,58.0,29.0,63.0,176.0,0.23219373219373218,0.7678062678062678,379,1
2019,종로구,1101064,이화동,21.0,14.0,7.0,13.0,55.0,0.05982905982905983,0.9401709401709402,95,4
2019,종로구,1101067,창신1동,7.0,42.0,10.0,34.0,93.0,0.11396011396011396,0.886039886039886,226,3
2019,종로구,1101068,창신2동,3.0,24.0,6.0,10.0,43.0,0.042735042735042736,0.9572649572649573,53,5
2019,종로구,1101069,창신3동,4.0,8.0,1.0,1.0,14.0,0.0014245014245014246,0.9985754985754985,2,5
2019,종로구,1101070,숭인1동,6.0,6.0,2.0,10.0,24.0,0.01566951566951567,0.9843304843304843,13,5
2019,종로구,1101071,숭인2동,25.0,29.0,3.0,12.0,69.0,0.07977207977207977,0.9202279202279202,137,4
2019,종로구,1101072,청운효자동,9.0,32.0,5.0,8.0,54.0,0.0584045584045584,0.9415954415954416,90,4
2019,종로구,1101073,혜화동,35.0,26.0,15.0,26.0,102.0,0.1267806267806268,0.8732193732193732,251,3
2019,중구,1102052,소공동,47.0,43.0,16.0,56.0,162.0,0.21225071225071226,0.7877492877492878,369,1
2019,중구,1102054,회현동,41.0,135.0,19.0,60.0,255.0,0.34472934472934474,0.6552706552706553,409,1
2019,중구,1102055,명동,82.0,80.0,33.0,127.0,322.0,0.44017094017094016,0.5598290598290598,413,1
2019,중구,1102057,필동,35.0,18.0,8.0,19.0,80.0,0.09544159544159544,0.9045584045584045,178,3
2019,중구,1102058,장충동,14.0,9.0,3.0,7.0,33.0,0.02849002849002849,0.9715099715099715,32,5
2019,중구,1102059,광희동,47.0,107.0,15.0,27.0,196.0,0.2606837606837607,0.7393162393162394,389,1
2019,중구,1102060,을지로동,30.0,66.0,13.0,39.0,148.0,0.19230769230769232,0.8076923076923077,354,1
2019,중구,1102065,신당5동,7.0,18.0,5.0,20.0,50.0,0.05270655270655271,0.9472934472934473,75,5
2019,중구,1102067,황학동,11.0,101.0,9.0,15.0,136.0,0.1752136752136752,0.8247863247863247,332,2
2019,중구,1102068,중림동,11.0,20.0,5.0,12.0,48.0,0.04985754985754986,0.9501424501424501,72,5
2019,중구,1102069,신당동,29.0,67.0,11.0,21.0,128.0,0.16381766381766383,0.8361823361823362,320,2
2019,중구,1102070,다산동,16.0,23.0,8.0,28.0,75.0,0.08831908831908832,0.9116809116809117,157,4
2019,중구,1102071,약수동,10.0,20.0,11.0,30.0,71.0,0.08262108262108261,0.9173789173789174,144,4
2019,중구,1102072,청구동,6.0,18.0,2.0,9.0,35.0,0.03133903133903134,0.9686609686609686,35,5
2019,중구,1102073,동화동,10.0,14.0,5.0,14.0,43.0,0.042735042735042736,0.9572649572649573,53,5
2019,용산구,1103051,후암동,15.0,33.0,7.0,16.0,71.0,0.08262108262108261,0.9173789173789174,144,4
2019,용산구,1103052,용산2가동,16.0,17.0,4.0,7.0,44.0,0.04415954415954416,0.9558404558404558,58,5
2019,용산구,1103053,남영동,28.0,23.0,12.0,37.0,100.0,0.12393162393162394,0.8760683760683761,244,3
2019,용산구,1103057,원효로2동,9.0,27.0,4.0,6.0,46.0,0.04700854700854701,0.9529914529914529,66,5
2019,용산구,1103058,효창동,8.0,9.0,4.0,11.0,32.0,0.027065527065527065,0.9729344729344729,31,5
2019,용산구,1103059,용문동,6.0,45.0,3.0,10.0,64.0,0.07264957264957266,0.9273504273504274,120,4
2019,용산구,1103063,이촌1동,8.0,29.0,9.0,29.0,75.0,0.08831908831908832,0.9116809116809117,157,4
2019,용산구,1103064,이촌2동,4.0,9.0,1.0,3.0,17.0,0.005698005698005698,0.9943019943019943,4,5
2019,용산구,1103065,이태원1동,21.0,20.0,3.0,9.0,53.0,0.05698005698005698,0.9430199430199431,85,4
2019,용산구,1103066,이태원2동,12.0,15.0,3.0,12.0,42.0,0.04131054131054131,0.9586894586894587,48,5
2019,용산구,1103069,서빙고동,8.0,14.0,1.0,1.0,24.0,0.01566951566951567,0.9843304843304843,13,5
2019,용산구,1103070,보광동,10.0,39.0,10.0,17.0,76.0,0.08974358974358974,0.9102564102564102,161,4
2019,용산구,1103071,청파동,27.0,40.0,10.0,17.0,94.0,0.11538461538461539,0.8846153846153846,230,3
2019,용산구,1103072,원효로1동,15.0,19.0,7.0,12.0,53.0,0.05698005698005698,0.9430199430199431,85,4
2019,용산구,1103073,한강로동,42.0,56.0,26.0,39.0,163.0,0.21367521367521367,0.7863247863247863,370,1
2019,용산구,1103074,한남동,28.0,41.0,13.0,24.0,106.0,0.13247863247863248,0.8675213675213675,258,2
2019,성동구,1104052,왕십리2동,11.0,15.0,5.0,11.0,42.0,0.04131054131054131,0.9586894586894587,48,5
2019,성동구,1104054,마장동,14.0,77.0,7.0,16.0,114.0,0.14387464387464388,0.8561253561253561,284,2
2019,성동구,1104055,사근동,38.0,17.0,9.0,5.0,69.0,0.07977207977207977,0.9202279202279202,137,4
2019,성동구,1104056,행당1동,14.0,29.0,12.0,38.0,93.0,0.11396011396011396,0.886039886039886,226,3
2019,성동구,1104057,행당2동,6.0,14.0,3.0,18.0,41.0,0.039886039886039885,0.9601139601139601,46,5
2019,성동구,1104058,응봉동,2.0,10.0,2.0,6.0,20.0,0.009971509971509971,0.99002849002849,7,5
2019,성동구,1104059,금호1가동,6.0,15.0,5.0,13.0,39.0,0.037037037037037035,0.962962962962963,45,5
2019,성동구,1104062,금호4가동,7.0,8.0,9.0,19.0,43.0,0.042735042735042736,0.9572649572649573,53,5
2019,성동구,1104065,성수1가1동,17.0,15.0,4.0,10.0,46.0,0.04700854700854701,0.9529914529914529,66,5
2019,성동구,1104066,성수1가2동,27.0,25.0,3.0,26.0,81.0,0.09686609686609686,0.9031339031339032,184,3
2019,성동구,1104067,성수2가1동,21.0,47.0,12.0,22.0,102.0,0.1267806267806268,0.8732193732193732,251,3
2019,성동구,1104068,성수2가3동,54.0,33.0,14.0,36.0,137.0,0.17663817663817663,0.8233618233618234,336,2
2019,성동구,1104069,송정동,8.0,15.0,5.0,3.0,31.0,0.02564102564102564,0.9743589743589743,25,5
2019,성동구,1104070,용답동,16.0,41.0,9.0,17.0,83.0,0.09971509971509972,0.9002849002849003,190,3
2019,성동구,1104071,왕십리도선동,19.0,37.0,16.0,48.0,120.0,0.15242165242165243,0.8475783475783476,306,2
2019,성동구,1104072,금호2·3가동,13.0,30.0,11.0,26.0,80.0,0.09544159544159544,0.9045584045584045,178,3
2019,성동구,1104073,옥수동,9.0,17.0,6.0,24.0,56.0,0.06125356125356125,0.9387464387464387,100,4
2019,광진구,1105053,화양동,60.0,42.0,17.0,49.0,168.0,0.2207977207977208,0.7792022792022792,374,1
2019,광진구,1105054,군자동,22.0,37.0,14.0,34.0,107.0,0.1339031339031339,0.8660968660968661,262,2
2019,광진구,1105055,중곡1동,14.0,61.0,11.0,24.0,110.0,0.13817663817663817,0.8618233618233618,267,2
2019,광진구,1105056,중곡2동,22.0,31.0,14.0,42.0,109.0,0.13675213675213677,0.8632478632478633,265,2
2019,광진구,1105057,중곡3동,16.0,17.0,10.0,21.0,64.0,0.07264957264957266,0.9273504273504274,120,4
2019,광진구,1105058,중곡4동,20.0,57.0,8.0,30.0,115.0,0.1452991452991453,0.8547008547008547,288,2
2019,광진구,1105059,능동,18.0,17.0,4.0,16.0,55.0,0.05982905982905983,0.9401709401709402,95,4
2019,광진구,1105060,구의1동,27.0,26.0,9.0,27.0,89.0,0.10826210826210826,0.8917378917378918,212,3
2019,광진구,1105061,구의2동,16.0,33.0,9.0,27.0,85.0,0.10256410256410256,0.8974358974358975,201,3
2019,광진구,1105062,구의3동,23.0,41.0,17.0,50.0,131.0,0.16809116809116809,0.8319088319088319,323,2
2019,광진구,1105063,광장동,20.0,29.0,8.0,24.0,81.0,0.09686609686609686,0.9031339031339032,184,3
2019,광진구,1105064,자양1동,28.0,58.0,16.0,47.0,149.0,0.19373219373219372,0.8062678062678063,357,1
2019,광진구,1105065,자양2동,22.0,25.0,10.0,23.0,80.0,0.09544159544159544,0.9045584045584045,178,3
2019,광진구,1105066,자양3동,24.0,24.0,9.0,27.0,84.0,0.10113960113960115,0.8988603988603988,194,3
2019,광진구,1105067,자양4동,25.0,64.0,14.0,42.0,145.0,0.18803418803418803,0.811965811965812,349,1
2019,동대문구,1106071,회기동,22.0,19.0,15.0,10.0,66.0,0.0754985754985755,0.9245014245014245,124,4
2019,동대문구,1106072,휘경1동,17.0,33.0,12.0,17.0,79.0,0.09401709401709402,0.905982905982906,170,3
2019,동대문구,1106073,휘경2동,19.0,19.0,6.0,10.0,54.0,0.0584045584045584,0.9415954415954416,90,4
2019,동대문구,1106080,청량리동,15.0,72.0,17.0,40.0,144.0,0.1866096866096866,0.8133903133903134,348,1
2019,동대문구,1106081,용신동,50.0,121.0,27.0,53.0,251.0,0.33903133903133903,0.6609686609686609,408,1
2019,동대문구,1106082,제기동,27.0,413.0,86.0,70.0,596.0,0.8304843304843305,0.16951566951566954,424,1
2019,동대문구,1106083,전농1동,26.0,50.0,12.0,36.0,124.0,0.1581196581196581,0.8418803418803419,315,2
2019,동대문구,1106084,전농2동,11.0,20.0,9.0,14.0,54.0,0.0584045584045584,0.9415954415954416,90,4
2019,동대문구,1106086,답십리2동,19.0,47.0,16.0,43.0,125.0,0.15954415954415954,0.8404558404558404,316,2
2019,동대문구,1106087,장안1동,51.0,56.0,27.0,51.0,185.0,0.245014245014245,0.754985754985755,384,1
2019,동대문구,1106088,장안2동,37.0,79.0,21.0,59.0,196.0,0.2606837606837607,0.7393162393162394,389,1
2019,동대문구,1106089,이문1동,30.0,25.0,14.0,33.0,102.0,0.1267806267806268,0.8732193732193732,251,3
2019,동대문구,1106090,이문2동,14.0,22.0,7.0,13.0,56.0,0.06125356125356125,0.9387464387464387,100,4
2019,동대문구,1106091,답십리1동,20.0,26.0,9.0,36.0,91.0,0.1111111111111111,0.8888888888888888,222,3
2019,중랑구,1107052,면목2동,21.0,48.0,10.0,20.0,99.0,0.1225071225071225,0.8774928774928775,239,3
2019,중랑구,1107054,면목4동,15.0,25.0,5.0,10.0,55.0,0.05982905982905983,0.9401709401709402,95,4
2019,중랑구,1107055,면목5동,7.0,17.0,1.0,3.0,28.0,0.021367521367521368,0.9786324786324786,19,5
2019,중랑구,1107057,면목7동,17.0,53.0,10.0,45.0,125.0,0.15954415954415954,0.8404558404558404,316,2
2019,중랑구,1107059,상봉1동,15.0,36.0,7.0,16.0,74.0,0.0868945868945869,0.913105413105413,154,4
2019,중랑구,1107060,상봉2동,27.0,39.0,12.0,39.0,117.0,0.14814814814814814,0.8518518518518519,298,2
2019,중랑구,1107061,중화1동,15.0,24.0,6.0,19.0,64.0,0.07264957264957266,0.9273504273504274,120,4
2019,중랑구,1107062,중화2동,20.0,57.0,12.0,26.0,115.0,0.1452991452991453,0.8547008547008547,288,2
2019,중랑구,1107064,묵1동,18.0,30.0,9.0,26.0,83.0,0.09971509971509972,0.9002849002849003,190,3
2019,중랑구,1107065,묵2동,18.0,32.0,6.0,22.0,78.0,0.09259259259259259,0.9074074074074074,166,4
2019,중랑구,1107068,망우3동,11.0,26.0,5.0,11.0,53.0,0.05698005698005698,0.9430199430199431,85,4
2019,중랑구,1107069,신내1동,16.0,30.0,14.0,32.0,92.0,0.11253561253561253,0.8874643874643875,223,3
2019,중랑구,1107070,신내2동,8.0,20.0,13.0,27.0,68.0,0.07834757834757834,0.9216524216524217,135,4
2019,중랑구,1107071,면목본동,24.0,98.0,18.0,60.0,200.0,0.26638176638176636,0.7336182336182336,392,1
2019,중랑구,1107072,면목3·8동,20.0,48.0,22.0,29.0,119.0,0.150997150997151,0.849002849002849,305,2
2019,중랑구,1107073,망우본동,33.0,90.0,26.0,62.0,211.0,0.28205128205128205,0.717948717948718,397,1
2019,성북구,1108058,돈암1동,5.0,9.0,2.0,8.0,24.0,0.01566951566951567,0.9843304843304843,13,5
2019,성북구,1108059,돈암2동,5.0,10.0,4.0,3.0,22.0,0.01282051282051282,0.9871794871794872,10,5
2019,성북구,1108060,안암동,46.0,22.0,9.0,13.0,90.0,0.10968660968660969,0.8903133903133903,216,3
2019,성북구,1108061,보문동,16.0,24.0,7.0,19.0,66.0,0.0754985754985755,0.9245014245014245,124,4
2019,성북구,1108062,정릉1동,16.0,12.0,8.0,14.0,50.0,0.05270655270655271,0.9472934472934473,75,5
2019,성북구,1108063,정릉2동,11.0,22.0,8.0,26.0,67.0,0.07692307692307693,0.9230769230769231,133,4
2019,성북구,1108064,정릉3동,22.0,15.0,2.0,3.0,42.0,0.04131054131054131,0.9586894586894587,48,5
2019,성북구,1108065,정릉4동,13.0,35.0,12.0,22.0,82.0,0.09829059829059829,0.9017094017094017,187,3
2019,성북구,1108066,길음1동,6.0,33.0,15.0,32.0,86.0,0.10398860398860399,0.896011396011396,206,3
2019,성북구,1108068,길음2동,8.0,18.0,11.0,22.0,59.0,0.06552706552706553,0.9344729344729344,105,4
2019,성북구,1108071,월곡1동,12.0,31.0,9.0,28.0,80.0,0.09544159544159544,0.9045584045584045,178,3
2019,성북구,1108072,월곡2동,21.0,37.0,12.0,30.0,100.0,0.12393162393162394,0.8760683760683761,244,3
2019,성북구,1108076,장위1동,14.0,31.0,9.0,9.0,63.0,0.07122507122507123,0.9287749287749287,117,4
2019,성북구,1108077,장위2동,4.0,51.0,10.0,14.0,79.0,0.09401709401709402,0.905982905982906,170,3
2019,성북구,1108078,장위3동,6.0,16.0,4.0,10.0,36.0,0.03276353276353276,0.9672364672364673,36,5
2019,성북구,1108081,성북동,23.0,26.0,5.0,25.0,79.0,0.09401709401709402,0.905982905982906,170,3
2019,성북구,1108082,삼선동,25.0,65.0,15.0,41.0,146.0,0.18945868945868946,0.8105413105413105,351,1
2019,성북구,1108083,동선동,33.0,35.0,17.0,53.0,138.0,0.17806267806267806,0.8219373219373219,337,2
2019,성북구,1108084,종암동,25.0,51.0,17.0,41.0,134.0,0.17236467236467237,0.8276353276353277,326,2
2019,성북구,1108085,석관동,24.0,59.0,16.0,36.0,135.0,0.1737891737891738,0.8262108262108262,329,2
2019,강북구,1109060,번1동,30.0,35.0,10.0,41.0,116.0,0.1467236467236467,0.8532763532763533,294,2
2019,강북구,1109061,번2동,9.0,10.0,6.0,8.0,33.0,0.02849002849002849,0.9715099715099715,32,5
2019,강북구,1109062,번3동,11.0,14.0,5.0,14.0,44.0,0.04415954415954416,0.9558404558404558,58,5
2019,강북구,1109063,수유1동,21.0,84.0,15.0,23.0,143.0,0.18518518518518517,0.8148148148148149,346,1
2019,강북구,1109064,수유2동,18.0,40.0,13.0,18.0,89.0,0.10826210826210826,0.8917378917378918,212,3
2019,강북구,1109065,수유3동,28.0,70.0,17.0,62.0,177.0,0.2336182336182336,0.7663817663817664,380,1
2019,강북구,1109069,삼양동,11.0,38.0,14.0,34.0,97.0,0.11965811965811966,0.8803418803418803,235,3
2019,강북구,1109070,미아동,33.0,31.0,14.0,43.0,121.0,0.15384615384615385,0.8461538461538461,309,2
2019,강북구,1109071,송중동,22.0,47.0,17.0,52.0,138.0,0.17806267806267806,0.8219373219373219,337,2
2019,강북구,1109072,송천동,20.0,54.0,18.0,46.0,138.0,0.17806267806267806,0.8219373219373219,337,2
2019,강북구,1109073,삼각산동,10.0,32.0,8.0,29.0,79.0,0.09401709401709402,0.905982905982906,170,3
2019,강북구,1109074,우이동,17.0,39.0,9.0,13.0,78.0,0.09259259259259259,0.9074074074074074,166,4
2019,강북구,1109075,인수동,26.0,57.0,13.0,19.0,115.0,0.1452991452991453,0.8547008547008547,288,2
2019,도봉구,1110051,쌍문1동,15.0,36.0,4.0,11.0,66.0,0.0754985754985755,0.9245014245014245,124,4
2019,도봉구,1110052,쌍문2동,15.0,22.0,8.0,27.0,72.0,0.08404558404558404,0.915954415954416,149,4
2019,도봉구,1110053,쌍문3동,14.0,37.0,13.0,21.0,85.0,0.10256410256410256,0.8974358974358975,201,3
2019,도봉구,1110054,쌍문4동,9.0,13.0,2.0,6.0,30.0,0.024216524216524215,0.9757834757834758,23,5
2019,도봉구,1110055,방학1동,22.0,57.0,11.0,51.0,141.0,0.18233618233618235,0.8176638176638177,343,1
2019,도봉구,1110056,방학2동,15.0,60.0,7.0,11.0,93.0,0.11396011396011396,0.886039886039886,226,3
2019,도봉구,1110057,방학3동,9.0,14.0,5.0,18.0,46.0,0.04700854700854701,0.9529914529914529,66,5
2019,도봉구,1110059,창1동,11.0,29.0,7.0,30.0,77.0,0.09116809116809117,0.9088319088319088,164,4
2019,도봉구,1110060,창2동,21.0,52.0,9.0,17.0,99.0,0.1225071225071225,0.8774928774928775,239,3
2019,도봉구,1110061,창3동,12.0,28.0,7.0,19.0,66.0,0.0754985754985755,0.9245014245014245,124,4
2019,도봉구,1110062,창4동,14.0,14.0,7.0,27.0,62.0,0.0698005698005698,0.9301994301994302,115,4
2019,도봉구,1110063,창5동,18.0,39.0,13.0,41.0,111.0,0.1396011396011396,0.8603988603988604,270,2
2019,도봉구,1110064,도봉1동,23.0,61.0,8.0,18.0,110.0,0.13817663817663817,0.8618233618233618,267,2
2019,도봉구,1110065,도봉2동,12.0,27.0,6.0,13.0,58.0,0.0641025641025641,0.9358974358974359,104,4
2019,노원구,1111051,월계1동,31.0,34.0,9.0,33.0,107.0,0.1339031339031339,0.8660968660968661,262,2
2019,노원구,1111052,월계2동,14.0,20.0,4.0,9.0,47.0,0.04843304843304843,0.9515669515669516,71,5
2019,노원구,1111053,월계3동,9.0,18.0,8.0,10.0,45.0,0.045584045584045586,0.9544159544159544,64,5
2019,노원구,1111056,공릉2동,34.0,35.0,11.0,32.0,112.0,0.14102564102564102,0.858974358974359,273,2
2019,노원구,1111058,하계1동,12.0,23.0,11.0,13.0,59.0,0.06552706552706553,0.9344729344729344,105,4
2019,노원구,1111059,하계2동,3.0,8.0,4.0,8.0,23.0,0.014245014245014245,0.9857549857549858,11,5
2019,노원구,1111060,중계본동,10.0,32.0,8.0,29.0,79.0,0.09401709401709402,0.905982905982906,170,3
2019,노원구,1111061,중계1동,9.0,25.0,10.0,31.0,75.0,0.08831908831908832,0.9116809116809117,157,4
2019,노원구,1111064,중계4동,10.0,16.0,10.0,18.0,54.0,0.0584045584045584,0.9415954415954416,90,4
2019,노원구,1111065,상계1동,24.0,47.0,11.0,34.0,116.0,0.1467236467236467,0.8532763532763533,294,2
2019,노원구,1111066,상계2동,29.0,50.0,19.0,62.0,160.0,0.2094017094017094,0.7905982905982906,367,1
2019,노원구,1111069,상계5동,16.0,51.0,11.0,18.0,96.0,0.11823361823361823,0.8817663817663818,233,3
2019,노원구,1111072,상계8동,5.0,7.0,7.0,27.0,46.0,0.04700854700854701,0.9529914529914529,66,5
2019,노원구,1111073,상계9동,6.0,13.0,8.0,24.0,51.0,0.05413105413105413,0.9458689458689459,79,5
2019,노원구,1111074,상계10동,4.0,7.0,0.0,6.0,17.0,0.005698005698005698,0.9943019943019943,4,5
2019,노원구,1111076,상계3·4동,15.0,33.0,10.0,23.0,81.0,0.09686609686609686,0.9031339031339032,184,3
2019,노원구,1111077,상계6·7동,23.0,28.0,30.0,144.0,225.0,0.301994301994302,0.698005698005698,401,1
2019,노원구,1111078,중계2·3동,8.0,30.0,9.0,26.0,73.0,0.08547008547008547,0.9145299145299145,152,4
2019,노원구,1111079,공릉1동,36.0,59.0,23.0,55.0,173.0,0.22792022792022792,0.7720797720797721,376,1
2019,은평구,1112051,녹번동,28.0,37.0,12.0,21.0,98.0,0.12108262108262108,0.878917378917379,238,3
2019,은평구,1112052,불광1동,25.0,39.0,15.0,63.0,142.0,0.18376068376068377,0.8162393162393162,344,1
2019,은평구,1112055,갈현1동,21.0,48.0,12.0,37.0,118.0,0.14957264957264957,0.8504273504273504,302,2
2019,은평구,1112056,갈현2동,27.0,47.0,16.0,27.0,117.0,0.14814814814814814,0.8518518518518519,298,2
2019,은평구,1112057,구산동,20.0,29.0,9.0,26.0,84.0,0.10113960113960115,0.8988603988603988,194,3
2019,은평구,1112058,대조동,36.0,79.0,23.0,90.0,228.0,0.30626780626780625,0.6937321937321937,402,1
2019,은평구,1112059,응암1동,26.0,24.0,16.0,61.0,127.0,0.1623931623931624,0.8376068376068376,318,2
2019,은평구,1112060,응암2동,10.0,17.0,9.0,16.0,52.0,0.05555555555555555,0.9444444444444444,82,5
2019,은평구,1112065,신사1동,17.0,34.0,9.0,32.0,92.0,0.11253561253561253,0.8874643874643875,223,3
2019,은평구,1112066,신사2동,9.0,31.0,7.0,13.0,60.0,0.06695156695156695,0.933048433048433,108,4
2019,은평구,1112067,증산동,12.0,30.0,8.0,19.0,69.0,0.07977207977207977,0.9202279202279202,137,4
2019,은평구,1112068,수색동,2.0,17.0,6.0,6.0,31.0,0.02564102564102564,0.9743589743589743,25,5
2019,은평구,1112071,진관동,20.0,34.0,22.0,38.0,114.0,0.14387464387464388,0.8561253561253561,284,2
2019,은평구,1112072,불광2동,17.0,49.0,9.0,22.0,97.0,0.11965811965811966,0.8803418803418803,235,3
2019,은평구,1112073,응암3동,26.0,64.0,14.0,45.0,149.0,0.19373219373219372,0.8062678062678063,357,1
2019,은평구,1112074,역촌동,35.0,44.0,15.0,41.0,135.0,0.1737891737891738,0.8262108262108262,329,2
2019,서대문구,1113052,천연동,10.0,33.0,8.0,22.0,73.0,0.08547008547008547,0.9145299145299145,152,4
2019,서대문구,1113062,홍제1동,17.0,29.0,9.0,34.0,89.0,0.10826210826210826,0.8917378917378918,212,3
2019,서대문구,1113064,홍제3동,13.0,86.0,14.0,46.0,159.0,0.20797720797720798,0.792022792022792,366,1
2019,서대문구,1113065,홍제2동,6.0,8.0,5.0,12.0,31.0,0.02564102564102564,0.9743589743589743,25,5
2019,서대문구,1113066,홍은1동,9.0,26.0,8.0,13.0,56.0,0.06125356125356125,0.9387464387464387,100,4
2019,서대문구,1113068,홍은2동,23.0,17.0,8.0,13.0,61.0,0.06837606837606838,0.9316239316239316,113,4
2019,서대문구,1113069,남가좌1동,6.0,36.0,9.0,23.0,74.0,0.0868945868945869,0.913105413105413,154,4
2019,서대문구,1113070,남가좌2동,21.0,45.0,12.0,30.0,108.0,0.13532763532763534,0.8646723646723646,264,2
2019,서대문구,1113071,북가좌1동,13.0,7.0,5.0,12.0,37.0,0.03418803418803419,0.9658119658119658,38,5
2019,서대문구,1113072,북가좌2동,27.0,29.0,12.0,31.0,99.0,0.1225071225071225,0.8774928774928775,239,3
2019,서대문구,1113073,충현동,25.0,31.0,6.0,17.0,79.0,0.09401709401709402,0.905982905982906,170,3
2019,서대문구,1113074,북아현동,6.0,22.0,8.0,13.0,49.0,0.05128205128205128,0.9487179487179487,74,5
2019,서대문구,1113075,신촌동,83.0,54.0,26.0,57.0,220.0,0.2948717948717949,0.7051282051282051,400,1
2019,서대문구,1113076,연희동,38.0,50.0,15.0,33.0,136.0,0.1752136752136752,0.8247863247863247,332,2
2019,마포구,1114059,용강동,24.0,18.0,8.0,21.0,71.0,0.08262108262108261,0.9173789173789174,144,4
2019,마포구,1114060,대흥동,35.0,24.0,15.0,61.0,135.0,0.1737891737891738,0.8262108262108262,329,2
2019,마포구,1114061,염리동,9.0,21.0,3.0,8.0,41.0,0.039886039886039885,0.9601139601139601,46,5
2019,마포구,1114063,신수동,15.0,26.0,5.0,17.0,63.0,0.07122507122507123,0.9287749287749287,117,4
2019,마포구,1114066,서교동,121.0,69.0,38.0,155.0,383.0,0.5270655270655271,0.4729344729344729,418,1
2019,마포구,1114068,합정동,27.0,13.0,8.0,21.0,69.0,0.07977207977207977,0.9202279202279202,137,4
2019,마포구,1114069,망원1동,30.0,45.0,11.0,34.0,120.0,0.15242165242165243,0.8475783475783476,306,2
2019,마포구,1114070,망원2동,20.0,30.0,8.0,21.0,79.0,0.09401709401709402,0.905982905982906,170,3
2019,마포구,1114071,연남동,26.0,20.0,2.0,9.0,57.0,0.06267806267806268,0.9373219373219374,103,4
2019,마포구,1114072,성산1동,22.0,17.0,4.0,10.0,53.0,0.05698005698005698,0.9430199430199431,85,5
2019,마포구,1114073,성산2동,35.0,59.0,12.0,30.0,136.0,0.1752136752136752,0.8247863247863247,332,2
2019,마포구,1114074,상암동,52.0,30.0,14.0,52.0,148.0,0.19230769230769232,0.8076923076923077,354,1
2019,마포구,1114075,도화동,21.0,28.0,13.0,55.0,117.0,0.14814814814814814,0.8518518518518519,298,2
2019,마포구,1114076,서강동,35.0,18.0,5.0,18.0,76.0,0.08974358974358974,0.9102564102564102,161,4
2019,마포구,1114077,공덕동,22.0,64.0,18.0,46.0,150.0,0.19515669515669515,0.8048433048433048,359,1
2019,마포구,1114078,아현동,19.0,47.0,16.0,47.0,129.0,0.16524216524216523,0.8347578347578348,322,2
2019,양천구,1115051,목1동,33.0,21.0,17.0,86.0,157.0,0.20512820512820512,0.7948717948717949,363,1
2019,양천구,1115052,목2동,26.0,26.0,12.0,22.0,86.0,0.10398860398860399,0.896011396011396,206,3
2019,양천구,1115053,목3동,14.0,30.0,14.0,51.0,109.0,0.13675213675213677,0.8632478632478633,265,2
2019,양천구,1115054,목4동,17.0,51.0,11.0,34.0,113.0,0.14245014245014245,0.8575498575498576,279,2
2019,양천구,1115057,신월1동,13.0,69.0,14.0,16.0,112.0,0.14102564102564102,0.858974358974359,273,2
2019,양천구,1115058,신월2동,8.0,28.0,4.0,14.0,54.0,0.0584045584045584,0.9415954415954416,90,4
2019,양천구,1115059,신월3동,12.0,36.0,7.0,10.0,65.0,0.07407407407407407,0.9259259259259259,123,4
2019,양천구,1115060,신월4동,13.0,12.0,6.0,13.0,44.0,0.04415954415954416,0.9558404558404558,58,5
2019,양천구,1115061,신월5동,18.0,21.0,5.0,11.0,55.0,0.05982905982905983,0.9401709401709402,95,4
2019,양천구,1115062,신월6동,5.0,13.0,5.0,13.0,36.0,0.03276353276353276,0.9672364672364673,36,5
2019,양천구,1115063,신월7동,11.0,24.0,10.0,21.0,66.0,0.0754985754985755,0.9245014245014245,124,4
2019,양천구,1115064,신정1동,7.0,31.0,8.0,34.0,80.0,0.09544159544159544,0.9045584045584045,178,3
2019,양천구,1115065,신정2동,11.0,32.0,6.0,28.0,77.0,0.09116809116809117,0.9088319088319088,164,4
2019,양천구,1115066,신정3동,21.0,34.0,14.0,43.0,112.0,0.14102564102564102,0.858974358974359,273,2
2019,양천구,1115069,신정6동,8.0,11.0,2.0,4.0,25.0,0.017094017094017096,0.9829059829059829,16,5
2019,양천구,1115070,신정7동,14.0,20.0,9.0,23.0,66.0,0.0754985754985755,0.9245014245014245,124,4
2019,양천구,1115071,목5동,13.0,23.0,10.0,38.0,84.0,0.10113960113960115,0.8988603988603988,194,3
2019,양천구,1115072,신정4동,40.0,65.0,14.0,67.0,186.0,0.24643874643874644,0.7535612535612536,385,1
2019,강서구,1116051,염창동,26.0,32.0,14.0,34.0,106.0,0.13247863247863248,0.8675213675213675,258,2
2019,강서구,1116052,등촌1동,28.0,18.0,13.0,38.0,97.0,0.11965811965811966,0.8803418803418803,235,3
2019,강서구,1116053,등촌2동,11.0,19.0,6.0,14.0,50.0,0.05270655270655271,0.9472934472934473,75,5
2019,강서구,1116054,등촌3동,31.0,42.0,20.0,52.0,145.0,0.18803418803418803,0.811965811965812,349,1
2019,강서구,1116055,화곡본동,26.0,46.0,11.0,28.0,111.0,0.1396011396011396,0.8603988603988604,270,2
2019,강서구,1116057,화곡2동,11.0,23.0,3.0,15.0,52.0,0.05555555555555555,0.9444444444444444,82,5
2019,강서구,1116058,화곡3동,14.0,22.0,6.0,43.0,85.0,0.10256410256410256,0.8974358974358975,201,3
2019,강서구,1116059,화곡4동,15.0,55.0,13.0,32.0,115.0,0.1452991452991453,0.8547008547008547,288,2
2019,강서구,1116061,화곡6동,30.0,29.0,7.0,24.0,90.0,0.10968660968660969,0.8903133903133903,216,3
2019,강서구,1116063,화곡8동,14.0,59.0,8.0,31.0,112.0,0.14102564102564102,0.858974358974359,273,2
2019,강서구,1116064,가양1동,70.0,32.0,18.0,79.0,199.0,0.26495726495726496,0.7350427350427351,391,1
2019,강서구,1116065,가양2동,6.0,5.0,7.0,30.0,48.0,0.04985754985754986,0.9501424501424501,72,5
2019,강서구,1116066,가양3동,8.0,9.0,2.0,8.0,27.0,0.019943019943019943,0.98005698005698,17,5
2019,강서구,1116067,발산1동,38.0,110.0,33.0,66.0,247.0,0.3333333333333333,0.6666666666666667,407,1
2019,강서구,1116069,공항동,35.0,43.0,12.0,26.0,116.0,0.1467236467236467,0.8532763532763533,294,2
2019,강서구,1116070,방화1동,37.0,89.0,17.0,65.0,208.0,0.2777777777777778,0.7222222222222222,395,1
2019,강서구,1116071,방화2동,31.0,42.0,8.0,20.0,101.0,0.12535612535612536,0.8746438746438746,247,3
2019,강서구,1116072,방화3동,17.0,12.0,4.0,11.0,44.0,0.04415954415954416,0.9558404558404558,58,5
2019,강서구,1116073,화곡1동,61.0,50.0,24.0,65.0,200.0,0.26638176638176636,0.7336182336182336,392,1
2019,강서구,1116074,우장산동,21.0,37.0,12.0,52.0,122.0,0.15527065527065528,0.8447293447293447,311,2
2019,구로구,1117051,신도림동,21.0,21.0,8.0,29.0,79.0,0.09401709401709402,0.905982905982906,170,4
2019,구로구,1117052,구로1동,8.0,12.0,3.0,6.0,29.0,0.022792022792022793,0.9772079772079773,21,5
2019,구로구,1117054,구로3동,64.0,45.0,14.0,58.0,181.0,0.23931623931623933,0.7606837606837606,381,1
2019,구로구,1117055,구로4동,17.0,97.0,14.0,45.0,173.0,0.22792022792022792,0.7720797720797721,376,1
2019,구로구,1117056,구로5동,24.0,40.0,10.0,36.0,110.0,0.13817663817663817,0.8618233618233618,267,2
2019,구로구,1117061,고척1동,18.0,36.0,12.0,27.0,93.0,0.11396011396011396,0.886039886039886,226,3
2019,구로구,1117062,고척2동,20.0,49.0,13.0,33.0,115.0,0.1452991452991453,0.8547008547008547,288,2
2019,구로구,1117064,개봉2동,14.0,32.0,8.0,36.0,90.0,0.10968660968660969,0.8903133903133903,216,3
2019,구로구,1117065,개봉3동,9.0,26.0,9.0,19.0,63.0,0.07122507122507123,0.9287749287749287,117,4
2019,구로구,1117067,오류1동,19.0,36.0,9.0,31.0,95.0,0.1168091168091168,0.8831908831908832,232,3
2019,구로구,1117074,항동,6.0,6.0,1.0,0.0,13.0,0.0,1.0,1,5
2019,구로구,1117069,수궁동,21.0,34.0,4.0,11.0,70.0,0.0811965811965812,0.9188034188034188,142,4
2019,구로구,1117070,가리봉동,13.0,67.0,7.0,9.0,96.0,0.11823361823361823,0.8817663817663818,233,3
2019,구로구,1117071,구로2동,28.0,104.0,33.0,45.0,210.0,0.28062678062678065,0.7193732193732194,396,1
2019,구로구,1117072,개봉1동,17.0,55.0,10.0,31.0,113.0,0.14245014245014245,0.8575498575498576,279,2
2019,금천구,1118051,가산동,110.0,63.0,22.0,61.0,256.0,0.34615384615384615,0.6538461538461539,410,1
2019,금천구,1118052,독산1동,38.0,73.0,16.0,39.0,166.0,0.21794871794871795,0.782051282051282,371,1
2019,금천구,1118053,독산2동,13.0,42.0,9.0,20.0,84.0,0.10113960113960115,0.8988603988603988,194,3
2019,금천구,1118054,독산3동,20.0,85.0,17.0,35.0,157.0,0.20512820512820512,0.7948717948717949,363,1
2019,금천구,1118055,독산4동,15.0,30.0,3.0,7.0,55.0,0.05982905982905983,0.9401709401709402,95,4
2019,금천구,1118057,시흥1동,33.0,110.0,24.0,73.0,240.0,0.32336182336182334,0.6766381766381766,405,1
2019,금천구,1118058,시흥2동,2.0,7.0,4.0,7.0,20.0,0.009971509971509971,0.99002849002849,7,5
2019,금천구,1118059,시흥3동,9.0,12.0,6.0,4.0,31.0,0.02564102564102564,0.9743589743589743,25,5
2019,금천구,1118060,시흥4동,12.0,34.0,7.0,17.0,70.0,0.0811965811965812,0.9188034188034188,142,4
2019,금천구,1118061,시흥5동,14.0,57.0,13.0,19.0,103.0,0.1282051282051282,0.8717948717948718,256,2
2019,영등포구,1119054,여의동,86.0,85.0,44.0,131.0,346.0,0.47435897435897434,0.5256410256410257,417,1
2019,영등포구,1119055,당산1동,34.0,48.0,10.0,35.0,127.0,0.1623931623931624,0.8376068376068376,318,2
2019,영등포구,1119056,당산2동,39.0,35.0,13.0,70.0,157.0,0.20512820512820512,0.7948717948717949,363,1
2019,영등포구,1119061,양평1동,23.0,26.0,7.0,16.0,72.0,0.08404558404558404,0.915954415954416,149,4
2019,영등포구,1119062,양평2동,32.0,29.0,7.0,19.0,87.0,0.10541310541310542,0.8945868945868946,209,3
2019,영등포구,1119063,신길1동,17.0,37.0,12.0,18.0,84.0,0.10113960113960115,0.8988603988603988,194,3
2019,영등포구,1119065,신길3동,10.0,46.0,15.0,35.0,106.0,0.13247863247863248,0.8675213675213675,258,2
2019,영등포구,1119066,신길4동,5.0,17.0,0.0,5.0,27.0,0.019943019943019943,0.98005698005698,17,5
2019,영등포구,1119067,신길5동,6.0,21.0,0.0,4.0,31.0,0.02564102564102564,0.9743589743589743,25,5
2019,영등포구,1119068,신길6동,15.0,35.0,15.0,38.0,103.0,0.1282051282051282,0.8717948717948718,256,2
2019,영등포구,1119069,신길7동,10.0,17.0,5.0,11.0,43.0,0.042735042735042736,0.9572649572649573,53,5
2019,영등포구,1119070,대림1동,15.0,50.0,15.0,22.0,102.0,0.1267806267806268,0.8732193732193732,251,3
2019,영등포구,1119071,대림2동,15.0,61.0,12.0,24.0,112.0,0.14102564102564102,0.858974358974359,273,2
2019,영등포구,1119072,대림3동,26.0,57.0,10.0,29.0,122.0,0.15527065527065528,0.8447293447293447,311,2
2019,영등포구,1119073,영등포본동,17.0,56.0,9.0,19.0,101.0,0.12535612535612536,0.8746438746438746,247,3
2019,영등포구,1119074,영등포동,67.0,129.0,33.0,104.0,333.0,0.45584045584045585,0.5441595441595442,415,1
2019,영등포구,1119075,도림동,13.0,36.0,6.0,16.0,71.0,0.08262108262108261,0.9173789173789174,144,4
2019,영등포구,1119076,문래동,42.0,60.0,17.0,48.0,167.0,0.21937321937321938,0.7806267806267806,372,1
2019,동작구,1120052,노량진2동,19.0,372.0,13.0,14.0,418.0,0.5769230769230769,0.42307692307692313,421,1
2019,동작구,1120053,상도1동,45.0,30.0,16.0,43.0,134.0,0.17236467236467237,0.8276353276353277,326,2
2019,동작구,1120054,상도2동,18.0,29.0,16.0,48.0,111.0,0.1396011396011396,0.8603988603988604,270,2
2019,동작구,1120055,상도3동,13.0,27.0,11.0,33.0,84.0,0.10113960113960115,0.8988603988603988,194,3
2019,동작구,1120056,상도4동,15.0,31.0,12.0,27.0,85.0,0.10256410256410256,0.8974358974358975,201,3
2019,동작구,1120063,사당1동,33.0,32.0,12.0,59.0,136.0,0.1752136752136752,0.8247863247863247,332,2
2019,동작구,1120065,사당3동,12.0,20.0,6.0,13.0,51.0,0.05413105413105413,0.9458689458689459,79,5
2019,동작구,1120066,사당4동,7.0,28.0,6.0,31.0,72.0,0.08404558404558404,0.915954415954416,149,4
2019,동작구,1120067,사당5동,5.0,7.0,3.0,6.0,21.0,0.011396011396011397,0.9886039886039886,9,5
2019,동작구,1120068,대방동,31.0,32.0,12.0,46.0,121.0,0.15384615384615385,0.8461538461538461,309,2
2019,동작구,1120069,신대방1동,8.0,42.0,8.0,26.0,84.0,0.10113960113960115,0.8988603988603988,194,3
2019,동작구,1120070,신대방2동,24.0,11.0,9.0,17.0,61.0,0.06837606837606838,0.9316239316239316,113,4
2019,동작구,1120071,흑석동,22.0,43.0,18.0,30.0,113.0,0.14245014245014245,0.8575498575498576,279,2
2019,동작구,1120072,노량진1동,40.0,134.0,10.0,22.0,206.0,0.27492877492877493,0.725071225071225,394,1
2019,동작구,1120073,사당2동,22.0,46.0,15.0,55.0,138.0,0.17806267806267806,0.8219373219373219,337,2
2019,관악구,1121052,보라매동,15.0,34.0,8.0,23.0,80.0,0.09544159544159544,0.9045584045584045,178,3
2019,관악구,1121054,청림동,6.0,12.0,4.0,7.0,29.0,0.022792022792022793,0.9772079772079773,21,5
2019,관악구,1121057,행운동,29.0,43.0,13.0,47.0,132.0,0.16951566951566951,0.8304843304843305,325,2
2019,관악구,1121058,낙성대동,23.0,16.0,11.0,32.0,82.0,0.09829059829059829,0.9017094017094017,187,3
2019,관악구,1121061,중앙동,17.0,14.0,12.0,49.0,92.0,0.11253561253561253,0.8874643874643875,223,3
2019,관악구,1121062,인헌동,23.0,38.0,14.0,38.0,113.0,0.14245014245014245,0.8575498575498576,279,2
2019,관악구,1121063,남현동,21.0,14.0,6.0,26.0,67.0,0.07692307692307693,0.9230769230769231,133,4
2019,관악구,1121064,서원동,23.0,23.0,6.0,26.0,78.0,0.09259259259259259,0.9074074074074074,166,4
2019,관악구,1121065,신원동,11.0,56.0,7.0,16.0,90.0,0.10968660968660969,0.8903133903133903,216,3
2019,관악구,1121066,서림동,20.0,22.0,5.0,13.0,60.0,0.06695156695156695,0.933048433048433,108,4
2019,관악구,1121068,신사동,24.0,53.0,12.0,26.0,115.0,0.1452991452991453,0.8547008547008547,288,2
2019,관악구,1121069,신림동,39.0,32.0,18.0,51.0,140.0,0.18091168091168092,0.8190883190883191,342,1
2019,관악구,1121071,난향동,4.0,19.0,5.0,9.0,37.0,0.03418803418803419,0.9658119658119658,38,5
2019,관악구,1121072,조원동,20.0,61.0,10.0,27.0,118.0,0.14957264957264957,0.8504273504273504,302,2
2019,관악구,1121073,대학동,39.0,28.0,12.0,22.0,101.0,0.12535612535612536,0.8746438746438746,247,3
2019,관악구,1121078,은천동,21.0,44.0,8.0,26.0,99.0,0.1225071225071225,0.8774928774928775,239,3
2019,관악구,1121079,성현동,9.0,11.0,3.0,19.0,42.0,0.04131054131054131,0.9586894586894587,48,5
2019,관악구,1121080,청룡동,40.0,44.0,24.0,52.0,160.0,0.2094017094017094,0.7905982905982906,367,1
2019,관악구,1121081,난곡동,12.0,31.0,13.0,31.0,87.0,0.10541310541310542,0.8945868945868946,209,3
2019,관악구,1121082,삼성동,7.0,61.0,8.0,10.0,86.0,0.10398860398860399,0.896011396011396,206,3
2019,관악구,1121083,미성동,20.0,47.0,13.0,32.0,112.0,0.14102564102564102,0.858974358974359,273,2
2019,서초구,1122051,서초1동,37.0,28.0,13.0,70.0,148.0,0.19230769230769232,0.8076923076923077,354,1
2019,서초구,1122052,서초2동,37.0,39.0,20.0,92.0,188.0,0.2492877492877493,0.7507122507122507,386,1
2019,서초구,1122053,서초3동,71.0,48.0,24.0,93.0,236.0,0.3176638176638177,0.6823361823361823,404,1
2019,서초구,1122054,서초4동,37.0,26.0,30.0,234.0,327.0,0.4472934472934473,0.5527065527065527,414,1
2019,서초구,1122055,잠원동,30.0,30.0,11.0,76.0,147.0,0.1908831908831909,0.809116809116809,353,1
2019,서초구,1122056,반포본동,7.0,15.0,3.0,3.0,28.0,0.021367521367521368,0.9786324786324786,19,5
2019,서초구,1122057,반포1동,28.0,32.0,21.0,91.0,172.0,0.2264957264957265,0.7735042735042735,375,1
2019,서초구,1122058,반포2동,4.0,14.0,6.0,20.0,44.0,0.04415954415954416,0.9558404558404558,58,5
2019,서초구,1122059,반포3동,9.0,14.0,9.0,58.0,90.0,0.10968660968660969,0.8903133903133903,216,3
2019,서초구,1122060,반포4동,35.0,32.0,16.0,45.0,128.0,0.16381766381766383,0.8361823361823362,320,2
2019,서초구,1122061,방배본동,22.0,20.0,12.0,31.0,85.0,0.10256410256410256,0.8974358974358975,201,3
2019,서초구,1122062,방배1동,18.0,27.0,11.0,50.0,106.0,0.13247863247863248,0.8675213675213675,258,2
2019,서초구,1122063,방배2동,20.0,18.0,3.0,25.0,66.0,0.0754985754985755,0.9245014245014245,124,4
2019,서초구,1122064,방배3동,17.0,23.0,9.0,11.0,60.0,0.06695156695156695,0.933048433048433,108,4
2019,서초구,1122065,방배4동,17.0,24.0,11.0,70.0,122.0,0.15527065527065528,0.8447293447293447,311,2
2019,서초구,1122066,양재1동,40.0,31.0,16.0,63.0,150.0,0.19515669515669515,0.8048433048433048,359,1
2019,서초구,1122067,양재2동,47.0,51.0,12.0,29.0,139.0,0.1794871794871795,0.8205128205128205,341,1
2019,서초구,1122068,내곡동,12.0,20.0,3.0,15.0,50.0,0.05270655270655271,0.9472934472934473,75,5
2019,강남구,1123051,신사동,45.0,31.0,43.0,348.0,467.0,0.6467236467236467,0.3532763532763533,423,1
2019,강남구,1123052,논현1동,74.0,53.0,42.0,241.0,410.0,0.5655270655270656,0.43447293447293445,419,1
2019,강남구,1123053,논현2동,68.0,30.0,28.0,152.0,278.0,0.37749287749287747,0.6225071225071226,412,1
2019,강남구,1123058,삼성1동,56.0,36.0,15.0,76.0,183.0,0.24216524216524216,0.7578347578347578,383,1
2019,강남구,1123059,삼성2동,50.0,40.0,14.0,78.0,182.0,0.24074074074074073,0.7592592592592593,382,1
2019,강남구,1123060,대치1동,19.0,25.0,16.0,82.0,142.0,0.18376068376068377,0.8162393162393162,344,1
2019,강남구,1123063,대치4동,52.0,35.0,19.0,82.0,188.0,0.2492877492877493,0.7507122507122507,386,1
2019,강남구,1123064,역삼1동,176.0,77.0,65.0,397.0,715.0,1.0,0.0,425,1
2019,강남구,1123065,역삼2동,51.0,45.0,25.0,97.0,218.0,0.292022792022792,0.707977207977208,399,1
2019,강남구,1123066,도곡1동,23.0,18.0,17.0,55.0,113.0,0.14245014245014245,0.8575498575498576,279,2
2019,강남구,1123067,도곡2동,22.0,14.0,6.0,27.0,69.0,0.07977207977207977,0.9202279202279202,137,4
2019,강남구,1123068,개포1동,1.0,9.0,1.0,5.0,16.0,0.004273504273504274,0.9957264957264957,3,5
2019,강남구,1123071,개포4동,26.0,25.0,9.0,30.0,90.0,0.10968660968660969,0.8903133903133903,216,3
2019,강남구,1123072,일원본동,11.0,20.0,12.0,16.0,59.0,0.06552706552706553,0.9344729344729344,105,4
2019,강남구,1123073,일원1동,12.0,22.0,11.0,26.0,71.0,0.08262108262108261,0.9173789173789174,144,4
2019,강남구,1123074,일원2동,6.0,10.0,6.0,23.0,45.0,0.045584045584045586,0.9544159544159544,64,5
2019,강남구,1123075,수서동,17.0,8.0,10.0,31.0,66.0,0.0754985754985755,0.9245014245014245,124,4
2019,강남구,1123076,세곡동,19.0,30.0,7.0,27.0,83.0,0.09971509971509972,0.9002849002849003,190,3
2019,강남구,1123077,압구정동,46.0,42.0,33.0,290.0,411.0,0.5669515669515669,0.4330484330484331,420,1
2019,강남구,1123078,청담동,55.0,41.0,23.0,216.0,335.0,0.4586894586894587,0.5413105413105412,416,1
2019,강남구,1123079,대치2동,46.0,45.0,18.0,66.0,175.0,0.23076923076923078,0.7692307692307692,378,1
2019,강남구,1123080,개포2동,14.0,30.0,6.0,28.0,78.0,0.09259259259259259,0.9074074074074074,166,4
2019,송파구,1124051,풍납1동,8.0,22.0,6.0,15.0,51.0,0.05413105413105413,0.9458689458689459,79,5
2019,송파구,1124052,풍납2동,12.0,24.0,26.0,25.0,87.0,0.10541310541310542,0.8945868945868946,209,3
2019,송파구,1124053,거여1동,13.0,17.0,3.0,10.0,43.0,0.042735042735042736,0.9572649572649573,53,5
2019,송파구,1124054,거여2동,8.0,16.0,13.0,37.0,74.0,0.0868945868945869,0.913105413105413,154,4
2019,송파구,1124055,마천1동,13.0,29.0,8.0,16.0,66.0,0.0754985754985755,0.9245014245014245,124,4
2019,송파구,1124056,마천2동,9.0,63.0,13.0,32.0,117.0,0.14814814814814814,0.8518518518518519,298,2
2019,송파구,1124057,방이1동,18.0,11.0,10.0,29.0,68.0,0.07834757834757834,0.9216524216524217,135,4
2019,송파구,1124058,방이2동,35.0,42.0,19.0,57.0,153.0,0.19943019943019943,0.8005698005698005,361,1
2019,송파구,1124059,오륜동,10.0,17.0,6.0,13.0,46.0,0.04700854700854701,0.9529914529914529,66,5
2019,송파구,1124060,오금동,29.0,45.0,11.0,29.0,114.0,0.14387464387464388,0.8561253561253561,284,2
2019,송파구,1124061,송파1동,27.0,27.0,12.0,35.0,101.0,0.12535612535612536,0.8746438746438746,247,3
2019,송파구,1124062,송파2동,10.0,23.0,10.0,32.0,75.0,0.08831908831908832,0.9116809116809117,157,4
2019,송파구,1124063,석촌동,44.0,66.0,24.0,78.0,212.0,0.28347578347578345,0.7165242165242165,398,1
2019,송파구,1124064,삼전동,34.0,31.0,15.0,43.0,123.0,0.15669515669515668,0.8433048433048433,314,2
2019,송파구,1124065,가락본동,39.0,38.0,19.0,50.0,146.0,0.18945868945868946,0.8105413105413105,351,1
2019,송파구,1124066,가락1동,9.0,58.0,9.0,18.0,94.0,0.11538461538461539,0.8846153846153846,230,3
2019,송파구,1124067,가락2동,15.0,44.0,17.0,55.0,131.0,0.16809116809116809,0.8319088319088319,323,2
2019,송파구,1124068,문정1동,12.0,19.0,5.0,16.0,52.0,0.05555555555555555,0.9444444444444444,82,5
2019,송파구,1124069,문정2동,53.0,57.0,16.0,63.0,189.0,0.25071225071225073,0.7492877492877492,388,1
2019,송파구,1124071,잠실본동,52.0,60.0,24.0,104.0,240.0,0.32336182336182334,0.6766381766381766,405,1
2019,송파구,1124075,잠실4동,3.0,11.0,8.0,9.0,31.0,0.02564102564102564,0.9743589743589743,25,5
2019,송파구,1124077,잠실6동,28.0,27.0,20.0,59.0,134.0,0.17236467236467237,0.8276353276353277,326,2
2019,송파구,1124078,잠실7동,2.0,13.0,3.0,5.0,23.0,0.014245014245014245,0.9857549857549858,11,5
2019,송파구,1124079,잠실2동,16.0,25.0,15.0,46.0,102.0,0.1267806267806268,0.8732193732193732,251,3
2019,송파구,1124080,잠실3동,15.0,26.0,12.0,30.0,83.0,0.09971509971509972,0.9002849002849003,190,3
2019,송파구,1124081,장지동,23.0,36.0,10.0,31.0,100.0,0.12393162393162394,0.8760683760683761,244,3
2019,송파구,1124082,위례동,10.0,11.0,5.0,12.0,38.0,0.03561253561253561,0.9643874643874644,42,5
2019,강동구,1125051,강일동,14.0,13.0,6.0,11.0,44.0,0.04415954415954416,0.9558404558404558,58,5
2019,강동구,1125052,상일동,16.0,23.0,5.0,18.0,62.0,0.0698005698005698,0.9301994301994302,115,4
2019,강동구,1125053,명일1동,19.0,47.0,16.0,71.0,153.0,0.19943019943019943,0.8005698005698005,361,1
2019,강동구,1125054,명일2동,15.0,22.0,14.0,38.0,89.0,0.10826210826210826,0.8917378917378918,212,3
2019,강동구,1125055,고덕1동,8.0,18.0,2.0,10.0,38.0,0.03561253561253561,0.9643874643874644,42,5
2019,강동구,1125056,고덕2동,7.0,20.0,9.0,24.0,60.0,0.06695156695156695,0.933048433048433,108,4
2019,강동구,1125058,암사2동,7.0,19.0,7.0,27.0,60.0,0.06695156695156695,0.933048433048433,108,4
2019,강동구,1125059,암사3동,4.0,18.0,5.0,10.0,37.0,0.03418803418803419,0.9658119658119658,38,5
2019,강동구,1125061,천호1동,24.0,46.0,15.0,31.0,116.0,0.1467236467236467,0.8532763532763533,294,2
2019,강동구,1125063,천호3동,25.0,39.0,14.0,36.0,114.0,0.14387464387464388,0.8561253561253561,284,2
2019,강동구,1125065,성내1동,21.0,19.0,10.0,26.0,76.0,0.08974358974358974,0.9102564102564102,161,4
2019,강동구,1125066,성내2동,19.0,49.0,11.0,39.0,118.0,0.14957264957264957,0.8504273504273504,302,2
2019,강동구,1125067,성내3동,24.0,47.0,16.0,80.0,167.0,0.21937321937321938,0.7806267806267806,372,1
2019,강동구,1125070,둔촌1동,24.0,8.0,0.0,1.0,33.0,0.02849002849002849,0.9715099715099715,32,5
2019,강동구,1125071,둔촌2동,19.0,27.0,16.0,20.0,82.0,0.09829059829059829,0.9017094017094017,187,3
2019,강동구,1125072,암사1동,24.0,62.0,8.0,26.0,120.0,0.15242165242165243,0.8475783475783476,306,2
2019,강동구,1125073,천호2동,45.0,70.0,26.0,91.0,232.0,0.31196581196581197,0.688034188034188,403,1
2019,강동구,1125074,길동,55.0,84.0,31.0,92.0,262.0,0.3547008547008547,0.6452991452991452,411,1
2019,구로구,1117073,오류2동,23.0,41.0,8.0,27.0,99.0,0.1225071225071225,0.8774928774928775,239,3
2020,종로구,1101053,사직동,27.0,47.0,12.0,65.0,151.0,0.1889655172413793,0.8110344827586207,348,1
2020,종로구,1101054,삼청동,9.0,20.0,1.0,7.0,37.0,0.031724137931034485,0.9682758620689655,37,5
2020,종로구,1101055,부암동,11.0,9.0,2.0,5.0,27.0,0.01793103448275862,0.9820689655172414,14,5
2020,종로구,1101056,평창동,13.0,22.0,5.0,13.0,53.0,0.05379310344827586,0.9462068965517242,77,5
2020,종로구,1101057,무악동,7.0,5.0,5.0,5.0,22.0,0.011034482758620689,0.9889655172413793,7,5
2020,종로구,1101058,교남동,12.0,8.0,10.0,13.0,43.0,0.04,0.96,44,5
2020,종로구,1101060,가회동,8.0,18.0,1.0,9.0,36.0,0.030344827586206897,0.9696551724137931,33,5
2020,종로구,1101061,종로1·2·3·4가동,106.0,179.0,54.0,118.0,457.0,0.6110344827586207,0.3889655172413793,421,1
2020,종로구,1101063,종로5·6가동,23.0,55.0,29.0,69.0,176.0,0.22344827586206897,0.776551724137931,373,1
2020,종로구,1101064,이화동,21.0,13.0,8.0,20.0,62.0,0.06620689655172414,0.9337931034482758,104,4
2020,종로구,1101067,창신1동,8.0,42.0,10.0,36.0,96.0,0.11310344827586206,0.886896551724138,223,3
2020,종로구,1101068,창신2동,3.0,30.0,5.0,10.0,48.0,0.04689655172413793,0.953103448275862,61,5
2020,종로구,1101069,창신3동,4.0,8.0,1.0,1.0,14.0,0.0,1.0,1,5
2020,종로구,1101070,숭인1동,8.0,6.0,2.0,10.0,26.0,0.016551724137931035,0.983448275862069,12,5
2020,종로구,1101071,숭인2동,25.0,33.0,3.0,13.0,74.0,0.08275862068965517,0.9172413793103449,143,4
2020,종로구,1101072,청운효자동,8.0,35.0,4.0,8.0,55.0,0.05655172413793103,0.9434482758620689,84,4
2020,종로구,1101073,혜화동,35.0,29.0,16.0,26.0,106.0,0.12689655172413794,0.8731034482758621,249,3
2020,중구,1102052,소공동,47.0,45.0,16.0,59.0,167.0,0.2110344827586207,0.7889655172413793,364,1
2020,중구,1102054,회현동,39.0,137.0,17.0,63.0,256.0,0.33379310344827584,0.6662068965517242,406,1
2020,중구,1102055,명동,80.0,75.0,37.0,129.0,321.0,0.42344827586206896,0.576551724137931,413,1
2020,중구,1102057,필동,33.0,20.0,6.0,18.0,77.0,0.08689655172413793,0.9131034482758621,152,4
2020,중구,1102058,장충동,14.0,8.0,1.0,5.0,28.0,0.019310344827586208,0.9806896551724138,16,5
2020,중구,1102059,광희동,40.0,112.0,16.0,29.0,197.0,0.2524137931034483,0.7475862068965518,388,1
2020,중구,1102060,을지로동,32.0,65.0,16.0,45.0,158.0,0.1986206896551724,0.8013793103448276,357,1
2020,중구,1102065,신당5동,7.0,18.0,5.0,20.0,50.0,0.0496551724137931,0.9503448275862069,69,5
2020,중구,1102067,황학동,11.0,102.0,9.0,18.0,140.0,0.17379310344827587,0.8262068965517242,329,2
2020,중구,1102068,중림동,11.0,22.0,5.0,13.0,51.0,0.05103448275862069,0.9489655172413793,74,5
2020,중구,1102069,신당동,29.0,68.0,10.0,21.0,128.0,0.15724137931034482,0.8427586206896551,304,2
2020,중구,1102070,다산동,18.0,24.0,8.0,30.0,80.0,0.0910344827586207,0.9089655172413793,158,4
2020,중구,1102071,약수동,10.0,26.0,11.0,32.0,79.0,0.0896551724137931,0.9103448275862069,155,4
2020,중구,1102072,청구동,6.0,16.0,2.0,9.0,33.0,0.02620689655172414,0.9737931034482759,26,5
2020,중구,1102073,동화동,9.0,15.0,5.0,14.0,43.0,0.04,0.96,44,5
2020,용산구,1103051,후암동,18.0,32.0,8.0,16.0,74.0,0.08275862068965517,0.9172413793103449,143,4
2020,용산구,1103052,용산2가동,17.0,17.0,4.0,7.0,45.0,0.04275862068965517,0.9572413793103448,50,5
2020,용산구,1103053,남영동,31.0,24.0,12.0,39.0,106.0,0.12689655172413794,0.8731034482758621,249,3
2020,용산구,1103057,원효로2동,10.0,26.0,4.0,6.0,46.0,0.044137931034482755,0.9558620689655173,55,5
2020,용산구,1103058,효창동,8.0,11.0,5.0,12.0,36.0,0.030344827586206897,0.9696551724137931,33,5
2020,용산구,1103059,용문동,6.0,47.0,3.0,11.0,67.0,0.07310344827586207,0.9268965517241379,118,4
2020,용산구,1103063,이촌1동,8.0,28.0,8.0,29.0,73.0,0.08137931034482758,0.9186206896551724,140,4
2020,용산구,1103064,이촌2동,6.0,10.0,1.0,3.0,20.0,0.008275862068965517,0.9917241379310345,4,5
2020,용산구,1103065,이태원1동,23.0,21.0,3.0,8.0,55.0,0.05655172413793103,0.9434482758620689,84,4
2020,용산구,1103066,이태원2동,12.0,16.0,3.0,13.0,44.0,0.041379310344827586,0.9586206896551724,48,5
2020,용산구,1103069,서빙고동,8.0,13.0,1.0,1.0,23.0,0.012413793103448275,0.9875862068965517,8,5
2020,용산구,1103070,보광동,10.0,45.0,9.0,17.0,81.0,0.09241379310344827,0.9075862068965517,161,4
2020,용산구,1103071,청파동,27.0,37.0,9.0,17.0,90.0,0.10482758620689656,0.8951724137931034,207,3
2020,용산구,1103072,원효로1동,16.0,18.0,6.0,13.0,53.0,0.05379310344827586,0.9462068965517242,77,5
2020,용산구,1103073,한강로동,41.0,55.0,27.0,45.0,168.0,0.21241379310344827,0.7875862068965518,367,1
2020,용산구,1103074,한남동,28.0,44.0,14.0,25.0,111.0,0.13379310344827586,0.8662068965517241,257,2
2020,성동구,1104052,왕십리2동,10.0,17.0,5.0,13.0,45.0,0.04275862068965517,0.9572413793103448,50,5
2020,성동구,1104054,마장동,16.0,84.0,7.0,16.0,123.0,0.1503448275862069,0.8496551724137931,288,2
2020,성동구,1104055,사근동,37.0,20.0,9.0,6.0,72.0,0.08,0.92,135,4
2020,성동구,1104056,행당1동,16.0,29.0,12.0,39.0,96.0,0.11310344827586206,0.886896551724138,223,3
2020,성동구,1104057,행당2동,6.0,14.0,3.0,18.0,41.0,0.037241379310344824,0.9627586206896552,42,5
2020,성동구,1104058,응봉동,2.0,9.0,2.0,6.0,19.0,0.006896551724137931,0.993103448275862,3,5
2020,성동구,1104059,금호1가동,6.0,15.0,5.0,14.0,40.0,0.03586206896551724,0.9641379310344828,41,5
2020,성동구,1104062,금호4가동,8.0,12.0,9.0,19.0,48.0,0.04689655172413793,0.953103448275862,61,5
2020,성동구,1104065,성수1가1동,17.0,16.0,5.0,12.0,50.0,0.0496551724137931,0.9503448275862069,69,5
2020,성동구,1104066,성수1가2동,27.0,29.0,4.0,29.0,89.0,0.10344827586206896,0.896551724137931,202,3
2020,성동구,1104067,성수2가1동,21.0,46.0,12.0,22.0,101.0,0.12,0.88,236,3
2020,성동구,1104068,성수2가3동,54.0,33.0,13.0,40.0,140.0,0.17379310344827587,0.8262068965517242,329,2
2020,성동구,1104069,송정동,8.0,17.0,5.0,3.0,33.0,0.02620689655172414,0.9737931034482759,26,5
2020,성동구,1104070,용답동,13.0,43.0,8.0,18.0,82.0,0.09379310344827586,0.9062068965517242,164,4
2020,성동구,1104071,왕십리도선동,16.0,36.0,15.0,54.0,121.0,0.14758620689655172,0.8524137931034483,282,2
2020,성동구,1104072,금호2·3가동,16.0,34.0,12.0,27.0,89.0,0.10344827586206896,0.896551724137931,202,3
2020,성동구,1104073,옥수동,9.0,15.0,6.0,28.0,58.0,0.060689655172413794,0.9393103448275862,94,4
2020,광진구,1105053,화양동,64.0,41.0,17.0,54.0,176.0,0.22344827586206897,0.776551724137931,373,1
2020,광진구,1105054,군자동,24.0,41.0,13.0,34.0,112.0,0.13517241379310344,0.8648275862068966,261,2
2020,광진구,1105055,중곡1동,13.0,64.0,12.0,26.0,115.0,0.1393103448275862,0.8606896551724138,267,2
2020,광진구,1105056,중곡2동,25.0,31.0,14.0,43.0,113.0,0.13655172413793104,0.863448275862069,263,2
2020,광진구,1105057,중곡3동,17.0,25.0,10.0,22.0,74.0,0.08275862068965517,0.9172413793103449,143,4
2020,광진구,1105058,중곡4동,22.0,67.0,8.0,31.0,128.0,0.15724137931034482,0.8427586206896551,304,2
2020,광진구,1105059,능동,19.0,19.0,5.0,19.0,62.0,0.06620689655172414,0.9337931034482758,104,4
2020,광진구,1105060,구의1동,26.0,24.0,9.0,28.0,87.0,0.1006896551724138,0.8993103448275862,191,3
2020,광진구,1105061,구의2동,20.0,36.0,9.0,30.0,95.0,0.11172413793103449,0.8882758620689655,217,3
2020,광진구,1105062,구의3동,25.0,42.0,18.0,50.0,135.0,0.16689655172413792,0.8331034482758621,321,2
2020,광진구,1105063,광장동,20.0,30.0,8.0,25.0,83.0,0.09517241379310344,0.9048275862068965,171,3
2020,광진구,1105064,자양1동,28.0,56.0,15.0,49.0,148.0,0.18482758620689654,0.8151724137931035,343,1
2020,광진구,1105065,자양2동,26.0,25.0,10.0,22.0,83.0,0.09517241379310344,0.9048275862068965,171,3
2020,광진구,1105066,자양3동,25.0,25.0,9.0,28.0,87.0,0.1006896551724138,0.8993103448275862,191,3
2020,광진구,1105067,자양4동,27.0,67.0,15.0,43.0,152.0,0.19034482758620688,0.8096551724137931,349,1
2020,동대문구,1106071,회기동,24.0,22.0,16.0,10.0,72.0,0.08,0.92,135,4
2020,동대문구,1106072,휘경1동,18.0,27.0,12.0,17.0,74.0,0.08275862068965517,0.9172413793103449,143,4
2020,동대문구,1106073,휘경2동,19.0,23.0,5.0,12.0,59.0,0.06206896551724138,0.9379310344827586,98,4
2020,동대문구,1106080,청량리동,15.0,74.0,20.0,43.0,152.0,0.19034482758620688,0.8096551724137931,349,1
2020,동대문구,1106081,용신동,48.0,126.0,27.0,56.0,257.0,0.3351724137931035,0.6648275862068965,408,1
2020,동대문구,1106082,제기동,26.0,435.0,84.0,78.0,623.0,0.84,0.16000000000000003,424,1
2020,동대문구,1106083,전농1동,21.0,54.0,12.0,35.0,122.0,0.1489655172413793,0.8510344827586207,285,2
2020,동대문구,1106084,전농2동,11.0,23.0,9.0,15.0,58.0,0.060689655172413794,0.9393103448275862,94,4
2020,동대문구,1106086,답십리2동,21.0,51.0,16.0,43.0,131.0,0.16137931034482758,0.8386206896551724,314,2
2020,동대문구,1106087,장안1동,51.0,54.0,29.0,52.0,186.0,0.23724137931034484,0.7627586206896552,380,1
2020,동대문구,1106088,장안2동,37.0,87.0,21.0,62.0,207.0,0.26620689655172414,0.7337931034482759,390,1
2020,동대문구,1106089,이문1동,29.0,27.0,14.0,33.0,103.0,0.12275862068965518,0.8772413793103448,243,3
2020,동대문구,1106090,이문2동,13.0,26.0,6.0,15.0,60.0,0.06344827586206897,0.9365517241379311,99,4
2020,동대문구,1106091,답십리1동,21.0,32.0,10.0,38.0,101.0,0.12,0.88,236,3
2020,중랑구,1107052,면목2동,22.0,49.0,10.0,22.0,103.0,0.12275862068965518,0.8772413793103448,243,3
2020,중랑구,1107054,면목4동,15.0,27.0,5.0,10.0,57.0,0.05931034482758621,0.9406896551724138,91,4
2020,중랑구,1107055,면목5동,9.0,15.0,3.0,6.0,33.0,0.02620689655172414,0.9737931034482759,26,5
2020,중랑구,1107057,면목7동,17.0,64.0,11.0,49.0,141.0,0.17517241379310344,0.8248275862068966,332,2
2020,중랑구,1107059,상봉1동,15.0,33.0,8.0,19.0,75.0,0.08413793103448276,0.9158620689655173,148,4
2020,중랑구,1107060,상봉2동,29.0,43.0,12.0,46.0,130.0,0.16,0.84,312,2
2020,중랑구,1107061,중화1동,16.0,27.0,6.0,19.0,68.0,0.07448275862068965,0.9255172413793104,120,4
2020,중랑구,1107062,중화2동,20.0,56.0,12.0,26.0,114.0,0.13793103448275862,0.8620689655172413,265,2
2020,중랑구,1107064,묵1동,20.0,28.0,10.0,27.0,85.0,0.09793103448275862,0.9020689655172414,184,3
2020,중랑구,1107065,묵2동,17.0,31.0,6.0,23.0,77.0,0.08689655172413793,0.9131034482758621,152,4
2020,중랑구,1107068,망우3동,12.0,27.0,4.0,11.0,54.0,0.05517241379310345,0.9448275862068966,81,5
2020,중랑구,1107069,신내1동,17.0,37.0,13.0,32.0,99.0,0.11724137931034483,0.8827586206896552,228,3
2020,중랑구,1107070,신내2동,8.0,20.0,13.0,27.0,68.0,0.07448275862068965,0.9255172413793104,120,4
2020,중랑구,1107071,면목본동,26.0,100.0,18.0,63.0,207.0,0.26620689655172414,0.7337931034482759,390,1
2020,중랑구,1107072,면목3·8동,18.0,56.0,21.0,32.0,127.0,0.15586206896551724,0.8441379310344828,300,2
2020,중랑구,1107073,망우본동,35.0,92.0,28.0,66.0,221.0,0.28551724137931034,0.7144827586206897,394,1
2020,성북구,1108058,돈암1동,5.0,10.0,2.0,8.0,25.0,0.015172413793103448,0.9848275862068966,10,5
2020,성북구,1108059,돈암2동,6.0,11.0,4.0,4.0,25.0,0.015172413793103448,0.9848275862068966,10,5
2020,성북구,1108060,안암동,40.0,21.0,9.0,14.0,84.0,0.09655172413793103,0.903448275862069,179,3
2020,성북구,1108061,보문동,12.0,25.0,7.0,19.0,63.0,0.06758620689655172,0.9324137931034483,106,4
2020,성북구,1108062,정릉1동,16.0,11.0,8.0,15.0,50.0,0.0496551724137931,0.9503448275862069,69,5
2020,성북구,1108063,정릉2동,12.0,24.0,8.0,26.0,70.0,0.07724137931034483,0.9227586206896552,127,4
2020,성북구,1108064,정릉3동,23.0,15.0,2.0,3.0,43.0,0.04,0.96,44,5
2020,성북구,1108065,정릉4동,13.0,34.0,13.0,24.0,84.0,0.09655172413793103,0.903448275862069,179,3
2020,성북구,1108066,길음1동,8.0,37.0,13.0,33.0,91.0,0.10620689655172413,0.8937931034482759,209,3
2020,성북구,1108068,길음2동,7.0,20.0,13.0,26.0,66.0,0.07172413793103448,0.9282758620689655,115,4
2020,성북구,1108071,월곡1동,11.0,37.0,9.0,29.0,86.0,0.0993103448275862,0.9006896551724138,187,3
2020,성북구,1108072,월곡2동,22.0,41.0,12.0,32.0,107.0,0.12827586206896552,0.8717241379310345,251,3
2020,성북구,1108076,장위1동,16.0,31.0,8.0,9.0,64.0,0.06896551724137931,0.9310344827586207,111,4
2020,성북구,1108077,장위2동,5.0,51.0,11.0,15.0,82.0,0.09379310344827586,0.9062068965517242,164,4
2020,성북구,1108078,장위3동,7.0,17.0,4.0,11.0,39.0,0.034482758620689655,0.9655172413793104,38,5
2020,성북구,1108081,성북동,21.0,28.0,6.0,26.0,81.0,0.09241379310344827,0.9075862068965517,161,4
2020,성북구,1108082,삼선동,24.0,70.0,15.0,43.0,152.0,0.19034482758620688,0.8096551724137931,349,1
2020,성북구,1108083,동선동,33.0,30.0,17.0,58.0,138.0,0.17103448275862068,0.8289655172413793,327,2
2020,성북구,1108084,종암동,27.0,58.0,17.0,41.0,143.0,0.17793103448275863,0.8220689655172414,335,2
2020,성북구,1108085,석관동,23.0,62.0,17.0,38.0,140.0,0.17379310344827587,0.8262068965517242,329,2
2020,강북구,1109060,번1동,31.0,38.0,13.0,44.0,126.0,0.15448275862068966,0.8455172413793104,296,2
2020,강북구,1109061,번2동,9.0,10.0,7.0,8.0,34.0,0.027586206896551724,0.9724137931034482,31,5
2020,강북구,1109062,번3동,11.0,18.0,5.0,14.0,48.0,0.04689655172413793,0.953103448275862,61,5
2020,강북구,1109063,수유1동,24.0,95.0,16.0,23.0,158.0,0.1986206896551724,0.8013793103448276,357,1
2020,강북구,1109064,수유2동,20.0,44.0,14.0,19.0,97.0,0.11448275862068966,0.8855172413793103,227,3
2020,강북구,1109065,수유3동,28.0,79.0,16.0,65.0,188.0,0.24,0.76,384,1
2020,강북구,1109069,삼양동,11.0,39.0,14.0,36.0,100.0,0.11862068965517242,0.8813793103448275,234,3
2020,강북구,1109070,미아동,31.0,39.0,14.0,44.0,128.0,0.15724137931034482,0.8427586206896551,304,2
2020,강북구,1109071,송중동,22.0,51.0,18.0,54.0,145.0,0.18068965517241378,0.8193103448275862,339,2
2020,강북구,1109072,송천동,22.0,51.0,18.0,50.0,141.0,0.17517241379310344,0.8248275862068966,332,2
2020,강북구,1109073,삼각산동,10.0,39.0,8.0,29.0,86.0,0.0993103448275862,0.9006896551724138,187,3
2020,강북구,1109074,우이동,18.0,44.0,9.0,13.0,84.0,0.09655172413793103,0.903448275862069,179,3
2020,강북구,1109075,인수동,25.0,61.0,13.0,19.0,118.0,0.14344827586206896,0.856551724137931,270,2
2020,도봉구,1110051,쌍문1동,15.0,36.0,4.0,11.0,66.0,0.07172413793103448,0.9282758620689655,115,4
2020,도봉구,1110052,쌍문2동,17.0,26.0,8.0,29.0,80.0,0.0910344827586207,0.9089655172413793,158,4
2020,도봉구,1110053,쌍문3동,15.0,39.0,13.0,21.0,88.0,0.10206896551724139,0.8979310344827586,198,3
2020,도봉구,1110054,쌍문4동,11.0,11.0,2.0,6.0,30.0,0.022068965517241378,0.9779310344827586,20,5
2020,도봉구,1110055,방학1동,25.0,58.0,13.0,52.0,148.0,0.18482758620689654,0.8151724137931035,343,1
2020,도봉구,1110056,방학2동,15.0,64.0,7.0,13.0,99.0,0.11724137931034483,0.8827586206896552,228,3
2020,도봉구,1110057,방학3동,9.0,14.0,6.0,17.0,46.0,0.044137931034482755,0.9558620689655173,55,5
2020,도봉구,1110059,창1동,16.0,29.0,7.0,31.0,83.0,0.09517241379310344,0.9048275862068965,171,3
2020,도봉구,1110060,창2동,20.0,59.0,9.0,17.0,105.0,0.12551724137931033,0.8744827586206897,247,3
2020,도봉구,1110061,창3동,12.0,32.0,7.0,19.0,70.0,0.07724137931034483,0.9227586206896552,127,4
2020,도봉구,1110062,창4동,18.0,17.0,7.0,27.0,69.0,0.07586206896551724,0.9241379310344827,123,4
2020,도봉구,1110063,창5동,19.0,38.0,13.0,44.0,114.0,0.13793103448275862,0.8620689655172413,265,2
2020,도봉구,1110064,도봉1동,24.0,67.0,9.0,19.0,119.0,0.14482758620689656,0.8551724137931034,275,2
2020,도봉구,1110065,도봉2동,13.0,31.0,6.0,13.0,63.0,0.06758620689655172,0.9324137931034483,106,4
2020,노원구,1111051,월계1동,29.0,34.0,9.0,33.0,105.0,0.12551724137931033,0.8744827586206897,247,3
2020,노원구,1111052,월계2동,14.0,22.0,5.0,10.0,51.0,0.05103448275862069,0.9489655172413793,74,5
2020,노원구,1111053,월계3동,8.0,22.0,8.0,10.0,48.0,0.04689655172413793,0.953103448275862,61,5
2020,노원구,1111056,공릉2동,36.0,40.0,12.0,32.0,120.0,0.14620689655172414,0.8537931034482759,280,2
2020,노원구,1111058,하계1동,15.0,25.0,11.0,15.0,66.0,0.07172413793103448,0.9282758620689655,115,4
2020,노원구,1111059,하계2동,4.0,10.0,4.0,8.0,26.0,0.016551724137931035,0.983448275862069,12,5
2020,노원구,1111060,중계본동,13.0,29.0,8.0,30.0,80.0,0.0910344827586207,0.9089655172413793,158,4
2020,노원구,1111061,중계1동,11.0,29.0,10.0,33.0,83.0,0.09517241379310344,0.9048275862068965,171,3
2020,노원구,1111064,중계4동,12.0,13.0,10.0,19.0,54.0,0.05517241379310345,0.9448275862068966,81,5
2020,노원구,1111065,상계1동,24.0,54.0,12.0,36.0,126.0,0.15448275862068966,0.8455172413793104,296,2
2020,노원구,1111066,상계2동,33.0,54.0,19.0,63.0,169.0,0.21379310344827587,0.7862068965517242,368,1
2020,노원구,1111069,상계5동,18.0,54.0,11.0,19.0,102.0,0.12137931034482759,0.8786206896551724,240,3
2020,노원구,1111072,상계8동,5.0,9.0,7.0,27.0,48.0,0.04689655172413793,0.953103448275862,61,5
2020,노원구,1111073,상계9동,8.0,17.0,8.0,24.0,57.0,0.05931034482758621,0.9406896551724138,91,4
2020,노원구,1111074,상계10동,5.0,7.0,1.0,7.0,20.0,0.008275862068965517,0.9917241379310345,4,5
2020,노원구,1111076,상계3·4동,15.0,43.0,9.0,23.0,90.0,0.10482758620689656,0.8951724137931034,207,3
2020,노원구,1111077,상계6·7동,26.0,31.0,31.0,150.0,238.0,0.30896551724137933,0.6910344827586207,403,1
2020,노원구,1111078,중계2·3동,8.0,31.0,8.0,27.0,74.0,0.08275862068965517,0.9172413793103449,143,4
2020,노원구,1111079,공릉1동,38.0,59.0,22.0,58.0,177.0,0.22482758620689655,0.7751724137931034,376,1
2020,은평구,1112051,녹번동,31.0,42.0,13.0,25.0,111.0,0.13379310344827586,0.8662068965517241,257,2
2020,은평구,1112052,불광1동,25.0,38.0,17.0,68.0,148.0,0.18482758620689654,0.8151724137931035,343,1
2020,은평구,1112055,갈현1동,21.0,48.0,10.0,40.0,119.0,0.14482758620689656,0.8551724137931034,275,2
2020,은평구,1112056,갈현2동,28.0,50.0,16.0,30.0,124.0,0.15172413793103448,0.8482758620689655,290,2
2020,은평구,1112057,구산동,17.0,28.0,9.0,27.0,81.0,0.09241379310344827,0.9075862068965517,161,4
2020,은평구,1112058,대조동,37.0,75.0,24.0,94.0,230.0,0.2979310344827586,0.7020689655172414,399,1
2020,은평구,1112059,응암1동,25.0,30.0,16.0,62.0,133.0,0.16413793103448276,0.8358620689655172,317,2
2020,은평구,1112060,응암2동,10.0,20.0,9.0,16.0,55.0,0.05655172413793103,0.9434482758620689,84,4
2020,은평구,1112065,신사1동,18.0,34.0,9.0,34.0,95.0,0.11172413793103449,0.8882758620689655,217,3
2020,은평구,1112066,신사2동,9.0,31.0,7.0,14.0,61.0,0.06482758620689655,0.9351724137931035,101,4
2020,은평구,1112067,증산동,11.0,32.0,8.0,20.0,71.0,0.07862068965517241,0.9213793103448276,133,4
2020,은평구,1112068,수색동,4.0,18.0,5.0,6.0,33.0,0.02620689655172414,0.9737931034482759,26,5
2020,은평구,1112071,진관동,27.0,38.0,23.0,42.0,130.0,0.16,0.84,312,2
2020,은평구,1112072,불광2동,19.0,51.0,9.0,24.0,103.0,0.12275862068965518,0.8772413793103448,243,3
2020,은평구,1112073,응암3동,27.0,70.0,14.0,46.0,157.0,0.19724137931034483,0.8027586206896552,355,1
2020,은평구,1112074,역촌동,36.0,46.0,16.0,43.0,141.0,0.17517241379310344,0.8248275862068966,332,2
2020,서대문구,1113052,천연동,9.0,40.0,6.0,24.0,79.0,0.0896551724137931,0.9103448275862069,155,4
2020,서대문구,1113062,홍제1동,19.0,23.0,10.0,35.0,87.0,0.1006896551724138,0.8993103448275862,191,3
2020,서대문구,1113064,홍제3동,15.0,96.0,15.0,46.0,172.0,0.21793103448275863,0.7820689655172414,370,1
2020,서대문구,1113065,홍제2동,5.0,13.0,5.0,13.0,36.0,0.030344827586206897,0.9696551724137931,33,5
2020,서대문구,1113066,홍은1동,11.0,26.0,7.0,13.0,57.0,0.05931034482758621,0.9406896551724138,91,4
2020,서대문구,1113068,홍은2동,24.0,21.0,8.0,14.0,67.0,0.07310344827586207,0.9268965517241379,118,4
2020,서대문구,1113069,남가좌1동,4.0,33.0,9.0,24.0,70.0,0.07724137931034483,0.9227586206896552,127,4
2020,서대문구,1113070,남가좌2동,25.0,44.0,12.0,30.0,111.0,0.13379310344827586,0.8662068965517241,257,2
2020,서대문구,1113071,북가좌1동,14.0,8.0,5.0,15.0,42.0,0.038620689655172416,0.9613793103448276,43,5
2020,서대문구,1113072,북가좌2동,27.0,34.0,12.0,30.0,103.0,0.12275862068965518,0.8772413793103448,243,3
2020,서대문구,1113073,충현동,26.0,32.0,6.0,18.0,82.0,0.09379310344827586,0.9062068965517242,164,4
2020,서대문구,1113074,북아현동,7.0,21.0,7.0,14.0,49.0,0.04827586206896552,0.9517241379310345,67,5
2020,서대문구,1113075,신촌동,87.0,51.0,28.0,59.0,225.0,0.2910344827586207,0.7089655172413794,396,1
2020,서대문구,1113076,연희동,41.0,46.0,15.0,35.0,137.0,0.1696551724137931,0.8303448275862069,324,2
2020,마포구,1114059,용강동,26.0,18.0,7.0,25.0,76.0,0.08551724137931034,0.9144827586206896,150,4
2020,마포구,1114060,대흥동,34.0,28.0,17.0,64.0,143.0,0.17793103448275863,0.8220689655172414,335,2
2020,마포구,1114061,염리동,11.0,22.0,3.0,8.0,44.0,0.041379310344827586,0.9586206896551724,48,5
2020,마포구,1114063,신수동,15.0,28.0,5.0,17.0,65.0,0.0703448275862069,0.9296551724137931,114,4
2020,마포구,1114066,서교동,119.0,74.0,36.0,161.0,390.0,0.5186206896551724,0.4813793103448276,418,1
2020,마포구,1114068,합정동,27.0,14.0,8.0,23.0,72.0,0.08,0.92,135,4
2020,마포구,1114069,망원1동,29.0,48.0,10.0,37.0,124.0,0.15172413793103448,0.8482758620689655,290,2
2020,마포구,1114070,망원2동,20.0,33.0,8.0,21.0,82.0,0.09379310344827586,0.9062068965517242,164,4
2020,마포구,1114071,연남동,28.0,19.0,2.0,9.0,58.0,0.060689655172413794,0.9393103448275862,94,4
2020,마포구,1114072,성산1동,23.0,18.0,4.0,10.0,55.0,0.05655172413793103,0.9434482758620689,84,4
2020,마포구,1114073,성산2동,43.0,61.0,12.0,30.0,146.0,0.1820689655172414,0.8179310344827586,341,1
2020,마포구,1114074,상암동,52.0,37.0,14.0,54.0,157.0,0.19724137931034483,0.8027586206896552,355,1
2020,마포구,1114075,도화동,21.0,28.0,14.0,56.0,119.0,0.14482758620689656,0.8551724137931034,275,2
2020,마포구,1114076,서강동,31.0,21.0,6.0,19.0,77.0,0.08689655172413793,0.9131034482758621,152,4
2020,마포구,1114077,공덕동,24.0,67.0,18.0,47.0,156.0,0.19586206896551725,0.8041379310344827,354,1
2020,마포구,1114078,아현동,21.0,49.0,16.0,50.0,136.0,0.16827586206896553,0.8317241379310345,323,2
2020,양천구,1115051,목1동,32.0,23.0,18.0,94.0,167.0,0.2110344827586207,0.7889655172413793,364,1
2020,양천구,1115052,목2동,27.0,31.0,13.0,23.0,94.0,0.1103448275862069,0.8896551724137931,212,3
2020,양천구,1115053,목3동,15.0,37.0,12.0,54.0,118.0,0.14344827586206896,0.856551724137931,270,2
2020,양천구,1115054,목4동,16.0,59.0,10.0,36.0,121.0,0.14758620689655172,0.8524137931034483,282,2
2020,양천구,1115057,신월1동,13.0,84.0,13.0,16.0,126.0,0.15448275862068966,0.8455172413793104,296,2
2020,양천구,1115058,신월2동,8.0,29.0,4.0,14.0,55.0,0.05655172413793103,0.9434482758620689,84,5
2020,양천구,1115059,신월3동,15.0,44.0,7.0,10.0,76.0,0.08551724137931034,0.9144827586206896,150,4
2020,양천구,1115060,신월4동,14.0,16.0,6.0,14.0,50.0,0.0496551724137931,0.9503448275862069,69,5
2020,양천구,1115061,신월5동,20.0,24.0,5.0,11.0,60.0,0.06344827586206897,0.9365517241379311,99,4
2020,양천구,1115062,신월6동,8.0,17.0,5.0,15.0,45.0,0.04275862068965517,0.9572413793103448,50,5
2020,양천구,1115063,신월7동,11.0,27.0,10.0,21.0,69.0,0.07586206896551724,0.9241379310344827,123,4
2020,양천구,1115064,신정1동,9.0,38.0,8.0,34.0,89.0,0.10344827586206896,0.896551724137931,202,3
2020,양천구,1115065,신정2동,10.0,38.0,7.0,30.0,85.0,0.09793103448275862,0.9020689655172414,184,3
2020,양천구,1115066,신정3동,25.0,36.0,15.0,48.0,124.0,0.15172413793103448,0.8482758620689655,290,2
2020,양천구,1115069,신정6동,9.0,11.0,2.0,5.0,27.0,0.01793103448275862,0.9820689655172414,14,5
2020,양천구,1115070,신정7동,13.0,20.0,8.0,28.0,69.0,0.07586206896551724,0.9241379310344827,123,4
2020,양천구,1115071,목5동,13.0,25.0,10.0,39.0,87.0,0.1006896551724138,0.8993103448275862,191,3
2020,양천구,1115072,신정4동,42.0,65.0,15.0,69.0,191.0,0.24413793103448275,0.7558620689655172,385,1
2020,강서구,1116051,염창동,27.0,37.0,14.0,37.0,115.0,0.1393103448275862,0.8606896551724138,267,2
2020,강서구,1116052,등촌1동,33.0,15.0,12.0,40.0,100.0,0.11862068965517242,0.8813793103448275,234,3
2020,강서구,1116053,등촌2동,11.0,21.0,6.0,14.0,52.0,0.05241379310344828,0.9475862068965517,76,5
2020,강서구,1116054,등촌3동,32.0,43.0,19.0,55.0,149.0,0.18620689655172415,0.8137931034482758,347,1
2020,강서구,1116055,화곡본동,27.0,51.0,11.0,29.0,118.0,0.14344827586206896,0.856551724137931,270,2
2020,강서구,1116057,화곡2동,12.0,25.0,3.0,15.0,55.0,0.05655172413793103,0.9434482758620689,84,5
2020,강서구,1116058,화곡3동,14.0,24.0,6.0,44.0,88.0,0.10206896551724139,0.8979310344827586,198,3
2020,강서구,1116059,화곡4동,17.0,63.0,13.0,34.0,127.0,0.15586206896551724,0.8441379310344828,300,2
2020,강서구,1116061,화곡6동,29.0,30.0,8.0,28.0,95.0,0.11172413793103449,0.8882758620689655,217,3
2020,강서구,1116063,화곡8동,14.0,66.0,8.0,32.0,120.0,0.14620689655172414,0.8537931034482759,280,2
2020,강서구,1116064,가양1동,75.0,44.0,24.0,90.0,233.0,0.3020689655172414,0.6979310344827586,401,1
2020,강서구,1116065,가양2동,6.0,6.0,7.0,30.0,49.0,0.04827586206896552,0.9517241379310345,67,5
2020,강서구,1116066,가양3동,8.0,8.0,3.0,9.0,28.0,0.019310344827586208,0.9806896551724138,16,5
2020,강서구,1116067,발산1동,40.0,134.0,33.0,84.0,291.0,0.3820689655172414,0.6179310344827587,411,1
2020,강서구,1116069,공항동,36.0,53.0,13.0,27.0,129.0,0.15862068965517243,0.8413793103448276,308,2
2020,강서구,1116070,방화1동,41.0,98.0,19.0,68.0,226.0,0.2924137931034483,0.7075862068965517,397,1
2020,강서구,1116071,방화2동,32.0,42.0,8.0,20.0,102.0,0.12137931034482759,0.8786206896551724,240,3
2020,강서구,1116072,방화3동,17.0,15.0,4.0,11.0,47.0,0.04551724137931035,0.9544827586206897,59,5
2020,강서구,1116073,화곡1동,59.0,54.0,26.0,71.0,210.0,0.27034482758620687,0.7296551724137932,393,1
2020,강서구,1116074,우장산동,22.0,43.0,12.0,52.0,129.0,0.15862068965517243,0.8413793103448276,308,2
2020,구로구,1117051,신도림동,23.0,21.0,8.0,30.0,82.0,0.09379310344827586,0.9062068965517242,164,4
2020,구로구,1117052,구로1동,9.0,12.0,3.0,6.0,30.0,0.022068965517241378,0.9779310344827586,20,5
2020,구로구,1117054,구로3동,69.0,44.0,15.0,59.0,187.0,0.2386206896551724,0.7613793103448276,382,1
2020,구로구,1117055,구로4동,16.0,105.0,15.0,48.0,184.0,0.23448275862068965,0.7655172413793103,379,1
2020,구로구,1117056,구로5동,25.0,40.0,14.0,39.0,118.0,0.14344827586206896,0.856551724137931,270,2
2020,구로구,1117061,고척1동,18.0,36.0,12.0,28.0,94.0,0.1103448275862069,0.8896551724137931,212,3
2020,구로구,1117062,고척2동,22.0,55.0,11.0,36.0,124.0,0.15172413793103448,0.8482758620689655,290,2
2020,구로구,1117064,개봉2동,13.0,34.0,9.0,39.0,95.0,0.11172413793103449,0.8882758620689655,217,3
2020,구로구,1117065,개봉3동,9.0,26.0,9.0,19.0,63.0,0.06758620689655172,0.9324137931034483,106,4
2020,구로구,1117067,오류1동,19.0,35.0,9.0,32.0,95.0,0.11172413793103449,0.8882758620689655,217,3
2020,구로구,1117074,항동,8.0,13.0,3.0,6.0,30.0,0.022068965517241378,0.9779310344827586,20,5
2020,구로구,1117069,수궁동,20.0,36.0,5.0,11.0,72.0,0.08,0.92,135,4
2020,구로구,1117070,가리봉동,13.0,73.0,7.0,9.0,102.0,0.12137931034482759,0.8786206896551724,240,3
2020,구로구,1117071,구로2동,32.0,117.0,31.0,47.0,227.0,0.29379310344827586,0.7062068965517241,398,1
2020,구로구,1117072,개봉1동,19.0,67.0,12.0,33.0,131.0,0.16137931034482758,0.8386206896551724,314,2
2020,금천구,1118051,가산동,118.0,67.0,24.0,73.0,282.0,0.3696551724137931,0.6303448275862069,410,1
2020,금천구,1118052,독산1동,40.0,74.0,16.0,40.0,170.0,0.21517241379310345,0.7848275862068965,369,1
2020,금천구,1118053,독산2동,12.0,42.0,9.0,20.0,83.0,0.09517241379310344,0.9048275862068965,171,3
2020,금천구,1118054,독산3동,20.0,87.0,16.0,36.0,159.0,0.2,0.8,359,1
2020,금천구,1118055,독산4동,16.0,31.0,3.0,8.0,58.0,0.060689655172413794,0.9393103448275862,94,4
2020,금천구,1118057,시흥1동,36.0,119.0,24.0,77.0,256.0,0.33379310344827584,0.6662068965517242,406,1
2020,금천구,1118058,시흥2동,2.0,7.0,4.0,8.0,21.0,0.009655172413793104,0.9903448275862069,6,5
2020,금천구,1118059,시흥3동,11.0,15.0,6.0,4.0,36.0,0.030344827586206897,0.9696551724137931,33,5
2020,금천구,1118060,시흥4동,12.0,34.0,7.0,17.0,70.0,0.07724137931034483,0.9227586206896552,127,4
2020,금천구,1118061,시흥5동,17.0,58.0,13.0,21.0,109.0,0.1310344827586207,0.8689655172413793,253,3
2020,영등포구,1119054,여의동,92.0,83.0,45.0,141.0,361.0,0.4786206896551724,0.5213793103448277,417,1
2020,영등포구,1119055,당산1동,35.0,52.0,10.0,35.0,132.0,0.16275862068965516,0.8372413793103448,316,2
2020,영등포구,1119056,당산2동,41.0,34.0,14.0,70.0,159.0,0.2,0.8,359,1
2020,영등포구,1119061,양평1동,23.0,29.0,6.0,17.0,75.0,0.08413793103448276,0.9158620689655173,148,4
2020,영등포구,1119062,양평2동,32.0,29.0,7.0,21.0,89.0,0.10344827586206896,0.896551724137931,202,3
2020,영등포구,1119063,신길1동,20.0,42.0,12.0,19.0,93.0,0.10896551724137932,0.8910344827586207,210,3
2020,영등포구,1119065,신길3동,10.0,46.0,14.0,39.0,109.0,0.1310344827586207,0.8689655172413793,253,3
2020,영등포구,1119066,신길4동,6.0,16.0,1.0,6.0,29.0,0.020689655172413793,0.9793103448275862,18,5
2020,영등포구,1119067,신길5동,6.0,19.0,0.0,4.0,29.0,0.020689655172413793,0.9793103448275862,18,5
2020,영등포구,1119068,신길6동,20.0,35.0,16.0,41.0,112.0,0.13517241379310344,0.8648275862068966,261,2
2020,영등포구,1119069,신길7동,12.0,19.0,5.0,11.0,47.0,0.04551724137931035,0.9544827586206897,59,5
2020,영등포구,1119070,대림1동,15.0,54.0,15.0,24.0,108.0,0.1296551724137931,0.8703448275862069,252,3
2020,영등포구,1119071,대림2동,17.0,67.0,16.0,29.0,129.0,0.15862068965517243,0.8413793103448276,308,2
2020,영등포구,1119072,대림3동,28.0,56.0,11.0,34.0,129.0,0.15862068965517243,0.8413793103448276,308,2
2020,영등포구,1119073,영등포본동,20.0,50.0,9.0,20.0,99.0,0.11724137931034483,0.8827586206896552,228,3
2020,영등포구,1119074,영등포동,67.0,132.0,39.0,109.0,347.0,0.4593103448275862,0.5406896551724139,414,1
2020,영등포구,1119075,도림동,13.0,34.0,6.0,17.0,70.0,0.07724137931034483,0.9227586206896552,127,4
2020,영등포구,1119076,문래동,43.0,67.0,17.0,52.0,179.0,0.22758620689655173,0.7724137931034483,377,1
2020,동작구,1120052,노량진2동,15.0,471.0,14.0,14.0,514.0,0.6896551724137931,0.31034482758620685,423,1
2020,동작구,1120053,상도1동,45.0,32.0,15.0,43.0,135.0,0.16689655172413792,0.8331034482758621,321,2
2020,동작구,1120054,상도2동,18.0,32.0,16.0,56.0,122.0,0.1489655172413793,0.8510344827586207,285,2
2020,동작구,1120055,상도3동,13.0,30.0,11.0,33.0,87.0,0.1006896551724138,0.8993103448275862,191,3
2020,동작구,1120056,상도4동,15.0,31.0,12.0,28.0,86.0,0.0993103448275862,0.9006896551724138,187,3
2020,동작구,1120063,사당1동,30.0,35.0,12.0,62.0,139.0,0.1724137931034483,0.8275862068965517,328,2
2020,동작구,1120065,사당3동,12.0,22.0,6.0,14.0,54.0,0.05517241379310345,0.9448275862068966,81,5
2020,동작구,1120066,사당4동,7.0,36.0,6.0,33.0,82.0,0.09379310344827586,0.9062068965517242,164,4
2020,동작구,1120067,사당5동,11.0,10.0,3.0,6.0,30.0,0.022068965517241378,0.9779310344827586,20,5
2020,동작구,1120068,대방동,33.0,39.0,13.0,49.0,134.0,0.16551724137931034,0.8344827586206897,319,2
2020,동작구,1120069,신대방1동,8.0,43.0,8.0,26.0,85.0,0.09793103448275862,0.9020689655172414,184,3
2020,동작구,1120070,신대방2동,25.0,13.0,9.0,17.0,64.0,0.06896551724137931,0.9310344827586207,111,4
2020,동작구,1120071,흑석동,21.0,49.0,21.0,34.0,125.0,0.15310344827586206,0.8468965517241379,294,2
2020,동작구,1120072,노량진1동,41.0,133.0,11.0,23.0,208.0,0.2675862068965517,0.7324137931034482,392,1
2020,동작구,1120073,사당2동,22.0,50.0,15.0,60.0,147.0,0.18344827586206897,0.816551724137931,342,1
2020,관악구,1121052,보라매동,13.0,41.0,7.0,23.0,84.0,0.09655172413793103,0.903448275862069,179,3
2020,관악구,1121054,청림동,6.0,13.0,4.0,8.0,31.0,0.023448275862068966,0.976551724137931,24,5
2020,관악구,1121057,행운동,30.0,49.0,13.0,51.0,143.0,0.17793103448275863,0.8220689655172414,335,2
2020,관악구,1121058,낙성대동,24.0,13.0,11.0,35.0,83.0,0.09517241379310344,0.9048275862068965,171,3
2020,관악구,1121061,중앙동,17.0,14.0,14.0,49.0,94.0,0.1103448275862069,0.8896551724137931,212,3
2020,관악구,1121062,인헌동,23.0,46.0,15.0,39.0,123.0,0.1503448275862069,0.8496551724137931,288,2
2020,관악구,1121063,남현동,22.0,16.0,7.0,26.0,71.0,0.07862068965517241,0.9213793103448276,133,4
2020,관악구,1121064,서원동,29.0,23.0,7.0,29.0,88.0,0.10206896551724139,0.8979310344827586,198,3
2020,관악구,1121065,신원동,11.0,62.0,7.0,16.0,96.0,0.11310344827586206,0.886896551724138,223,3
2020,관악구,1121066,서림동,20.0,22.0,5.0,14.0,61.0,0.06482758620689655,0.9351724137931035,101,4
2020,관악구,1121068,신사동,29.0,53.0,11.0,26.0,119.0,0.14482758620689656,0.8551724137931034,275,2
2020,관악구,1121069,신림동,38.0,35.0,20.0,51.0,144.0,0.1793103448275862,0.8206896551724138,338,2
2020,관악구,1121071,난향동,4.0,25.0,5.0,9.0,43.0,0.04,0.96,44,5
2020,관악구,1121072,조원동,22.0,58.0,10.0,28.0,118.0,0.14344827586206896,0.856551724137931,270,2
2020,관악구,1121073,대학동,35.0,29.0,13.0,22.0,99.0,0.11724137931034483,0.8827586206896552,228,3
2020,관악구,1121078,은천동,18.0,45.0,9.0,27.0,99.0,0.11724137931034483,0.8827586206896552,228,3
2020,관악구,1121079,성현동,8.0,16.0,3.0,18.0,45.0,0.04275862068965517,0.9572413793103448,50,5
2020,관악구,1121080,청룡동,42.0,52.0,25.0,54.0,173.0,0.2193103448275862,0.7806896551724138,371,1
2020,관악구,1121081,난곡동,13.0,37.0,12.0,31.0,93.0,0.10896551724137932,0.8910344827586207,210,3
2020,관악구,1121082,삼성동,7.0,67.0,8.0,12.0,94.0,0.1103448275862069,0.8896551724137931,212,3
2020,관악구,1121083,미성동,21.0,51.0,13.0,36.0,121.0,0.14758620689655172,0.8524137931034483,282,2
2020,서초구,1122051,서초1동,39.0,29.0,13.0,71.0,152.0,0.19034482758620688,0.8096551724137931,349,1
2020,서초구,1122052,서초2동,38.0,44.0,23.0,96.0,201.0,0.2579310344827586,0.7420689655172414,389,1
2020,서초구,1122053,서초3동,73.0,41.0,26.0,96.0,236.0,0.3062068965517241,0.6937931034482758,402,1
2020,서초구,1122054,서초4동,36.0,27.0,31.0,253.0,347.0,0.4593103448275862,0.5406896551724139,414,1
2020,서초구,1122055,잠원동,28.0,31.0,13.0,87.0,159.0,0.2,0.8,359,1
2020,서초구,1122056,반포본동,7.0,18.0,3.0,3.0,31.0,0.023448275862068966,0.976551724137931,24,5
2020,서초구,1122057,반포1동,26.0,33.0,19.0,97.0,175.0,0.22206896551724137,0.7779310344827586,372,1
2020,서초구,1122058,반포2동,4.0,15.0,5.0,21.0,45.0,0.04275862068965517,0.9572413793103448,50,5
2020,서초구,1122059,반포3동,9.0,15.0,10.0,61.0,95.0,0.11172413793103449,0.8882758620689655,217,3
2020,서초구,1122060,반포4동,40.0,34.0,15.0,48.0,137.0,0.1696551724137931,0.8303448275862069,324,2
2020,서초구,1122061,방배본동,20.0,23.0,12.0,31.0,86.0,0.0993103448275862,0.9006896551724138,187,3
2020,서초구,1122062,방배1동,22.0,26.0,11.0,52.0,111.0,0.13379310344827586,0.8662068965517241,257,2
2020,서초구,1122063,방배2동,20.0,20.0,3.0,27.0,70.0,0.07724137931034483,0.9227586206896552,127,4
2020,서초구,1122064,방배3동,18.0,25.0,9.0,11.0,63.0,0.06758620689655172,0.9324137931034483,106,4
2020,서초구,1122065,방배4동,16.0,25.0,12.0,73.0,126.0,0.15448275862068966,0.8455172413793104,296,2
2020,서초구,1122066,양재1동,46.0,34.0,16.0,66.0,162.0,0.20413793103448277,0.7958620689655173,362,1
2020,서초구,1122067,양재2동,49.0,57.0,12.0,30.0,148.0,0.18482758620689654,0.8151724137931035,343,1
2020,서초구,1122068,내곡동,11.0,24.0,2.0,16.0,53.0,0.05379310344827586,0.9462068965517242,77,5
2020,강남구,1123051,신사동,40.0,32.0,43.0,360.0,475.0,0.6358620689655172,0.3641379310344828,422,1
2020,강남구,1123052,논현1동,73.0,59.0,46.0,265.0,443.0,0.5917241379310345,0.4082758620689655,420,1
2020,강남구,1123053,논현2동,64.0,34.0,28.0,148.0,274.0,0.3586206896551724,0.6413793103448275,409,1
2020,강남구,1123058,삼성1동,57.0,35.0,16.0,79.0,187.0,0.2386206896551724,0.7613793103448276,382,1
2020,강남구,1123059,삼성2동,52.0,40.0,14.0,80.0,186.0,0.23724137931034484,0.7627586206896552,380,1
2020,강남구,1123060,대치1동,18.0,28.0,16.0,83.0,145.0,0.18068965517241378,0.8193103448275862,339,2
2020,강남구,1123063,대치4동,55.0,37.0,19.0,83.0,194.0,0.2482758620689655,0.7517241379310344,386,1
2020,강남구,1123064,역삼1동,174.0,80.0,66.0,419.0,739.0,1.0,0.0,425,1
2020,강남구,1123065,역삼2동,52.0,48.0,25.0,98.0,223.0,0.2882758620689655,0.7117241379310345,395,1
2020,강남구,1123066,도곡1동,23.0,17.0,19.0,60.0,119.0,0.14482758620689656,0.8551724137931034,275,2
2020,강남구,1123067,도곡2동,20.0,19.0,7.0,27.0,73.0,0.08137931034482758,0.9186206896551724,140,4
2020,강남구,1123068,개포1동,1.0,9.0,1.0,5.0,16.0,0.002758620689655172,0.9972413793103448,2,5
2020,강남구,1123071,개포4동,29.0,27.0,9.0,34.0,99.0,0.11724137931034483,0.8827586206896552,228,3
2020,강남구,1123072,일원본동,14.0,17.0,14.0,16.0,61.0,0.06482758620689655,0.9351724137931035,101,4
2020,강남구,1123073,일원1동,11.0,21.0,11.0,29.0,72.0,0.08,0.92,135,4
2020,강남구,1123074,일원2동,6.0,12.0,7.0,23.0,48.0,0.04689655172413793,0.953103448275862,61,5
2020,강남구,1123075,수서동,17.0,10.0,10.0,31.0,68.0,0.07448275862068965,0.9255172413793104,120,4
2020,강남구,1123076,세곡동,19.0,39.0,8.0,30.0,96.0,0.11310344827586206,0.886896551724138,223,3
2020,강남구,1123077,압구정동,48.0,49.0,35.0,299.0,431.0,0.5751724137931035,0.42482758620689653,419,1
2020,강남구,1123078,청담동,58.0,39.0,26.0,226.0,349.0,0.46206896551724136,0.5379310344827586,416,1
2020,강남구,1123079,대치2동,44.0,50.0,18.0,70.0,182.0,0.2317241379310345,0.7682758620689655,378,1
2020,강남구,1123080,개포2동,14.0,30.0,8.0,30.0,82.0,0.09379310344827586,0.9062068965517242,164,4
2020,송파구,1124051,풍납1동,9.0,26.0,6.0,15.0,56.0,0.057931034482758624,0.9420689655172414,90,4
2020,송파구,1124052,풍납2동,11.0,29.0,28.0,26.0,94.0,0.1103448275862069,0.8896551724137931,212,3
2020,송파구,1124053,거여1동,13.0,18.0,3.0,12.0,46.0,0.044137931034482755,0.9558620689655173,55,5
2020,송파구,1124054,거여2동,10.0,19.0,14.0,40.0,83.0,0.09517241379310344,0.9048275862068965,171,3
2020,송파구,1124055,마천1동,15.0,30.0,8.0,16.0,69.0,0.07586206896551724,0.9241379310344827,123,4
2020,송파구,1124056,마천2동,9.0,68.0,14.0,34.0,125.0,0.15310344827586206,0.8468965517241379,294,2
2020,송파구,1124057,방이1동,18.0,14.0,10.0,31.0,73.0,0.08137931034482758,0.9186206896551724,140,4
2020,송파구,1124058,방이2동,36.0,48.0,19.0,59.0,162.0,0.20413793103448277,0.7958620689655173,362,1
2020,송파구,1124059,오륜동,10.0,17.0,6.0,13.0,46.0,0.044137931034482755,0.9558620689655173,55,5
2020,송파구,1124060,오금동,33.0,50.0,12.0,32.0,127.0,0.15586206896551724,0.8441379310344828,300,2
2020,송파구,1124061,송파1동,32.0,26.0,13.0,42.0,113.0,0.13655172413793104,0.863448275862069,263,2
2020,송파구,1124062,송파2동,12.0,27.0,11.0,33.0,83.0,0.09517241379310344,0.9048275862068965,171,3
2020,송파구,1124063,석촌동,46.0,72.0,28.0,84.0,230.0,0.2979310344827586,0.7020689655172414,399,1
2020,송파구,1124064,삼전동,34.0,30.0,15.0,48.0,127.0,0.15586206896551724,0.8441379310344828,300,2
2020,송파구,1124065,가락본동,37.0,46.0,20.0,52.0,155.0,0.19448275862068964,0.8055172413793104,353,1
2020,송파구,1124066,가락1동,9.0,68.0,12.0,20.0,109.0,0.1310344827586207,0.8689655172413793,253,3
2020,송파구,1124067,가락2동,17.0,44.0,17.0,55.0,133.0,0.16413793103448276,0.8358620689655172,317,2
2020,송파구,1124068,문정1동,12.0,17.0,5.0,16.0,50.0,0.0496551724137931,0.9503448275862069,69,5
2020,송파구,1124069,문정2동,52.0,58.0,18.0,67.0,195.0,0.2496551724137931,0.7503448275862069,387,1
2020,송파구,1124071,잠실본동,51.0,63.0,25.0,110.0,249.0,0.32413793103448274,0.6758620689655173,405,1
2020,송파구,1124075,잠실4동,3.0,14.0,8.0,10.0,35.0,0.028965517241379312,0.9710344827586207,32,5
2020,송파구,1124077,잠실6동,24.0,28.0,21.0,64.0,137.0,0.1696551724137931,0.8303448275862069,324,2
2020,송파구,1124078,잠실7동,3.0,13.0,3.0,5.0,24.0,0.013793103448275862,0.9862068965517241,9,5
2020,송파구,1124079,잠실2동,18.0,28.0,15.0,49.0,110.0,0.13241379310344828,0.8675862068965517,256,2
2020,송파구,1124080,잠실3동,16.0,25.0,13.0,30.0,84.0,0.09655172413793103,0.903448275862069,179,3
2020,송파구,1124081,장지동,25.0,35.0,10.0,31.0,101.0,0.12,0.88,236,3
2020,송파구,1124082,위례동,15.0,21.0,5.0,12.0,53.0,0.05379310344827586,0.9462068965517242,77,5
2020,강동구,1125051,강일동,16.0,20.0,8.0,20.0,64.0,0.06896551724137931,0.9310344827586207,111,4
2020,강동구,1125052,상일동,21.0,32.0,10.0,25.0,88.0,0.10206896551724139,0.8979310344827586,198,3
2020,강동구,1125053,명일1동,18.0,57.0,16.0,76.0,167.0,0.2110344827586207,0.7889655172413793,364,1
2020,강동구,1125054,명일2동,16.0,15.0,15.0,41.0,87.0,0.1006896551724138,0.8993103448275862,191,3
2020,강동구,1125055,고덕1동,8.0,19.0,2.0,10.0,39.0,0.034482758620689655,0.9655172413793104,38,5
2020,강동구,1125056,고덕2동,10.0,29.0,10.0,30.0,79.0,0.0896551724137931,0.9103448275862069,155,4
2020,강동구,1125058,암사2동,7.0,22.0,7.0,27.0,63.0,0.06758620689655172,0.9324137931034483,106,4
2020,강동구,1125059,암사3동,4.0,20.0,5.0,10.0,39.0,0.034482758620689655,0.9655172413793104,38,5
2020,강동구,1125061,천호1동,22.0,49.0,15.0,31.0,117.0,0.14206896551724138,0.8579310344827586,269,2
2020,강동구,1125063,천호3동,24.0,43.0,15.0,40.0,122.0,0.1489655172413793,0.8510344827586207,285,2
2020,강동구,1125065,성내1동,20.0,29.0,9.0,29.0,87.0,0.1006896551724138,0.8993103448275862,191,3
2020,강동구,1125066,성내2동,22.0,53.0,12.0,41.0,128.0,0.15724137931034482,0.8427586206896551,304,2
2020,강동구,1125067,성내3동,23.0,55.0,17.0,81.0,176.0,0.22344827586206897,0.776551724137931,373,1
2020,강동구,1125070,둔촌1동,24.0,8.0,0.0,1.0,33.0,0.02620689655172414,0.9737931034482759,26,5
2020,강동구,1125071,둔촌2동,20.0,32.0,15.0,22.0,89.0,0.10344827586206896,0.896551724137931,202,3
2020,강동구,1125072,암사1동,28.0,72.0,8.0,26.0,134.0,0.16551724137931034,0.8344827586206897,319,2
2020,강동구,1125073,천호2동,48.0,76.0,27.0,96.0,247.0,0.3213793103448276,0.6786206896551724,404,1
2020,강동구,1125074,길동,58.0,106.0,33.0,101.0,298.0,0.3917241379310345,0.6082758620689654,412,1
2020,구로구,1117073,오류2동,23.0,41.0,9.0,28.0,101.0,0.12,0.88,236,3
2021,종로구,1101053,사직동,30.0,44.0,16.0,69.0,159.0,0.190224570673712,0.809775429326288,347,1
2021,종로구,1101054,삼청동,7.0,21.0,1.0,7.0,36.0,0.02774108322324967,0.9722589167767504,31,5
2021,종로구,1101055,부암동,11.0,11.0,1.0,5.0,28.0,0.017173051519154558,0.9828269484808454,16,5
2021,종로구,1101056,평창동,12.0,23.0,5.0,13.0,53.0,0.05019815059445178,0.9498018494055482,69,5
2021,종로구,1101057,무악동,7.0,5.0,5.0,5.0,22.0,0.009247027741083224,0.9907529722589168,4,5
2021,종로구,1101058,교남동,12.0,6.0,9.0,14.0,41.0,0.034346103038309116,0.9656538969616909,38,5
2021,종로구,1101060,가회동,7.0,19.0,1.0,8.0,35.0,0.026420079260237782,0.9735799207397622,29,5
2021,종로구,1101061,종로1·2·3·4가동,95.0,170.0,55.0,125.0,445.0,0.5680317040951123,0.4319682959048877,420,1
2021,종로구,1101063,종로5·6가동,23.0,56.0,29.0,71.0,179.0,0.2166446499339498,0.7833553500660502,369,1
2021,종로구,1101064,이화동,21.0,16.0,7.0,21.0,65.0,0.06605019815059446,0.9339498018494056,103,4
2021,종로구,1101067,창신1동,12.0,40.0,10.0,39.0,101.0,0.11360634081902246,0.8863936591809776,221,3
2021,종로구,1101068,창신2동,3.0,28.0,5.0,10.0,46.0,0.04095112285336856,0.9590488771466315,47,5
2021,종로구,1101069,창신3동,4.0,9.0,1.0,1.0,15.0,0.0,1.0,1,5
2021,종로구,1101070,숭인1동,8.0,6.0,2.0,10.0,26.0,0.01453104359313078,0.9854689564068693,11,5
2021,종로구,1101071,숭인2동,25.0,33.0,3.0,13.0,74.0,0.07793923381770146,0.9220607661822986,130,4
2021,종로구,1101072,청운효자동,8.0,37.0,4.0,8.0,57.0,0.05548216644649934,0.9445178335535007,80,5
2021,종로구,1101073,혜화동,32.0,32.0,17.0,28.0,109.0,0.12417437252311757,0.8758256274768824,240,3
2021,중구,1102052,소공동,41.0,48.0,16.0,58.0,163.0,0.1955085865257596,0.8044914134742405,353,1
2021,중구,1102054,회현동,39.0,144.0,17.0,65.0,265.0,0.33025099075297226,0.6697490092470277,405,1
2021,중구,1102055,명동,77.0,66.0,33.0,136.0,312.0,0.39233817701453105,0.6076618229854689,412,1
2021,중구,1102057,필동,32.0,23.0,7.0,19.0,81.0,0.08718626155878467,0.9128137384412154,152,4
2021,중구,1102058,장충동,13.0,8.0,1.0,5.0,27.0,0.015852047556142668,0.9841479524438573,13,5
2021,중구,1102059,광희동,40.0,109.0,16.0,29.0,194.0,0.23645970937912814,0.7635402906208719,381,1
2021,중구,1102060,을지로동,30.0,59.0,13.0,46.0,148.0,0.17569352708058125,0.8243064729194187,330,2
2021,중구,1102065,신당5동,10.0,17.0,5.0,20.0,52.0,0.0488771466314399,0.9511228533685601,61,5
2021,중구,1102067,황학동,11.0,100.0,8.0,19.0,138.0,0.16248348745046234,0.8375165125495376,313,2
2021,중구,1102068,중림동,11.0,22.0,5.0,14.0,52.0,0.0488771466314399,0.9511228533685601,61,5
2021,중구,1102069,신당동,28.0,66.0,10.0,21.0,125.0,0.1453104359313078,0.8546895640686922,274,2
2021,중구,1102070,다산동,14.0,26.0,8.0,31.0,79.0,0.0845442536327609,0.9154557463672391,147,4
2021,중구,1102071,약수동,11.0,25.0,11.0,34.0,81.0,0.08718626155878467,0.9128137384412154,152,4
2021,중구,1102072,청구동,6.0,14.0,2.0,9.0,31.0,0.021136063408190225,0.9788639365918098,23,5
2021,중구,1102073,동화동,9.0,15.0,5.0,14.0,43.0,0.036988110964332896,0.9630118890356671,41,5
2021,용산구,1103051,후암동,17.0,37.0,8.0,16.0,78.0,0.083223249669749,0.916776750330251,142,4
2021,용산구,1103052,용산2가동,19.0,16.0,4.0,7.0,46.0,0.04095112285336856,0.9590488771466315,47,5
2021,용산구,1103053,남영동,31.0,26.0,13.0,40.0,110.0,0.12549537648612946,0.8745046235138705,244,3
2021,용산구,1103057,원효로2동,10.0,26.0,4.0,6.0,46.0,0.04095112285336856,0.9590488771466315,47,5
2021,용산구,1103058,효창동,8.0,9.0,5.0,11.0,33.0,0.023778071334214,0.976221928665786,25,5
2021,용산구,1103059,용문동,6.0,51.0,3.0,12.0,72.0,0.07529722589167767,0.9247027741083224,124,4
2021,용산구,1103063,이촌1동,10.0,28.0,8.0,30.0,76.0,0.08058124174372523,0.9194187582562747,137,4
2021,용산구,1103064,이촌2동,6.0,9.0,1.0,3.0,19.0,0.005284015852047556,0.9947159841479525,3,5
2021,용산구,1103065,이태원1동,22.0,21.0,4.0,10.0,57.0,0.05548216644649934,0.9445178335535007,80,5
2021,용산구,1103066,이태원2동,14.0,20.0,3.0,13.0,50.0,0.046235138705416116,0.9537648612945839,57,5
2021,용산구,1103069,서빙고동,9.0,12.0,1.0,1.0,23.0,0.010568031704095112,0.9894319682959049,8,5
2021,용산구,1103070,보광동,10.0,46.0,9.0,17.0,82.0,0.08850726552179657,0.9114927344782034,159,4
2021,용산구,1103071,청파동,26.0,36.0,11.0,18.0,91.0,0.10039630118890357,0.8996036988110965,185,3
2021,용산구,1103072,원효로1동,17.0,17.0,6.0,12.0,52.0,0.0488771466314399,0.9511228533685601,61,5
2021,용산구,1103073,한강로동,43.0,59.0,27.0,56.0,185.0,0.22457067371202113,0.7754293262879789,374,1
2021,용산구,1103074,한남동,26.0,44.0,13.0,26.0,109.0,0.12417437252311757,0.8758256274768824,240,3
2021,성동구,1104052,왕십리2동,11.0,19.0,5.0,15.0,50.0,0.046235138705416116,0.9537648612945839,57,5
2021,성동구,1104054,마장동,16.0,88.0,7.0,17.0,128.0,0.14927344782034346,0.8507265521796565,280,2
2021,성동구,1104055,사근동,34.0,23.0,10.0,8.0,75.0,0.07926023778071334,0.9207397622192867,132,4
2021,성동구,1104056,행당1동,20.0,28.0,12.0,42.0,102.0,0.11492734478203434,0.8850726552179656,225,3
2021,성동구,1104057,행당2동,7.0,16.0,3.0,19.0,45.0,0.03963011889035667,0.9603698811096433,45,5
2021,성동구,1104058,응봉동,2.0,12.0,2.0,6.0,22.0,0.009247027741083224,0.9907529722589168,4,5
2021,성동구,1104059,금호1가동,6.0,20.0,5.0,14.0,45.0,0.03963011889035667,0.9603698811096433,45,5
2021,성동구,1104062,금호4가동,8.0,15.0,8.0,21.0,52.0,0.0488771466314399,0.9511228533685601,61,5
2021,성동구,1104065,성수1가1동,18.0,13.0,5.0,12.0,48.0,0.043593130779392336,0.9564068692206077,51,5
2021,성동구,1104066,성수1가2동,28.0,32.0,5.0,32.0,97.0,0.1083223249669749,0.8916776750330251,206,3
2021,성동구,1104067,성수2가1동,24.0,46.0,12.0,22.0,104.0,0.11756935270805813,0.8824306472919419,229,3
2021,성동구,1104068,성수2가3동,54.0,40.0,13.0,42.0,149.0,0.17701453104359313,0.8229854689564069,335,2
2021,성동구,1104069,송정동,8.0,19.0,5.0,3.0,35.0,0.026420079260237782,0.9735799207397622,29,5
2021,성동구,1104070,용답동,16.0,42.0,8.0,19.0,85.0,0.09247027741083223,0.9075297225891678,167,3
2021,성동구,1104071,왕십리도선동,23.0,40.0,15.0,54.0,132.0,0.154557463672391,0.845442536327609,293,2
2021,성동구,1104072,금호2·3가동,16.0,37.0,12.0,27.0,92.0,0.10171730515191546,0.8982826948480845,190,3
2021,성동구,1104073,옥수동,10.0,17.0,8.0,31.0,66.0,0.06737120211360634,0.9326287978863936,107,4
2021,광진구,1105053,화양동,59.0,45.0,17.0,57.0,178.0,0.21532364597093792,0.7846763540290621,367,1
2021,광진구,1105054,군자동,26.0,38.0,13.0,35.0,112.0,0.12813738441215325,0.8718626155878467,251,3
2021,광진구,1105055,중곡1동,13.0,69.0,13.0,29.0,124.0,0.14398943196829592,0.8560105680317041,271,2
2021,광진구,1105056,중곡2동,26.0,40.0,14.0,45.0,125.0,0.1453104359313078,0.8546895640686922,274,2
2021,광진구,1105057,중곡3동,16.0,26.0,10.0,22.0,74.0,0.07793923381770146,0.9220607661822986,130,4
2021,광진구,1105058,중곡4동,22.0,70.0,8.0,32.0,132.0,0.154557463672391,0.845442536327609,293,2
2021,광진구,1105059,능동,20.0,19.0,6.0,19.0,64.0,0.06472919418758256,0.9352708058124174,99,4
2021,광진구,1105060,구의1동,27.0,26.0,9.0,28.0,90.0,0.09907529722589167,0.9009247027741083,182,3
2021,광진구,1105061,구의2동,20.0,41.0,11.0,31.0,103.0,0.11624834874504623,0.8837516512549538,228,3
2021,광진구,1105062,구의3동,25.0,43.0,17.0,53.0,138.0,0.16248348745046234,0.8375165125495376,313,2
2021,광진구,1105063,광장동,19.0,30.0,9.0,26.0,84.0,0.09114927344782034,0.9088507265521797,164,4
2021,광진구,1105064,자양1동,27.0,67.0,14.0,50.0,158.0,0.18890356671070013,0.8110964332892998,346,1
2021,광진구,1105065,자양2동,23.0,27.0,10.0,25.0,85.0,0.09247027741083223,0.9075297225891678,167,3
2021,광진구,1105066,자양3동,25.0,29.0,10.0,30.0,94.0,0.10435931307793923,0.8956406869220608,199,3
2021,광진구,1105067,자양4동,27.0,70.0,14.0,45.0,156.0,0.18626155878467635,0.8137384412153237,343,1
2021,동대문구,1106071,회기동,33.0,24.0,13.0,11.0,81.0,0.08718626155878467,0.9128137384412154,152,4
2021,동대문구,1106072,휘경1동,17.0,27.0,12.0,19.0,75.0,0.07926023778071334,0.9207397622192867,132,4
2021,동대문구,1106073,휘경2동,21.0,20.0,6.0,12.0,59.0,0.05812417437252312,0.9418758256274768,88,4
2021,동대문구,1106080,청량리동,15.0,68.0,21.0,47.0,151.0,0.17965653896961692,0.820343461030383,337,2
2021,동대문구,1106081,용신동,52.0,131.0,26.0,57.0,266.0,0.33157199471598414,0.6684280052840159,406,1
2021,동대문구,1106082,제기동,28.0,454.0,84.0,84.0,650.0,0.8388375165125496,0.16116248348745044,424,1
2021,동대문구,1106083,전농1동,23.0,58.0,13.0,39.0,133.0,0.15587846763540292,0.8441215323645971,297,2
2021,동대문구,1106084,전농2동,13.0,22.0,8.0,15.0,58.0,0.05680317040951123,0.9431968295904888,83,4
2021,동대문구,1106086,답십리2동,21.0,56.0,16.0,42.0,135.0,0.15852047556142668,0.8414795244385733,303,2
2021,동대문구,1106087,장안1동,54.0,58.0,29.0,53.0,194.0,0.23645970937912814,0.7635402906208719,381,1
2021,동대문구,1106088,장안2동,37.0,89.0,20.0,67.0,213.0,0.261558784676354,0.7384412153236459,390,1
2021,동대문구,1106089,이문1동,29.0,27.0,15.0,33.0,104.0,0.11756935270805813,0.8824306472919419,229,3
2021,동대문구,1106090,이문2동,9.0,28.0,6.0,15.0,58.0,0.05680317040951123,0.9431968295904888,83,4
2021,동대문구,1106091,답십리1동,23.0,34.0,11.0,42.0,110.0,0.12549537648612946,0.8745046235138705,244,3
2021,중랑구,1107052,면목2동,23.0,54.0,10.0,22.0,109.0,0.12417437252311757,0.8758256274768824,240,3
2021,중랑구,1107054,면목4동,15.0,30.0,5.0,11.0,61.0,0.0607661822985469,0.9392338177014531,93,4
2021,중랑구,1107055,면목5동,9.0,17.0,3.0,7.0,36.0,0.02774108322324967,0.9722589167767504,31,5
2021,중랑구,1107057,면목7동,16.0,76.0,10.0,51.0,153.0,0.18229854689564068,0.8177014531043594,338,2
2021,중랑구,1107059,상봉1동,18.0,33.0,8.0,19.0,78.0,0.083223249669749,0.916776750330251,142,4
2021,중랑구,1107060,상봉2동,29.0,47.0,11.0,49.0,136.0,0.15984147952443858,0.8401585204755614,306,2
2021,중랑구,1107061,중화1동,16.0,30.0,6.0,19.0,71.0,0.07397622192866579,0.9260237780713342,119,4
2021,중랑구,1107062,중화2동,23.0,63.0,12.0,31.0,129.0,0.15059445178335534,0.8494055482166447,284,2
2021,중랑구,1107064,묵1동,21.0,32.0,10.0,28.0,91.0,0.10039630118890357,0.8996036988110965,185,3
2021,중랑구,1107065,묵2동,17.0,35.0,7.0,24.0,83.0,0.08982826948480846,0.9101717305151915,163,4
2021,중랑구,1107068,망우3동,12.0,28.0,4.0,14.0,58.0,0.05680317040951123,0.9431968295904888,83,5
2021,중랑구,1107069,신내1동,21.0,38.0,13.0,32.0,104.0,0.11756935270805813,0.8824306472919419,229,3
2021,중랑구,1107070,신내2동,8.0,21.0,12.0,28.0,69.0,0.071334214002642,0.9286657859973579,113,4
2021,중랑구,1107071,면목본동,30.0,113.0,18.0,64.0,225.0,0.2774108322324967,0.7225891677675034,392,1
2021,중랑구,1107072,면목3·8동,18.0,60.0,20.0,32.0,130.0,0.15191545574636725,0.8480845442536328,287,2
2021,중랑구,1107073,망우본동,41.0,104.0,27.0,68.0,240.0,0.29722589167767505,0.7027741083223249,398,1
2021,성북구,1108058,돈암1동,5.0,11.0,3.0,10.0,29.0,0.018494055482166448,0.9815059445178336,19,5
2021,성북구,1108059,돈암2동,6.0,12.0,4.0,4.0,26.0,0.01453104359313078,0.9854689564068693,11,5
2021,성북구,1108060,안암동,36.0,25.0,9.0,14.0,84.0,0.09114927344782034,0.9088507265521797,164,4
2021,성북구,1108061,보문동,16.0,24.0,6.0,19.0,65.0,0.06605019815059446,0.9339498018494056,103,4
2021,성북구,1108062,정릉1동,15.0,16.0,7.0,15.0,53.0,0.05019815059445178,0.9498018494055482,69,5
2021,성북구,1108063,정릉2동,14.0,26.0,7.0,28.0,75.0,0.07926023778071334,0.9207397622192867,132,4
2021,성북구,1108064,정릉3동,27.0,17.0,2.0,3.0,49.0,0.04491413474240423,0.9550858652575958,53,5
2021,성북구,1108065,정릉4동,14.0,34.0,13.0,24.0,85.0,0.09247027741083223,0.9075297225891678,167,3
2021,성북구,1108066,길음1동,8.0,41.0,12.0,33.0,94.0,0.10435931307793923,0.8956406869220608,199,3
2021,성북구,1108068,길음2동,6.0,24.0,11.0,27.0,68.0,0.07001321003963012,0.9299867899603699,111,4
2021,성북구,1108071,월곡1동,11.0,40.0,9.0,29.0,89.0,0.0977542932628798,0.9022457067371202,181,3
2021,성북구,1108072,월곡2동,22.0,44.0,12.0,32.0,110.0,0.12549537648612946,0.8745046235138705,244,3
2021,성북구,1108076,장위1동,18.0,35.0,8.0,10.0,71.0,0.07397622192866579,0.9260237780713342,119,4
2021,성북구,1108077,장위2동,6.0,57.0,12.0,17.0,92.0,0.10171730515191546,0.8982826948480845,190,3
2021,성북구,1108078,장위3동,6.0,17.0,4.0,13.0,40.0,0.03302509907529723,0.9669749009247027,37,5
2021,성북구,1108081,성북동,21.0,24.0,6.0,27.0,78.0,0.083223249669749,0.916776750330251,142,4
2021,성북구,1108082,삼선동,24.0,77.0,15.0,44.0,160.0,0.19154557463672392,0.808454425363276,348,1
2021,성북구,1108083,동선동,30.0,29.0,17.0,60.0,136.0,0.15984147952443858,0.8401585204755614,306,2
2021,성북구,1108084,종암동,28.0,63.0,18.0,44.0,153.0,0.18229854689564068,0.8177014531043594,338,2
2021,성북구,1108085,석관동,25.0,68.0,16.0,39.0,148.0,0.17569352708058125,0.8243064729194187,330,2
2021,강북구,1109060,번1동,31.0,46.0,13.0,48.0,138.0,0.16248348745046234,0.8375165125495376,313,2
2021,강북구,1109061,번2동,9.0,11.0,6.0,8.0,34.0,0.02509907529722589,0.9749009247027741,26,5
2021,강북구,1109062,번3동,11.0,18.0,5.0,14.0,48.0,0.043593130779392336,0.9564068692206077,51,5
2021,강북구,1109063,수유1동,27.0,101.0,16.0,23.0,167.0,0.20079260237780713,0.7992073976221928,360,1
2021,강북구,1109064,수유2동,21.0,47.0,14.0,19.0,101.0,0.11360634081902246,0.8863936591809776,221,3
2021,강북구,1109065,수유3동,34.0,84.0,16.0,68.0,202.0,0.24702774108322326,0.7529722589167768,384,1
2021,강북구,1109069,삼양동,11.0,42.0,13.0,40.0,106.0,0.1202113606340819,0.8797886393659181,235,3
2021,강북구,1109070,미아동,31.0,42.0,13.0,45.0,131.0,0.15323645970937913,0.8467635402906208,289,2
2021,강북구,1109071,송중동,23.0,54.0,16.0,55.0,148.0,0.17569352708058125,0.8243064729194187,330,2
2021,강북구,1109072,송천동,24.0,53.0,20.0,52.0,149.0,0.17701453104359313,0.8229854689564069,335,2
2021,강북구,1109073,삼각산동,13.0,42.0,8.0,29.0,92.0,0.10171730515191546,0.8982826948480845,190,3
2021,강북구,1109074,우이동,23.0,46.0,9.0,14.0,92.0,0.10171730515191546,0.8982826948480845,190,3
2021,강북구,1109075,인수동,25.0,60.0,13.0,19.0,117.0,0.13474240422721268,0.8652575957727873,262,2
2021,도봉구,1110051,쌍문1동,18.0,41.0,3.0,11.0,73.0,0.07661822985468957,0.9233817701453104,126,4
2021,도봉구,1110052,쌍문2동,17.0,27.0,7.0,30.0,81.0,0.08718626155878467,0.9128137384412154,152,4
2021,도봉구,1110053,쌍문3동,17.0,40.0,13.0,21.0,91.0,0.10039630118890357,0.8996036988110965,185,3
2021,도봉구,1110054,쌍문4동,11.0,10.0,2.0,7.0,30.0,0.019815059445178335,0.9801849405548216,21,5
2021,도봉구,1110055,방학1동,25.0,61.0,13.0,55.0,154.0,0.18361955085865259,0.8163804491413474,340,2
2021,도봉구,1110056,방학2동,17.0,73.0,7.0,15.0,112.0,0.12813738441215325,0.8718626155878467,251,3
2021,도봉구,1110057,방학3동,12.0,18.0,6.0,18.0,54.0,0.05151915455746367,0.9484808454425363,74,5
2021,도봉구,1110059,창1동,15.0,30.0,7.0,32.0,84.0,0.09114927344782034,0.9088507265521797,164,4
2021,도봉구,1110060,창2동,21.0,65.0,10.0,18.0,114.0,0.130779392338177,0.869220607661823,255,2
2021,도봉구,1110061,창3동,14.0,35.0,7.0,19.0,75.0,0.07926023778071334,0.9207397622192867,132,4
2021,도봉구,1110062,창4동,19.0,21.0,7.0,28.0,75.0,0.07926023778071334,0.9207397622192867,132,4
2021,도봉구,1110063,창5동,22.0,35.0,14.0,44.0,115.0,0.13210039630118892,0.8678996036988111,258,2
2021,도봉구,1110064,도봉1동,24.0,73.0,9.0,21.0,127.0,0.14795244385733158,0.8520475561426684,277,2
2021,도봉구,1110065,도봉2동,13.0,33.0,6.0,14.0,66.0,0.06737120211360634,0.9326287978863936,107,4
2021,노원구,1111051,월계1동,29.0,39.0,9.0,33.0,110.0,0.12549537648612946,0.8745046235138705,244,3
2021,노원구,1111052,월계2동,16.0,20.0,6.0,10.0,52.0,0.0488771466314399,0.9511228533685601,61,5
2021,노원구,1111053,월계3동,9.0,24.0,8.0,10.0,51.0,0.047556142668428,0.952443857331572,60,5
2021,노원구,1111056,공릉2동,38.0,46.0,12.0,32.0,128.0,0.14927344782034346,0.8507265521796565,280,2
2021,노원구,1111058,하계1동,15.0,23.0,11.0,15.0,64.0,0.06472919418758256,0.9352708058124174,99,4
2021,노원구,1111059,하계2동,5.0,12.0,4.0,8.0,29.0,0.018494055482166448,0.9815059445178336,19,5
2021,노원구,1111060,중계본동,16.0,37.0,8.0,31.0,92.0,0.10171730515191546,0.8982826948480845,190,3
2021,노원구,1111061,중계1동,13.0,29.0,9.0,34.0,85.0,0.09247027741083223,0.9075297225891678,167,3
2021,노원구,1111064,중계4동,10.0,13.0,10.0,20.0,53.0,0.05019815059445178,0.9498018494055482,69,5
2021,노원구,1111065,상계1동,26.0,58.0,12.0,39.0,135.0,0.15852047556142668,0.8414795244385733,303,2
2021,노원구,1111066,상계2동,30.0,58.0,20.0,68.0,176.0,0.21268163804491413,0.7873183619550859,366,1
2021,노원구,1111069,상계5동,19.0,52.0,11.0,20.0,102.0,0.11492734478203434,0.8850726552179656,225,3
2021,노원구,1111072,상계8동,5.0,12.0,7.0,28.0,52.0,0.0488771466314399,0.9511228533685601,61,5
2021,노원구,1111073,상계9동,9.0,17.0,6.0,24.0,56.0,0.05416116248348745,0.9458388375165125,77,5
2021,노원구,1111074,상계10동,5.0,10.0,1.0,6.0,22.0,0.009247027741083224,0.9907529722589168,4,5
2021,노원구,1111076,상계3·4동,16.0,48.0,9.0,23.0,96.0,0.10700132100396301,0.892998678996037,203,3
2021,노원구,1111077,상계6·7동,25.0,36.0,33.0,163.0,257.0,0.31968295904887717,0.6803170409511228,403,1
2021,노원구,1111078,중계2·3동,9.0,26.0,10.0,28.0,73.0,0.07661822985468957,0.9233817701453104,126,4
2021,노원구,1111079,공릉1동,36.0,63.0,23.0,58.0,180.0,0.21796565389696168,0.7820343461030383,370,1
2021,은평구,1112051,녹번동,31.0,45.0,12.0,29.0,117.0,0.13474240422721268,0.8652575957727873,262,2
2021,은평구,1112052,불광1동,30.0,43.0,16.0,71.0,160.0,0.19154557463672392,0.808454425363276,348,1
2021,은평구,1112055,갈현1동,23.0,53.0,10.0,44.0,130.0,0.15191545574636725,0.8480845442536328,287,2
2021,은평구,1112056,갈현2동,27.0,47.0,16.0,30.0,120.0,0.13870541611624834,0.8612945838837517,266,2
2021,은평구,1112057,구산동,21.0,26.0,8.0,27.0,82.0,0.08850726552179657,0.9114927344782034,159,4
2021,은평구,1112058,대조동,37.0,85.0,24.0,97.0,243.0,0.3011889035667107,0.6988110964332893,400,1
2021,은평구,1112059,응암1동,24.0,35.0,16.0,66.0,141.0,0.166446499339498,0.8335535006605019,322,2
2021,은평구,1112060,응암2동,12.0,23.0,9.0,18.0,62.0,0.062087186261558784,0.9379128137384413,97,4
2021,은평구,1112065,신사1동,22.0,32.0,9.0,34.0,97.0,0.1083223249669749,0.8916776750330251,206,3
2021,은평구,1112066,신사2동,10.0,36.0,7.0,14.0,67.0,0.06869220607661823,0.9313077939233818,109,4
2021,은평구,1112067,증산동,14.0,31.0,8.0,20.0,73.0,0.07661822985468957,0.9233817701453104,126,4
2021,은평구,1112068,수색동,6.0,21.0,5.0,6.0,38.0,0.03038309114927345,0.9696169088507266,34,5
2021,은평구,1112071,진관동,32.0,49.0,23.0,44.0,148.0,0.17569352708058125,0.8243064729194187,330,2
2021,은평구,1112072,불광2동,20.0,57.0,9.0,27.0,113.0,0.12945838837516513,0.8705416116248349,253,3
2021,은평구,1112073,응암3동,28.0,74.0,14.0,46.0,162.0,0.19418758256274768,0.8058124174372523,352,1
2021,은평구,1112074,역촌동,40.0,54.0,17.0,44.0,155.0,0.18494055482166447,0.8150594451783355,341,1
2021,서대문구,1113052,천연동,8.0,42.0,6.0,25.0,81.0,0.08718626155878467,0.9128137384412154,152,4
2021,서대문구,1113062,홍제1동,21.0,29.0,10.0,36.0,96.0,0.10700132100396301,0.892998678996037,203,3
2021,서대문구,1113064,홍제3동,14.0,101.0,15.0,45.0,175.0,0.21136063408190225,0.7886393659180977,365,1
2021,서대문구,1113065,홍제2동,7.0,14.0,5.0,13.0,39.0,0.031704095112285335,0.9682959048877147,36,5
2021,서대문구,1113066,홍은1동,14.0,31.0,6.0,13.0,64.0,0.06472919418758256,0.9352708058124174,99,4
2021,서대문구,1113068,홍은2동,29.0,19.0,7.0,14.0,69.0,0.071334214002642,0.9286657859973579,113,4
2021,서대문구,1113069,남가좌1동,5.0,38.0,9.0,27.0,79.0,0.0845442536327609,0.9154557463672391,147,4
2021,서대문구,1113070,남가좌2동,28.0,45.0,12.0,32.0,117.0,0.13474240422721268,0.8652575957727873,262,2
2021,서대문구,1113071,북가좌1동,13.0,8.0,5.0,17.0,43.0,0.036988110964332896,0.9630118890356671,41,5
2021,서대문구,1113072,북가좌2동,28.0,42.0,12.0,32.0,114.0,0.130779392338177,0.869220607661823,255,2
2021,서대문구,1113073,충현동,25.0,34.0,7.0,19.0,85.0,0.09247027741083223,0.9075297225891678,167,4
2021,서대문구,1113074,북아현동,7.0,22.0,10.0,13.0,52.0,0.0488771466314399,0.9511228533685601,61,5
2021,서대문구,1113075,신촌동,82.0,51.0,31.0,60.0,224.0,0.2760898282694848,0.7239101717305152,391,1
2021,서대문구,1113076,연희동,41.0,45.0,15.0,37.0,138.0,0.16248348745046234,0.8375165125495376,313,2
2021,마포구,1114059,용강동,27.0,20.0,7.0,25.0,79.0,0.0845442536327609,0.9154557463672391,147,4
2021,마포구,1114060,대흥동,31.0,27.0,19.0,65.0,142.0,0.16776750330250992,0.8322324966974901,325,2
2021,마포구,1114061,염리동,14.0,23.0,3.0,9.0,49.0,0.04491413474240423,0.9550858652575958,53,5
2021,마포구,1114063,신수동,13.0,28.0,6.0,18.0,65.0,0.06605019815059446,0.9339498018494056,103,4
2021,마포구,1114066,서교동,123.0,68.0,36.0,171.0,398.0,0.5059445178335535,0.49405548216644646,418,1
2021,마포구,1114068,합정동,26.0,20.0,8.0,23.0,77.0,0.08190224570673713,0.9180977542932629,141,4
2021,마포구,1114069,망원1동,29.0,50.0,10.0,39.0,128.0,0.14927344782034346,0.8507265521796565,280,2
2021,마포구,1114070,망원2동,21.0,35.0,8.0,21.0,85.0,0.09247027741083223,0.9075297225891678,167,4
2021,마포구,1114071,연남동,26.0,25.0,2.0,11.0,64.0,0.06472919418758256,0.9352708058124174,99,4
2021,마포구,1114072,성산1동,24.0,19.0,5.0,11.0,59.0,0.05812417437252312,0.9418758256274768,88,4
2021,마포구,1114073,성산2동,46.0,69.0,11.0,30.0,156.0,0.18626155878467635,0.8137384412153237,343,1
2021,마포구,1114074,상암동,53.0,37.0,16.0,57.0,163.0,0.1955085865257596,0.8044914134742405,353,1
2021,마포구,1114075,도화동,26.0,31.0,14.0,58.0,129.0,0.15059445178335534,0.8494055482166447,284,2
2021,마포구,1114076,서강동,32.0,24.0,6.0,20.0,82.0,0.08850726552179657,0.9114927344782034,159,4
2021,마포구,1114077,공덕동,25.0,73.0,20.0,46.0,164.0,0.19682959048877147,0.8031704095112285,356,1
2021,마포구,1114078,아현동,21.0,53.0,16.0,57.0,147.0,0.17437252311756934,0.8256274768824307,329,2
2021,양천구,1115051,목1동,32.0,25.0,22.0,102.0,181.0,0.2192866578599736,0.7807133421400264,371,1
2021,양천구,1115052,목2동,23.0,34.0,13.0,24.0,94.0,0.10435931307793923,0.8956406869220608,199,3
2021,양천구,1115053,목3동,15.0,40.0,13.0,57.0,125.0,0.1453104359313078,0.8546895640686922,274,2
2021,양천구,1115054,목4동,16.0,69.0,12.0,36.0,133.0,0.15587846763540292,0.8441215323645971,297,2
2021,양천구,1115057,신월1동,13.0,99.0,12.0,16.0,140.0,0.16512549537648613,0.8348745046235139,320,2
2021,양천구,1115058,신월2동,7.0,32.0,4.0,15.0,58.0,0.05680317040951123,0.9431968295904888,83,5
2021,양천구,1115059,신월3동,15.0,44.0,7.0,10.0,76.0,0.08058124174372523,0.9194187582562747,137,4
2021,양천구,1115060,신월4동,14.0,18.0,7.0,18.0,57.0,0.05548216644649934,0.9445178335535007,80,5
2021,양천구,1115061,신월5동,20.0,24.0,5.0,11.0,60.0,0.059445178335535004,0.940554821664465,91,4
2021,양천구,1115062,신월6동,7.0,30.0,5.0,16.0,58.0,0.05680317040951123,0.9431968295904888,83,5
2021,양천구,1115063,신월7동,15.0,27.0,10.0,21.0,73.0,0.07661822985468957,0.9233817701453104,126,4
2021,양천구,1115064,신정1동,8.0,44.0,8.0,38.0,98.0,0.1096433289299868,0.8903566710700133,215,3
2021,양천구,1115065,신정2동,12.0,40.0,7.0,32.0,91.0,0.10039630118890357,0.8996036988110965,185,3
2021,양천구,1115066,신정3동,27.0,34.0,15.0,51.0,127.0,0.14795244385733158,0.8520475561426684,277,2
2021,양천구,1115069,신정6동,9.0,11.0,2.0,5.0,27.0,0.015852047556142668,0.9841479524438573,13,5
2021,양천구,1115070,신정7동,13.0,29.0,8.0,28.0,78.0,0.083223249669749,0.916776750330251,142,4
2021,양천구,1115071,목5동,16.0,29.0,10.0,40.0,95.0,0.10568031704095113,0.8943196829590488,202,3
2021,양천구,1115072,신정4동,41.0,68.0,13.0,71.0,193.0,0.23513870541611626,0.7648612945838837,380,1
2021,강서구,1116051,염창동,24.0,42.0,13.0,39.0,118.0,0.13606340819022458,0.8639365918097754,265,2
2021,강서구,1116052,등촌1동,34.0,20.0,14.0,43.0,111.0,0.12681638044914134,0.8731836195508587,250,3
2021,강서구,1116053,등촌2동,13.0,22.0,6.0,15.0,56.0,0.05416116248348745,0.9458388375165125,77,5
2021,강서구,1116054,등촌3동,30.0,46.0,19.0,60.0,155.0,0.18494055482166447,0.8150594451783355,341,1
2021,강서구,1116055,화곡본동,28.0,53.0,10.0,29.0,120.0,0.13870541611624834,0.8612945838837517,266,2
2021,강서구,1116057,화곡2동,11.0,30.0,4.0,15.0,60.0,0.059445178335535004,0.940554821664465,91,4
2021,강서구,1116058,화곡3동,15.0,30.0,8.0,46.0,99.0,0.11096433289299867,0.8890356671070013,216,3
2021,강서구,1116059,화곡4동,18.0,71.0,13.0,34.0,136.0,0.15984147952443858,0.8401585204755614,306,2
2021,강서구,1116061,화곡6동,31.0,33.0,8.0,29.0,101.0,0.11360634081902246,0.8863936591809776,221,3
2021,강서구,1116063,화곡8동,14.0,74.0,8.0,36.0,132.0,0.154557463672391,0.845442536327609,293,2
2021,강서구,1116064,가양1동,74.0,59.0,24.0,101.0,258.0,0.32100396301188905,0.678996036988111,404,1
2021,강서구,1116065,가양2동,7.0,9.0,8.0,31.0,55.0,0.052840158520475564,0.9471598414795245,75,5
2021,강서구,1116066,가양3동,9.0,7.0,3.0,9.0,28.0,0.017173051519154558,0.9828269484808454,16,5
2021,강서구,1116067,발산1동,44.0,148.0,35.0,95.0,322.0,0.40554821664464996,0.59445178335535,413,1
2021,강서구,1116069,공항동,39.0,56.0,14.0,28.0,137.0,0.16116248348745046,0.8388375165125496,309,2
2021,강서구,1116070,방화1동,42.0,103.0,19.0,72.0,236.0,0.2919418758256275,0.7080581241743725,397,1
2021,강서구,1116071,방화2동,33.0,44.0,9.0,20.0,106.0,0.1202113606340819,0.8797886393659181,235,3
2021,강서구,1116072,방화3동,16.0,15.0,5.0,11.0,47.0,0.04227212681638045,0.9577278731836195,50,5
2021,강서구,1116073,화곡1동,59.0,67.0,27.0,76.0,229.0,0.28269484808454426,0.7173051519154557,394,1
2021,강서구,1116074,우장산동,22.0,48.0,13.0,50.0,133.0,0.15587846763540292,0.8441215323645971,297,2
2021,구로구,1117051,신도림동,21.0,22.0,10.0,34.0,87.0,0.095112285336856,0.904887714663144,175,3
2021,구로구,1117052,구로1동,9.0,14.0,3.0,6.0,32.0,0.022457067371202115,0.9775429326287979,24,5
2021,구로구,1117054,구로3동,72.0,54.0,16.0,64.0,206.0,0.2523117569352708,0.7476882430647291,388,1
2021,구로구,1117055,구로4동,20.0,117.0,17.0,49.0,203.0,0.24834874504623514,0.7516512549537648,386,1
2021,구로구,1117056,구로5동,25.0,42.0,14.0,40.0,121.0,0.14002642007926025,0.8599735799207398,268,2
2021,구로구,1117061,고척1동,20.0,37.0,12.0,32.0,101.0,0.11360634081902246,0.8863936591809776,221,3
2021,구로구,1117062,고척2동,26.0,55.0,11.0,36.0,128.0,0.14927344782034346,0.8507265521796565,280,2
2021,구로구,1117064,개봉2동,14.0,35.0,8.0,40.0,97.0,0.1083223249669749,0.8916776750330251,206,3
2021,구로구,1117065,개봉3동,9.0,28.0,9.0,19.0,65.0,0.06605019815059446,0.9339498018494056,103,4
2021,구로구,1117067,오류1동,17.0,45.0,9.0,33.0,104.0,0.11756935270805813,0.8824306472919419,229,3
2021,구로구,1117074,항동,10.0,23.0,3.0,8.0,44.0,0.03830911492734478,0.9616908850726552,43,5
2021,구로구,1117069,수궁동,22.0,42.0,5.0,12.0,81.0,0.08718626155878467,0.9128137384412154,152,4
2021,구로구,1117070,가리봉동,13.0,71.0,7.0,9.0,100.0,0.11228533685601057,0.8877146631439894,218,3
2021,구로구,1117071,구로2동,31.0,122.0,27.0,48.0,228.0,0.2813738441215324,0.7186261558784677,393,1
2021,구로구,1117072,개봉1동,20.0,71.0,12.0,34.0,137.0,0.16116248348745046,0.8388375165125496,309,2
2021,금천구,1118051,가산동,125.0,72.0,26.0,79.0,302.0,0.37912813738441214,0.6208718626155878,410,1
2021,금천구,1118052,독산1동,47.0,78.0,16.0,44.0,185.0,0.22457067371202113,0.7754293262879789,374,1
2021,금천구,1118053,독산2동,15.0,42.0,9.0,22.0,88.0,0.0964332892998679,0.9035667107001321,179,3
2021,금천구,1118054,독산3동,19.0,97.0,16.0,36.0,168.0,0.202113606340819,0.797886393659181,361,1
2021,금천구,1118055,독산4동,15.0,36.0,3.0,8.0,62.0,0.062087186261558784,0.9379128137384413,97,4
2021,금천구,1118057,시흥1동,36.0,134.0,25.0,83.0,278.0,0.3474240422721268,0.6525759577278731,408,1
2021,금천구,1118058,시흥2동,2.0,10.0,4.0,8.0,24.0,0.011889035667107,0.988110964332893,9,5
2021,금천구,1118059,시흥3동,11.0,15.0,6.0,6.0,38.0,0.03038309114927345,0.9696169088507266,34,5
2021,금천구,1118060,시흥4동,13.0,35.0,6.0,17.0,71.0,0.07397622192866579,0.9260237780713342,119,4
2021,금천구,1118061,시흥5동,19.0,62.0,14.0,21.0,116.0,0.1334214002642008,0.8665785997357992,261,2
2021,영등포구,1119054,여의동,99.0,82.0,49.0,151.0,381.0,0.48348745046235136,0.5165125495376486,417,1
2021,영등포구,1119055,당산1동,39.0,55.0,10.0,37.0,141.0,0.166446499339498,0.8335535006605019,322,2
2021,영등포구,1119056,당산2동,43.0,37.0,14.0,77.0,171.0,0.20607661822985468,0.7939233817701453,363,1
2021,영등포구,1119061,양평1동,24.0,33.0,6.0,18.0,81.0,0.08718626155878467,0.9128137384412154,152,4
2021,영등포구,1119062,양평2동,33.0,29.0,7.0,21.0,90.0,0.09907529722589167,0.9009247027741083,182,3
2021,영등포구,1119063,신길1동,20.0,42.0,12.0,19.0,93.0,0.10303830911492734,0.8969616908850726,196,3
2021,영등포구,1119065,신길3동,12.0,49.0,14.0,39.0,114.0,0.130779392338177,0.869220607661823,255,3
2021,영등포구,1119066,신길4동,6.0,14.0,1.0,7.0,28.0,0.017173051519154558,0.9828269484808454,16,5
2021,영등포구,1119067,신길5동,7.0,16.0,0.0,4.0,27.0,0.015852047556142668,0.9841479524438573,13,5
2021,영등포구,1119068,신길6동,20.0,44.0,16.0,41.0,121.0,0.14002642007926025,0.8599735799207398,268,2
2021,영등포구,1119069,신길7동,17.0,20.0,6.0,12.0,55.0,0.052840158520475564,0.9471598414795245,75,5
2021,영등포구,1119070,대림1동,12.0,58.0,13.0,24.0,107.0,0.1215323645970938,0.8784676354029062,238,3
2021,영등포구,1119071,대림2동,16.0,74.0,17.0,31.0,138.0,0.16248348745046234,0.8375165125495376,313,2
2021,영등포구,1119072,대림3동,26.0,61.0,11.0,33.0,131.0,0.15323645970937913,0.8467635402906208,289,2
2021,영등포구,1119073,영등포본동,20.0,52.0,10.0,22.0,104.0,0.11756935270805813,0.8824306472919419,229,3
2021,영등포구,1119074,영등포동,65.0,131.0,42.0,108.0,346.0,0.4372523117569353,0.5627476882430646,414,1
2021,영등포구,1119075,도림동,13.0,33.0,6.0,17.0,69.0,0.071334214002642,0.9286657859973579,113,4
2021,영등포구,1119076,문래동,40.0,72.0,17.0,57.0,186.0,0.22589167767503301,0.774108322324967,376,1
2021,동작구,1120052,노량진2동,19.0,472.0,13.0,14.0,518.0,0.6644649933949802,0.3355350066050198,423,1
2021,동작구,1120053,상도1동,43.0,37.0,15.0,48.0,143.0,0.1690885072655218,0.8309114927344782,326,2
2021,동작구,1120054,상도2동,20.0,36.0,15.0,60.0,131.0,0.15323645970937913,0.8467635402906208,289,2
2021,동작구,1120055,상도3동,14.0,30.0,11.0,35.0,90.0,0.09907529722589167,0.9009247027741083,182,3
2021,동작구,1120056,상도4동,16.0,35.0,12.0,28.0,91.0,0.10039630118890357,0.8996036988110965,185,3
2021,동작구,1120063,사당1동,31.0,34.0,14.0,62.0,141.0,0.166446499339498,0.8335535006605019,322,2
2021,동작구,1120065,사당3동,12.0,21.0,6.0,14.0,53.0,0.05019815059445178,0.9498018494055482,69,5
2021,동작구,1120066,사당4동,7.0,41.0,5.0,35.0,88.0,0.0964332892998679,0.9035667107001321,179,3
2021,동작구,1120067,사당5동,11.0,9.0,3.0,7.0,30.0,0.019815059445178335,0.9801849405548216,21,5
2021,동작구,1120068,대방동,32.0,37.0,14.0,49.0,132.0,0.154557463672391,0.845442536327609,293,2
2021,동작구,1120069,신대방1동,9.0,44.0,8.0,26.0,87.0,0.095112285336856,0.904887714663144,175,3
2021,동작구,1120070,신대방2동,26.0,17.0,11.0,17.0,71.0,0.07397622192866579,0.9260237780713342,119,4
2021,동작구,1120071,흑석동,22.0,49.0,21.0,37.0,129.0,0.15059445178335534,0.8494055482166447,284,2
2021,동작구,1120072,노량진1동,38.0,135.0,12.0,23.0,208.0,0.25495376486129456,0.7450462351387055,389,1
2021,동작구,1120073,사당2동,22.0,59.0,16.0,66.0,163.0,0.1955085865257596,0.8044914134742405,353,1
2021,관악구,1121052,보라매동,14.0,43.0,7.0,23.0,87.0,0.095112285336856,0.904887714663144,175,3
2021,관악구,1121054,청림동,6.0,16.0,4.0,8.0,34.0,0.02509907529722589,0.9749009247027741,26,5
2021,관악구,1121057,행운동,32.0,51.0,14.0,51.0,148.0,0.17569352708058125,0.8243064729194187,330,2
2021,관악구,1121058,낙성대동,23.0,13.0,10.0,34.0,80.0,0.08586525759577279,0.9141347424042272,150,4
2021,관악구,1121061,중앙동,18.0,15.0,13.0,54.0,100.0,0.11228533685601057,0.8877146631439894,218,3
2021,관악구,1121062,인헌동,24.0,57.0,15.0,43.0,139.0,0.16380449141347425,0.8361955085865258,318,2
2021,관악구,1121063,남현동,21.0,17.0,8.0,26.0,72.0,0.07529722589167767,0.9247027741083224,124,4
2021,관악구,1121064,서원동,27.0,27.0,7.0,31.0,92.0,0.10171730515191546,0.8982826948480845,190,3
2021,관악구,1121065,신원동,10.0,69.0,7.0,16.0,102.0,0.11492734478203434,0.8850726552179656,225,3
2021,관악구,1121066,서림동,24.0,23.0,5.0,15.0,67.0,0.06869220607661823,0.9313077939233818,109,4
2021,관악구,1121068,신사동,30.0,66.0,10.0,27.0,133.0,0.15587846763540292,0.8441215323645971,297,2
2021,관악구,1121069,신림동,37.0,48.0,22.0,58.0,165.0,0.19815059445178335,0.8018494055482166,358,1
2021,관악구,1121071,난향동,4.0,24.0,5.0,9.0,42.0,0.035667107001321,0.964332892998679,40,5
2021,관악구,1121072,조원동,19.0,62.0,11.0,32.0,124.0,0.14398943196829592,0.8560105680317041,271,2
2021,관악구,1121073,대학동,35.0,33.0,14.0,22.0,104.0,0.11756935270805813,0.8824306472919419,229,3
2021,관악구,1121078,은천동,19.0,51.0,8.0,29.0,107.0,0.1215323645970938,0.8784676354029062,238,3
2021,관악구,1121079,성현동,9.0,17.0,3.0,20.0,49.0,0.04491413474240423,0.9550858652575958,53,5
2021,관악구,1121080,청룡동,46.0,61.0,25.0,58.0,190.0,0.2311756935270806,0.7688243064729194,378,1
2021,관악구,1121081,난곡동,15.0,39.0,11.0,32.0,97.0,0.1083223249669749,0.8916776750330251,206,3
2021,관악구,1121082,삼성동,7.0,70.0,8.0,12.0,97.0,0.1083223249669749,0.8916776750330251,206,3
2021,관악구,1121083,미성동,21.0,54.0,13.0,36.0,124.0,0.14398943196829592,0.8560105680317041,271,2
2021,서초구,1122051,서초1동,39.0,33.0,16.0,77.0,165.0,0.19815059445178335,0.8018494055482166,358,1
2021,서초구,1122052,서초2동,36.0,51.0,27.0,120.0,234.0,0.2892998678996037,0.7107001321003963,396,1
2021,서초구,1122053,서초3동,70.0,45.0,28.0,102.0,245.0,0.3038309114927345,0.6961690885072656,401,1
2021,서초구,1122054,서초4동,37.0,28.0,31.0,269.0,365.0,0.4623513870541612,0.5376486129458389,415,1
2021,서초구,1122055,잠원동,25.0,29.0,13.0,93.0,160.0,0.19154557463672392,0.808454425363276,348,1
2021,서초구,1122056,반포본동,4.0,14.0,1.0,3.0,22.0,0.009247027741083224,0.9907529722589168,4,5
2021,서초구,1122057,반포1동,22.0,33.0,20.0,107.0,182.0,0.22060766182298547,0.7793923381770145,372,1
2021,서초구,1122058,반포2동,5.0,19.0,6.0,22.0,52.0,0.0488771466314399,0.9511228533685601,61,5
2021,서초구,1122059,반포3동,10.0,16.0,10.0,61.0,97.0,0.1083223249669749,0.8916776750330251,206,3
2021,서초구,1122060,반포4동,39.0,35.0,15.0,50.0,139.0,0.16380449141347425,0.8361955085865258,318,2
2021,서초구,1122061,방배본동,17.0,20.0,12.0,31.0,80.0,0.08586525759577279,0.9141347424042272,150,4
2021,서초구,1122062,방배1동,21.0,23.0,11.0,58.0,113.0,0.12945838837516513,0.8705416116248349,253,3
2021,서초구,1122063,방배2동,21.0,19.0,3.0,28.0,71.0,0.07397622192866579,0.9260237780713342,119,4
2021,서초구,1122064,방배3동,15.0,21.0,9.0,11.0,56.0,0.05416116248348745,0.9458388375165125,77,5
2021,서초구,1122065,방배4동,16.0,28.0,12.0,79.0,135.0,0.15852047556142668,0.8414795244385733,303,2
2021,서초구,1122066,양재1동,48.0,34.0,17.0,70.0,169.0,0.20343461030383092,0.7965653896961691,362,1
2021,서초구,1122067,양재2동,53.0,64.0,13.0,34.0,164.0,0.19682959048877147,0.8031704095112285,356,1
2021,서초구,1122068,내곡동,13.0,25.0,5.0,18.0,61.0,0.0607661822985469,0.9392338177014531,93,4
2021,강남구,1123051,신사동,39.0,42.0,47.0,373.0,501.0,0.6420079260237781,0.3579920739762219,422,1
2021,강남구,1123052,논현1동,72.0,59.0,49.0,287.0,467.0,0.5970937912813739,0.40290620871862615,421,1
2021,강남구,1123053,논현2동,64.0,36.0,29.0,158.0,287.0,0.35931307793923384,0.6406869220607662,409,1
2021,강남구,1123058,삼성1동,53.0,32.0,17.0,82.0,184.0,0.22324966974900926,0.7767503302509907,373,1
2021,강남구,1123059,삼성2동,53.0,45.0,16.0,90.0,204.0,0.24966974900924702,0.750330250990753,387,1
2021,강남구,1123060,대치1동,18.0,34.0,16.0,89.0,157.0,0.18758256274768825,0.8124174372523117,345,1
2021,강남구,1123063,대치4동,53.0,39.0,19.0,87.0,198.0,0.24174372523117568,0.7582562747688243,383,1
2021,강남구,1123064,역삼1동,173.0,88.0,70.0,441.0,772.0,1.0,0.0,425,1
2021,강남구,1123065,역삼2동,54.0,56.0,30.0,106.0,246.0,0.3051519154557464,0.6948480845442536,402,1
2021,강남구,1123066,도곡1동,23.0,20.0,18.0,66.0,127.0,0.14795244385733158,0.8520475561426684,277,2
2021,강남구,1123067,도곡2동,17.0,17.0,7.0,29.0,70.0,0.0726552179656539,0.9273447820343461,117,4
2021,강남구,1123068,개포1동,1.0,9.0,1.0,5.0,16.0,0.001321003963011889,0.9986789960369881,2,5
2021,강남구,1123071,개포4동,27.0,29.0,9.0,34.0,99.0,0.11096433289299867,0.8890356671070013,216,3
2021,강남구,1123072,일원본동,12.0,17.0,15.0,15.0,59.0,0.05812417437252312,0.9418758256274768,88,4
2021,강남구,1123073,일원1동,10.0,22.0,13.0,31.0,76.0,0.08058124174372523,0.9194187582562747,137,4
2021,강남구,1123074,일원2동,6.0,13.0,7.0,23.0,49.0,0.04491413474240423,0.9550858652575958,53,5
2021,강남구,1123075,수서동,19.0,10.0,11.0,36.0,76.0,0.08058124174372523,0.9194187582562747,137,4
2021,강남구,1123076,세곡동,20.0,37.0,9.0,31.0,97.0,0.1083223249669749,0.8916776750330251,206,3
2021,강남구,1123077,압구정동,46.0,48.0,36.0,307.0,437.0,0.5574636723910171,0.44253632760898287,419,1
2021,강남구,1123078,청담동,59.0,41.0,28.0,240.0,368.0,0.4663143989431968,0.5336856010568032,416,1
2021,강남구,1123079,대치2동,47.0,52.0,17.0,75.0,191.0,0.23249669749009247,0.7675033025099075,379,1
2021,강남구,1123080,개포2동,17.0,34.0,9.0,37.0,97.0,0.1083223249669749,0.8916776750330251,206,3
2021,송파구,1124051,풍납1동,8.0,32.0,6.0,15.0,61.0,0.0607661822985469,0.9392338177014531,93,4
2021,송파구,1124052,풍납2동,13.0,27.0,29.0,27.0,96.0,0.10700132100396301,0.892998678996037,203,3
2021,송파구,1124053,거여1동,14.0,24.0,3.0,12.0,53.0,0.05019815059445178,0.9498018494055482,69,5
2021,송파구,1124054,거여2동,10.0,21.0,14.0,40.0,85.0,0.09247027741083223,0.9075297225891678,167,4
2021,송파구,1124055,마천1동,15.0,28.0,8.0,17.0,68.0,0.07001321003963012,0.9299867899603699,111,4
2021,송파구,1124056,마천2동,12.0,73.0,14.0,34.0,133.0,0.15587846763540292,0.8441215323645971,297,2
2021,송파구,1124057,방이1동,18.0,19.0,9.0,32.0,78.0,0.083223249669749,0.916776750330251,142,4
2021,송파구,1124058,방이2동,37.0,54.0,20.0,62.0,173.0,0.20871862615587847,0.7912813738441216,364,1
2021,송파구,1124059,오륜동,10.0,21.0,6.0,13.0,50.0,0.046235138705416116,0.9537648612945839,57,5
2021,송파구,1124060,오금동,34.0,54.0,12.0,34.0,134.0,0.1571994715984148,0.8428005284015851,302,2
2021,송파구,1124061,송파1동,33.0,25.0,13.0,44.0,115.0,0.13210039630118892,0.8678996036988111,258,2
2021,송파구,1124062,송파2동,12.0,24.0,12.0,34.0,82.0,0.08850726552179657,0.9114927344782034,159,4
2021,송파구,1124063,석촌동,46.0,71.0,29.0,84.0,230.0,0.28401585204755614,0.7159841479524438,395,1
2021,송파구,1124064,삼전동,35.0,34.0,17.0,51.0,137.0,0.16116248348745046,0.8388375165125496,309,2
2021,송파구,1124065,가락본동,36.0,48.0,21.0,56.0,161.0,0.1928665785997358,0.8071334214002642,351,1
2021,송파구,1124066,가락1동,9.0,68.0,13.0,20.0,110.0,0.12549537648612946,0.8745046235138705,244,3
2021,송파구,1124067,가락2동,18.0,46.0,17.0,59.0,140.0,0.16512549537648613,0.8348745046235139,320,2
2021,송파구,1124068,문정1동,16.0,23.0,5.0,17.0,61.0,0.0607661822985469,0.9392338177014531,93,4
2021,송파구,1124069,문정2동,59.0,55.0,18.0,70.0,202.0,0.24702774108322326,0.7529722589167768,384,1
2021,송파구,1124071,잠실본동,51.0,75.0,25.0,120.0,271.0,0.3381770145310436,0.6618229854689563,407,1
2021,송파구,1124075,잠실4동,3.0,14.0,9.0,11.0,37.0,0.02906208718626156,0.9709379128137384,33,5
2021,송파구,1124077,잠실6동,24.0,27.0,24.0,68.0,143.0,0.1690885072655218,0.8309114927344782,326,2
2021,송파구,1124078,잠실7동,3.0,13.0,3.0,5.0,24.0,0.011889035667107,0.988110964332893,9,5
2021,송파구,1124079,잠실2동,19.0,28.0,15.0,53.0,115.0,0.13210039630118892,0.8678996036988111,258,2
2021,송파구,1124080,잠실3동,16.0,27.0,13.0,31.0,87.0,0.095112285336856,0.904887714663144,175,3
2021,송파구,1124081,장지동,24.0,36.0,11.0,35.0,106.0,0.1202113606340819,0.8797886393659181,235,3
2021,송파구,1124082,위례동,20.0,25.0,6.0,19.0,70.0,0.0726552179656539,0.9273447820343461,117,4
2021,강동구,1125051,강일동,22.0,32.0,10.0,29.0,93.0,0.10303830911492734,0.8969616908850726,196,3
2021,강동구,1125052,상일동,26.0,39.0,9.0,26.0,100.0,0.11228533685601057,0.8877146631439894,218,3
2021,강동구,1125053,명일1동,18.0,64.0,17.0,79.0,178.0,0.21532364597093792,0.7846763540290621,367,1
2021,강동구,1125054,명일2동,17.0,22.0,22.0,49.0,110.0,0.12549537648612946,0.8745046235138705,244,3
2021,강동구,1125055,고덕1동,9.0,22.0,2.0,11.0,44.0,0.03830911492734478,0.9616908850726552,43,5
2021,강동구,1125056,고덕2동,12.0,34.0,9.0,30.0,85.0,0.09247027741083223,0.9075297225891678,167,4
2021,강동구,1125058,암사2동,7.0,27.0,7.0,28.0,69.0,0.071334214002642,0.9286657859973579,113,4
2021,강동구,1125059,암사3동,4.0,20.0,5.0,12.0,41.0,0.034346103038309116,0.9656538969616909,38,5
2021,강동구,1125061,천호1동,20.0,55.0,15.0,31.0,121.0,0.14002642007926025,0.8599735799207398,268,2
2021,강동구,1125063,천호3동,26.0,45.0,16.0,44.0,131.0,0.15323645970937913,0.8467635402906208,289,2
2021,강동구,1125065,성내1동,20.0,34.0,9.0,30.0,93.0,0.10303830911492734,0.8969616908850726,196,3
2021,강동구,1125066,성내2동,20.0,61.0,12.0,44.0,137.0,0.16116248348745046,0.8388375165125496,309,2
2021,강동구,1125067,성내3동,24.0,63.0,17.0,83.0,187.0,0.22721268163804492,0.7727873183619551,377,1
2021,강동구,1125070,둔촌1동,24.0,9.0,0.0,1.0,34.0,0.02509907529722589,0.9749009247027741,26,5
2021,강동구,1125071,둔촌2동,21.0,36.0,17.0,23.0,97.0,0.1083223249669749,0.8916776750330251,206,3
2021,강동구,1125072,암사1동,27.0,79.0,9.0,31.0,146.0,0.17305151915455746,0.8269484808454426,328,2
2021,강동구,1125073,천호2동,46.0,67.0,26.0,102.0,241.0,0.2985468956406869,0.7014531043593131,399,1
2021,강동구,1125074,길동,49.0,113.0,33.0,107.0,302.0,0.37912813738441214,0.6208718626155878,410,1
2021,구로구,1117073,오류2동,26.0,46.0,9.0,28.0,109.0,0.12417437252311757,0.8758256274768824,240,3
