기준연도,자치구명,행정동명,행정동코드,rain_days,heavy_rain_days,total_rainfall,avg_rainfall,max_daily_rainfall,flood_trace_count,flood_trace_area,avg_flood_depth,max_flood_depth,flood_trace_flag,flood_pred_count,flood_pred_level_max,flood_pred_level_mean,flood_pred_weighted_score,flood_pred_flag,rain_exposure_score,flood_trace_score,flood_prediction_score,RII,RII_rank,RII_grade,impervious_ratio,mean_elevation,lowland_ratio,impervious_score,low_elevation_score,RII_v2
2021,종로구,사직동,1101053,117,9,1186.5,3.250684931506849,77.4,1.0,66.1,0.3,0.3,1.0,3.0,3.0,2.0,6.0,1.0,0.4745647934402593,0.2593908403292592,0.4642857142857143,0.41828098539523706,90,4,0.8087517842075321,50.51719284057617,0.0,0.8026562602120711,0.0,0.41828098539523706
2021,종로구,삼청동,1101054,117,9,1186.5,3.250684931506849,77.4,0.0,0.0,0.0,0.0,0.0,1.0,1.0,1.0,1.0,1.0,0.4745647934402593,0.0,0.1666666666666666,0.12297524865168223,407,1,0.2540950879803554,118.80648803710938,0.0,0.23032136925201047,0.0,0.12297524865168223
2021,종로구,부암동,1101055,117,9,1186.5,3.250684931506849,77.4,0.0,0.0,0.0,0.0,0.0,4.0,4.0,2.5,10.0,1.0,0.4745647934402593,0.0,0.6309523809523809,0.2318930088838097,342,1,0.22636426038516275,146.3251495361328,0.0,0.20170669589480603,0.0,0.2318930088838097
2021,종로구,평창동,1101056,117,9,1186.5,3.250684931506849,77.4,0.0,0.0,0.0,0.0,0.0,3.0,3.0,2.0,6.0,1.0,0.4745647934402593,0.0,0.4642857142857143,0.13979966824344153,395,1,0.03088785082319506,276.4068298339844,0.0,0.0,0.0,0.13979966824344153
2021,종로구,무악동,1101057,117,9,1186.5,3.250684931506849,77.4,0.0,0.0,0.0,0.0,0.0,0.0,0.0,0.0,0.0,0.0,0.4745647934402593,0.0,0.0,0.02420645346557181,425,1,0.03274162201216226,108.792236328125,0.0,0.0019128551742353622,0.0,0.02420645346557181
2021,종로구,교남동,1101058,117,9,1186.5,3.250684931506849,77.4,0.0,0.0,0.0,0.0,0.0,0.0,0.0,0.0,0.0,0.0,0.4745647934402593,0.0,0.0,0.2572866431097447,312,2,0.9362649960785688,57.27772903442383,0.0,0.9342336137509268,0.0,0.2572866431097447
2021,종로구,가회동,1101060,117,9,1186.5,3.250684931506849,77.4,1.0,193.7,0.3,0.3,1.0,4.0,4.0,2.5,10.0,1.0,0.4745647934402593,0.2595338259606824,0.6309523809523809,0.3230668210231187,208,3,0.27797399587603183,59.500885009765625,0.0,0.2549613532992231,0.0,0.3230668210231187
2021,종로구,종로1·2·3·4가동,1101061,117,9,1186.5,3.250684931506849,77.4,0.0,0.0,0.0,0.0,0.0,3.0,3.0,2.0,6.0,1.0,0.4745647934402593,0.0,0.4642857142857143,0.3261855648871716,204,3,0.7534031983137992,34.578792572021484,0.0,0.7455435865749201,0.0,0.3261855648871716
2021,종로구,종로5·6가동,1101063,117,9,1186.5,3.250684931506849,77.4,1.0,49.6,0.3,0.3,1.0,2.0,2.0,1.5,3.0,1.0,0.4745647934402593,0.2593723508079544,0.3095238095238095,0.42892089729535166,81,5,1.0,23.41362953186035,0.0,1.0,0.0,0.42892089729535166
2021,종로구,이화동,1101064,117,9,1186.5,3.250684931506849,77.4,0.0,0.0,0.0,0.0,0.0,2.0,2.0,1.5,3.0,1.0,0.4745647934402593,0.0,0.3095238095238095,0.35110919205296537,159,3,1.0,32.034278869628906,0.0,1.0,0.0,0.35110919205296537
2021,종로구,창신1동,1101067,117,9,1186.5,3.250684931506849,77.4,0.0,0.0,0.0,0.0,0.0,2.0,2.0,1.5,3.0,1.0,0.4745647934402593,0.0,0.3095238095238095,0.35110919205296537,159,3,1.0,,0.0,1.0,0.0,0.35110919205296537
2021,종로구,창신2동,1101068,117,9,1186.5,3.250684931506849,77.4,0.0,0.0,0.0,0.0,0.0,1.0,1.0,1.0,1.0,1.0,0.4745647934402593,0.0,0.1666666666666666,0.3153949063386796,218,3,1.0,,0.0,1.0,0.0,0.3153949063386796
2021,종로구,창신3동,1101069,117,9,1186.5,3.250684931506849,77.4,0.0,0.0,0.0,0.0,0.0,0.0,0.0,0.0,0.0,0.0,0.4745647934402593,0.0,0.0,0.273728239672013,286,2,1.0,,0.0,1.0,0.0,0.273728239672013
2021,종로구,숭인1동,1101070,117,9,1186.5,3.250684931506849,77.4,0.0,0.0,0.0,0.0,0.0,1.0,1.0,1.0,1.0,1.0,0.4745647934402593,0.0,0.1666666666666666,0.3153949063386796,218,3,1.0,,0.0,1.0,0.0,0.3153949063386796
2021,종로구,숭인2동,1101071,117,9,1186.5,3.250684931506849,77.4,0.0,0.0,0.0,0.0,0.0,2.0,2.0,1.5,3.0,1.0,0.4745647934402593,0.0,0.3095238095238095,0.35110919205296537,159,3,1.0,,0.0,1.0,0.0,0.35110919205296537
2021,종로구,청운효자동,1101072,117,9,1186.5,3.250684931506849,77.4,0.0,0.0,0.0,0.0,0.0,6.0,6.0,3.5,21.0,1.0,0.4745647934402593,0.0,1.0,0.3686279731686099,138,4,0.39876178956396735,95.90819549560547,0.0,0.37959893398638767,0.0,0.3686279731686099
2021,종로구,혜화동,1101073,117,9,1186.5,3.250684931506849,77.4,0.0,0.0,0.0,0.0,0.0,3.0,3.0,2.0,6.0,1.0,0.4745647934402593,0.0,0.4642857142857143,0.3897996682434416,109,4,1.0,61.7195930480957,0.0,1.0,0.0,0.3897996682434416
2021,중구,소공동,1102052,117,9,1186.5,3.250684931506849,77.4,0.0,0.0,0.0,0.0,0.0,2.0,2.0,1.5,3.0,1.0,0.4745647934402593,0.0,0.3095238095238095,0.35110919205296537,159,3,1.0,35.711952209472656,0.0,1.0,0.0,0.35110919205296537
2021,중구,회현동,1102054,117,9,1186.5,3.250684931506849,77.4,0.0,0.0,0.0,0.0,0.0,1.0,1.0,1.0,1.0,1.0,0.4745647934402593,0.0,0.1666666666666666,0.3153949063386796,218,3,1.0,49.33759689331055,0.0,1.0,0.0,0.3153949063386796
2021,중구,명동,1102055,117,9,1186.5,3.250684931506849,77.4,0.0,0.0,0.0,0.0,0.0,3.0,3.0,2.0,6.0,1.0,0.4745647934402593,0.0,0.4642857142857143,0.3897996682434416,109,4,1.0,34.90056228637695,0.0,1.0,0.0,0.3897996682434416
2021,중구,필동,1102057,117,9,1186.5,3.250684931506849,77.4,0.0,0.0,0.0,0.0,0.0,2.0,2.0,1.5,3.0,1.0,0.4745647934402593,0.0,0.3095238095238095,0.3109310364679517,249,3,0.8442514451641895,84.91377258300781,0.0,0.8392873776599454,0.0,0.3109310364679517
2021,중구,장충동,1102058,117,9,1186.5,3.250684931506849,77.4,0.0,0.0,0.0,0.0,0.0,4.0,4.0,2.5,10.0,1.0,0.4745647934402593,0.0,0.6309523809523809,0.38307752794118316,125,4,0.8124232771289739,93.37886810302734,0.0,0.8064447721242998,0.0,0.38307752794118316
2021,중구,광희동,1102059,117,9,1186.5,3.250684931506849,77.4,0.0,0.0,0.0,0.0,0.0,6.0,6.0,3.5,21.0,1.0,0.4745647934402593,0.0,1.0,0.523728239672013,18,5,1.0,26.93266487121582,0.0,1.0,0.0,0.523728239672013
2021,중구,을지로동,1102060,117,9,1186.5,3.250684931506849,77.4,0.0,0.0,0.0,0.0,0.0,2.0,2.0,1.5,3.0,1.0,0.4745647934402593,0.0,0.3095238095238095,0.35110919205296537,159,3,1.0,24.466829299926758,0.0,1.0,0.0,0.35110919205296537
2021,중구,신당5동,1102065,117,9,1186.5,3.250684931506849,77.4,0.0,0.0,0.0,0.0,0.0,2.0,2.0,1.5,3.0,1.0,0.4745647934402593,0.0,0.3095238095238095,0.35110919205296537,159,3,1.0,,0.0,1.0,0.0,0.35110919205296537
2021,중구,황학동,1102067,117,9,1186.5,3.250684931506849,77.4,0.0,0.0,0.0,0.0,0.0,5.0,6.0,3.4,17.0,1.0,0.4745647934402593,0.0,0.9035714285714288,0.4996210968148702,28,5,1.0,,0.0,1.0,0.0,0.4996210968148702
2021,중구,중림동,1102068,117,9,1186.5,3.250684931506849,77.4,0.0,0.0,0.0,0.0,0.0,0.0,0.0,0.0,0.0,0.0,0.4745647934402593,0.0,0.0,0.273728239672013,286,2,1.0,51.37067413330078,0.0,1.0,0.0,0.273728239672013
2021,중구,신당동,1102069,117,9,1186.5,3.250684931506849,77.4,0.0,0.0,0.0,0.0,0.0,4.0,4.0,2.5,10.0,1.0,0.4745647934402593,0.0,0.6309523809523809,0.4314663349101082,73,5,1.0,,0.0,1.0,0.0,0.4314663349101082
2021,중구,다산동,1102070,117,9,1186.5,3.250684931506849,77.4,0.0,0.0,0.0,0.0,0.0,2.0,2.0,1.5,3.0,1.0,0.4745647934402593,0.0,0.3095238095238095,0.2532012565287905,316,2,0.6204649207308115,84.43032836914062,0.0,0.6083682579033006,0.0,0.2532012565287905
2021,중구,약수동,1102071,117,9,1186.5,3.250684931506849,77.4,0.0,0.0,0.0,0.0,0.0,2.0,2.0,1.5,3.0,1.0,0.4745647934402593,0.0,0.3095238095238095,0.230098770708107,346,1,0.5309093219907745,83.60002899169922,0.0,0.5159583146205666,0.0,0.230098770708107
2021,중구,청구동,1102072,117,9,1186.5,3.250684931506849,77.4,0.0,0.0,0.0,0.0,0.0,2.0,2.0,1.5,3.0,1.0,0.4745647934402593,0.0,0.3095238095238095,0.27385129204309,285,2,0.7005137219221719,,0.0,0.6909683999604985,0.0,0.27385129204309
2021,중구,동화동,1102073,117,9,1186.5,3.250684931506849,77.4,0.0,0.0,0.0,0.0,0.0,2.0,2.0,1.5,3.0,1.0,0.4745647934402593,0.0,0.3095238095238095,0.35110919205296537,159,3,1.0,,0.0,1.0,0.0,0.35110919205296537
2021,용산구,후암동,1103051,117,9,1186.5,3.250684931506849,77.4,0.0,0.0,0.0,0.0,0.0,2.0,2.0,1.5,3.0,1.0,0.4745647934402593,0.0,0.3095238095238095,0.30115803157459925,258,2,0.8063668940597406,77.8915786743164,0.0,0.8001953580865356,0.0,0.30115803157459925
2021,용산구,용산2가동,1103052,117,9,1186.5,3.250684931506849,77.4,0.0,0.0,0.0,0.0,0.0,3.0,3.0,2.0,6.0,1.0,0.4745647934402593,0.0,0.4642857142857143,0.3897996682434416,109,4,1.0,61.588138580322266,0.0,1.0,0.0,0.3897996682434416
2021,용산구,남영동,1103053,117,9,1186.5,3.250684931506849,77.4,0.0,0.0,0.0,0.0,0.0,2.0,2.0,1.5,3.0,1.0,0.4745647934402593,0.0,0.3095238095238095,0.35110919205296537,159,3,1.0,23.467147827148438,0.0,1.0,0.0,0.35110919205296537
2021,용산구,원효로2동,1103057,117,9,1186.5,3.250684931506849,77.4,0.0,0.0,0.0,0.0,0.0,5.0,5.0,3.0,15.0,1.0,0.4745647934402593,0.0,0.8095238095238095,0.4489968754569695,57,5,0.7745969212387802,21.55760955810547,0.20689655172413793,0.7674128025815337,0.20689655172413793,0.4489968754569695
2021,용산구,효창동,1103058,117,9,1186.5,3.250684931506849,77.4,0.0,0.0,0.0,0.0,0.0,1.0,1.0,1.0,1.0,1.0,0.4745647934402593,0.0,0.1666666666666666,0.3153949063386796,218,3,1.0,39.841487884521484,0.0,1.0,0.0,0.3153949063386796
2021,용산구,용문동,1103059,117,9,1186.5,3.250684931506849,77.4,0.0,0.0,0.0,0.0,0.0,2.0,2.0,1.5,3.0,1.0,0.4745647934402593,0.0,0.3095238095238095,0.3632713542151275,148,4,1.0,28.095951080322266,0.08108108108108109,1.0,0.08108108108108109,0.3632713542151275
2021,용산구,이촌1동,1103063,117,9,1186.5,3.250684931506849,77.4,0.0,0.0,0.0,0.0,0.0,5.0,6.0,3.2,16.0,1.0,0.4745647934402593,0.0,0.8773809523809524,0.5712008248582046,10,5,0.8959942639526844,7.1438775062561035,0.6997167138810199,0.892679360035202,0.6997167138810199,0.5712008248582046
2021,용산구,이촌2동,1103064,117,9,1186.5,3.250684931506849,77.4,0.0,0.0,0.0,0.0,0.0,0.0,0.0,0.0,0.0,0.0,0.4745647934402593,0.0,0.0,0.29819739268531376,261,2,0.6273222824338358,6.1628336906433105,0.8040540540540541,0.6154441796207708,0.8040540540540541,0.29819739268531376
2021,용산구,이태원1동,1103065,117,9,1186.5,3.250684931506849,77.4,0.0,0.0,0.0,0.0,0.0,3.0,3.0,2.0,6.0,1.0,0.4745647934402593,0.0,0.4642857142857143,0.2699711304516921,297,2,0.5354908328316947,55.65756607055664,0.0,0.5206858488330022,0.0,0.2699711304516921
2021,용산구,이태원2동,1103066,117,9,1186.5,3.250684931506849,77.4,0.0,0.0,0.0,0.0,0.0,3.0,3.0,2.0,6.0,1.0,0.4745647934402593,0.0,0.4642857142857143,0.15911882055408713,388,1,0.10577755168737021,93.70236206054688,0.0,0.07727660924258237,0.0,0.15911882055408713
2021,용산구,서빙고동,1103069,117,9,1186.5,3.250684931506849,77.4,0.0,0.0,0.0,0.0,0.0,6.0,6.0,3.5,21.0,1.0,0.4745647934402593,0.0,1.0,0.5504998158042397,14,5,0.9200686834941552,15.375360488891602,0.3159420289855073,0.9175210871376022,0.3159420289855073,0.5504998158042397
2021,용산구,보광동,1103070,117,9,1186.5,3.250684931506849,77.4,0.0,0.0,0.0,0.0,0.0,6.0,6.0,3.5,21.0,1.0,0.4745647934402593,0.0,1.0,0.3231272818422199,207,3,0.12772323278902606,34.377235412597656,0.16279069767441862,0.09992175007617651,0.16279069767441862,0.3231272818422199
2021,용산구,청파동,1103071,117,9,1186.5,3.250684931506849,77.4,0.0,0.0,0.0,0.0,0.0,0.0,0.0,0.0,0.0,0.0,0.4745647934402593,0.0,0.0,0.18026738890528402,378,1,0.6377038161982507,41.59661865234375,0.0,0.6261565969330842,0.0,0.18026738890528402
2021,용산구,원효로1동,1103072,117,9,1186.5,3.250684931506849,77.4,0.0,0.0,0.0,0.0,0.0,2.0,2.0,1.5,3.0,1.0,0.4745647934402593,0.0,0.3095238095238095,0.364745555689329,143,4,1.0,17.927396774291992,0.09090909090909091,1.0,0.09090909090909091,0.364745555689329
2021,용산구,한강로동,1103073,117,9,1186.5,3.250684931506849,77.4,0.0,0.0,0.0,0.0,0.0,6.0,6.0,3.5,21.0,1.0,0.4745647934402593,0.0,1.0,0.5689395072776467,11,5,1.0,15.274433135986328,0.30140845070422534,1.0,0.30140845070422534,0.5689395072776467
2021,용산구,한남동,1103074,117,9,1186.5,3.250684931506849,77.4,0.0,0.0,0.0,0.0,0.0,6.0,6.0,3.5,21.0,1.0,0.4745647934402593,0.0,1.0,0.34390860534771794,188,3,0.30293843086318123,75.23603820800781,0.0,0.28072146270281995,0.0,0.34390860534771794
2021,성동구,왕십리2동,1104052,117,9,1186.5,3.250684931506849,77.4,0.0,0.0,0.0,0.0,0.0,1.0,1.0,1.0,1.0,1.0,0.4745647934402593,0.0,0.1666666666666666,0.3153949063386796,218,3,1.0,,0.0,1.0,0.0,0.3153949063386796
2021,성동구,마장동,1104054,117,9,1186.5,3.250684931506849,77.4,0.0,0.0,0.0,0.0,0.0,5.0,5.0,3.0,15.0,1.0,0.4745647934402593,0.0,0.8095238095238095,0.43617610686162217,68,5,0.8452014479478278,,0.0,0.8402676592346272,0.0,0.43617610686162217
2021,성동구,사근동,1104055,117,9,1186.5,3.250684931506849,77.4,0.0,0.0,0.0,0.0,0.0,2.0,2.0,1.5,3.0,1.0,0.4745647934402593,0.0,0.3095238095238095,0.237047277632954,335,2,0.557844851908808,,0.0,0.5437523423199546,0.0,0.237047277632954
2021,성동구,행당1동,1104056,117,9,1186.5,3.250684931506849,77.4,0.0,0.0,0.0,0.0,0.0,4.0,4.0,2.5,10.0,1.0,0.4745647934402593,0.0,0.6309523809523809,0.4314663349101082,73,5,1.0,,0.0,1.0,0.0,0.4314663349101082
2021,성동구,행당2동,1104057,117,9,1186.5,3.250684931506849,77.4,0.0,0.0,0.0,0.0,0.0,1.0,1.0,1.0,1.0,1.0,0.4745647934402593,0.0,0.1666666666666666,0.2964611528593734,264,2,0.926604277894743,,0.0,0.9242649860827752,0.0,0.2964611528593734
2021,성동구,응봉동,1104058,117,9,1186.5,3.250684931506849,77.4,0.0,0.0,0.0,0.0,0.0,2.0,2.0,1.5,3.0,1.0,0.4745647934402593,0.0,0.3095238095238095,0.16213733166789931,387,1,0.26746029699315826,,0.0,0.244112558459736,0.0,0.16213733166789931
2021,성동구,금호1가동,1104059,117,9,1186.5,3.250684931506849,77.4,0.0,0.0,0.0,0.0,0.0,6.0,6.0,3.5,21.0,1.0,0.4745647934402593,0.0,1.0,0.311187032193371,248,3,0.17609493452696023,,0.0,0.14983517008543204,0.0,0.311187032193371
2021,성동구,금호4가동,1104062,117,9,1186.5,3.250684931506849,77.4,0.0,0.0,0.0,0.0,0.0,6.0,6.0,3.5,21.0,1.0,0.4745647934402593,0.0,1.0,0.3002929552563255,259,2,0.13386460527192975,,0.0,0.10625886233725008,0.0,0.3002929552563255
2021,성동구,성수1가1동,1104065,117,9,1186.5,3.250684931506849,77.4,0.0,0.0,0.0,0.0,0.0,1.0,1.0,1.0,1.0,1.0,0.4745647934402593,0.0,0.1666666666666666,0.20745599961994077,363,1,0.5815803765200332,,0.0,0.5682443731250446,0.0,0.20745599961994077
2021,성동구,성수1가2동,1104066,117,9,1186.5,3.250684931506849,77.4,0.0,0.0,0.0,0.0,0.0,1.0,1.0,1.0,1.0,1.0,0.4745647934402593,0.0,0.1666666666666666,0.19342225934343094,370,1,0.5271793037186032,,0.0,0.5121094120190053,0.0,0.19342225934343094
2021,성동구,성수2가1동,1104067,117,9,1186.5,3.250684931506849,77.4,0.0,0.0,0.0,0.0,0.0,2.0,2.0,1.5,3.0,1.0,0.4745647934402593,0.0,0.3095238095238095,0.3041432122060547,254,3,0.8179387933294637,,0.0,0.8121360806123575,0.0,0.3041432122060547
2021,성동구,성수2가3동,1104068,117,9,1186.5,3.250684931506849,77.4,0.0,0.0,0.0,0.0,0.0,2.0,2.0,1.5,3.0,1.0,0.4745647934402593,0.0,0.3095238095238095,0.35110919205296537,159,3,1.0,,0.0,1.0,0.0,0.35110919205296537
2021,성동구,송정동,1104069,117,9,1186.5,3.250684931506849,77.4,0.0,0.0,0.0,0.0,0.0,3.0,3.0,2.0,6.0,1.0,0.4745647934402593,0.0,0.4642857142857143,0.3897996682434416,109,4,1.0,,0.0,1.0,0.0,0.3897996682434416
2021,성동구,용답동,1104070,117,9,1186.5,3.250684931506849,77.4,0.0,0.0,0.0,0.0,0.0,2.0,2.0,1.5,3.0,1.0,0.4745647934402593,0.0,0.3095238095238095,0.31742216379728383,213,3,0.8694139665910269,,0.0,0.8652518869772738,0.0,0.31742216379728383
2021,성동구,왕십리도선동,1104071,117,9,1186.5,3.250684931506849,77.4,0.0,0.0,0.0,0.0,0.0,3.0,3.0,2.0,6.0,1.0,0.4745647934402593,0.0,0.4642857142857143,0.3897996682434416,109,4,1.0,,0.0,1.0,0.0,0.3897996682434416
2021,성동구,금호2·3가동,1104072,117,9,1186.5,3.250684931506849,77.4,0.0,0.0,0.0,0.0,0.0,3.0,3.0,2.0,6.0,1.0,0.4745647934402593,0.0,0.4642857142857143,0.17960019294811766,379,1,0.18517253896284788,,0.0,0.1592020988187045,0.0,0.17960019294811766
2021,성동구,옥수동,1104073,117,9,1186.5,3.250684931506849,77.4,0.0,0.0,0.0,0.0,0.0,5.0,5.0,3.0,15.0,1.0,0.4745647934402593,0.0,0.8095238095238095,0.2602731563552972,307,2,0.1633227023009248,,0.0,0.13665585720932727,0.0,0.2602731563552972
2021,광진구,화양동,1105053,117,9,1186.5,3.250684931506849,77.4,0.0,0.0,0.0,0.0,0.0,2.0,2.0,1.5,3.0,1.0,0.4745647934402593,0.0,0.3095238095238095,0.35110919205296537,159,4,1.0,,0.0,1.0,0.0,0.35110919205296537
2021,광진구,군자동,1105054,117,9,1186.5,3.250684931506849,77.4,0.0,0.0,0.0,0.0,0.0,3.0,3.0,2.0,6.0,1.0,0.4745647934402593,0.0,0.4642857142857143,0.34517116044148155,187,3,0.8269998835579548,,0.0,0.8214859687921598,0.0,0.34517116044148155
2021,광진구,중곡1동,1105055,117,9,1186.5,3.250684931506849,77.4,0.0,0.0,0.0,0.0,0.0,6.0,6.0,3.5,21.0,1.0,0.4745647934402593,0.0,1.0,0.3541976946127143,157,4,0.3428235565058714,,0.0,0.3218778197628051,0.0,0.3541976946127143
2021,광진구,중곡2동,1105056,117,9,1186.5,3.250684931506849,77.4,0.0,0.0,0.0,0.0,0.0,1.0,1.0,1.0,1.0,1.0,0.4745647934402593,0.0,0.1666666666666666,0.3153949063386796,218,3,1.0,,0.0,1.0,0.0,0.3153949063386796
2021,광진구,중곡3동,1105057,117,9,1186.5,3.250684931506849,77.4,0.0,0.0,0.0,0.0,0.0,3.0,3.0,2.0,6.0,1.0,0.4745647934402593,0.0,0.4642857142857143,0.27244250523211994,293,2,0.5450709901312218,,0.0,0.5305713479547135,0.0,0.27244250523211994
2021,광진구,중곡4동,1105058,117,9,1186.5,3.250684931506849,77.4,0.0,0.0,0.0,0.0,0.0,1.0,1.0,1.0,1.0,1.0,0.4745647934402593,0.0,0.1666666666666666,0.13138703182088404,404,1,0.2867029330424132,,0.0,0.2639685019288177,0.0,0.13138703182088404
2021,광진구,능동,1105059,117,9,1186.5,3.250684931506849,77.4,0.0,0.0,0.0,0.0,0.0,2.0,2.0,1.5,3.0,1.0,0.4745647934402593,0.0,0.3095238095238095,0.2729729186448125,290,2,0.6971087525950341,,0.0,0.6874549063673885,0.0,0.2729729186448125
2021,광진구,구의1동,1105060,117,9,1186.5,3.250684931506849,77.4,0.0,0.0,0.0,0.0,0.0,2.0,2.0,1.5,3.0,1.0,0.4745647934402593,0.0,0.3095238095238095,0.35110919205296537,159,4,1.0,,0.0,1.0,0.0,0.35110919205296537
2021,광진구,구의2동,1105061,117,9,1186.5,3.250684931506849,77.4,0.0,0.0,0.0,0.0,0.0,2.0,2.0,1.5,3.0,1.0,0.4745647934402593,0.0,0.3095238095238095,0.3227972724321768,209,3,0.8902502989159066,,0.0,0.8867523215168458,0.0,0.3227972724321768
2021,광진구,구의3동,1105062,117,9,1186.5,3.250684931506849,77.4,0.0,0.0,0.0,0.0,0.0,3.0,3.0,2.0,6.0,1.0,0.4745647934402593,0.0,0.4642857142857143,0.3192961881345252,211,3,0.7266968834688159,,0.0,0.7179860795643347,0.0,0.3192961881345252
2021,광진구,광장동,1105063,117,9,1186.5,3.250684931506849,77.4,0.0,0.0,0.0,0.0,0.0,6.0,6.0,3.5,21.0,1.0,0.4745647934402593,0.0,1.0,0.3507407509620023,181,3,0.32942289214217313,,0.0,0.3080500451599573,0.0,0.3507407509620023
2021,광진구,자양1동,1105064,117,9,1186.5,3.250684931506849,77.4,0.0,0.0,0.0,0.0,0.0,2.0,2.0,1.5,3.0,1.0,0.4745647934402593,0.0,0.3095238095238095,0.35110919205296537,159,4,1.0,,0.0,1.0,0.0,0.35110919205296537
2021,광진구,자양2동,1105065,117,9,1186.5,3.250684931506849,77.4,0.0,0.0,0.0,0.0,0.0,6.0,6.0,3.5,21.0,1.0,0.4745647934402593,0.0,1.0,0.4783029480557526,33,5,0.8239111920591312,,0.0,0.8182988335349585,0.0,0.4783029480557526
2021,광진구,자양3동,1105066,117,9,1186.5,3.250684931506849,77.4,0.0,0.0,0.0,0.0,0.0,2.0,2.0,1.5,3.0,1.0,0.4745647934402593,0.0,0.3095238095238095,0.3452792189763032,186,3,0.9774004090481321,,0.0,0.9766801076933513,0.0,0.3452792189763032
2021,광진구,자양4동,1105067,117,9,1186.5,3.250684931506849,77.4,0.0,0.0,0.0,0.0,0.0,2.0,2.0,1.5,3.0,1.0,0.4745647934402593,0.0,0.3095238095238095,0.3136010498265116,245,3,0.8546016147011685,,0.0,0.8499674310941849,0.0,0.3136010498265116
2021,동대문구,회기동,1106071,117,9,1186.5,3.250684931506849,77.4,0.0,0.0,0.0,0.0,0.0,1.0,1.0,1.0,1.0,1.0,0.4745647934402593,0.0,0.1666666666666666,0.23619827156002585,337,2,0.6929983162483534,,0.0,0.6832134608853849,0.0,0.23619827156002585
2021,동대문구,휘경1동,1106072,117,9,1186.5,3.250684931506849,77.4,1.0,102.0,0.5,0.5,1.0,0.0,0.0,0.0,0.0,0.0,0.4745647934402593,0.4308596404738815,0.0,0.3740329196761769,134,4,0.8877643614374816,,0.0,0.8841871514479981,0.0,0.3740329196761769
2021,동대문구,휘경2동,1106073,117,9,1186.5,3.250684931506849,77.4,13.0,2427.0,0.4409090909090909,0.5,1.0,2.0,2.0,1.5,3.0,1.0,0.4745647934402593,0.4300064840885591,0.3095238095238095,0.31689882536433855,214,3,0.367315862511003,,0.0,0.34715075233922177,0.0,0.31689882536433855
2021,동대문구,청량리동,1106080,117,9,1186.5,3.250684931506849,77.4,0.0,0.0,0.0,0.0,0.0,1.0,1.0,1.0,1.0,1.0,0.4745647934402593,0.0,0.1666666666666666,0.23053215976063035,344,1,0.6710339251148005,,0.0,0.6605490136878029,0.0,0.23053215976063035
2021,동대문구,용신동,1106081,117,9,1186.5,3.250684931506849,77.4,0.0,0.0,0.0,0.0,0.0,5.0,5.0,3.0,15.0,1.0,0.4745647934402593,0.0,0.8095238095238095,0.47610919205296537,36,5,1.0,,0.0,1.0,0.0,0.47610919205296537
2021,동대문구,제기동,1106082,117,9,1186.5,3.250684931506849,77.4,0.0,0.0,0.0,0.0,0.0,4.0,4.0,2.5,10.0,1.0,0.4745647934402593,0.0,0.6309523809523809,0.4047184800310153,96,4,0.8963133154890119,,0.0,0.8930085804836284,0.0,0.4047184800310153
2021,동대문구,전농1동,1106083,117,9,1186.5,3.250684931506849,77.4,1.0,335.0,0.3,0.3,1.0,6.0,6.0,3.5,21.0,1.0,0.4745647934402593,0.2596921634976737,1.0,0.5947866255904105,7,5,0.9734491835477261,,0.0,0.9726029474763813,0.0,0.5947866255904105
2021,동대문구,전농2동,1106084,117,9,1186.5,3.250684931506849,77.4,0.0,0.0,0.0,0.0,0.0,6.0,6.0,3.5,21.0,1.0,0.4745647934402593,0.0,1.0,0.4199147855867702,88,4,0.5975724815919313,,0.0,0.584746183659029,0.0,0.4199147855867702
2021,동대문구,답십리2동,1106086,117,9,1186.5,3.250684931506849,77.4,1.0,116.0,0.3,0.3,1.0,6.0,6.0,3.5,21.0,1.0,0.4745647934402593,0.2594467571239929,1.0,0.47711394762553533,35,5,0.5175824877378687,,0.0,0.5022067232652978,0.0,0.47711394762553533
2021,동대문구,장안1동,1106087,117,9,1186.5,3.250684931506849,77.4,2.0,990.8,0.4,0.5,1.0,6.0,6.0,3.5,21.0,1.0,0.4745647934402593,0.3840295223983075,1.0,0.5966847912201411,6,5,0.8362111109108203,,0.0,0.8309907793145436,0.0,0.5966847912201411
2021,동대문구,장안2동,1106088,117,9,1186.5,3.250684931506849,77.4,0.0,0.0,0.0,0.0,0.0,6.0,6.0,3.5,21.0,1.0,0.4745647934402593,0.0,1.0,0.4518066525624793,56,5,0.7211996645762923,,0.0,0.7123136515618654,0.0,0.4518066525624793
2021,동대문구,이문1동,1106089,117,9,1186.5,3.250684931506849,77.4,0.0,0.0,0.0,0.0,0.0,1.0,1.0,1.0,1.0,1.0,0.4745647934402593,0.0,0.1666666666666666,0.2343717305878721,341,1,0.6859178240600198,,0.0,0.67590729699677,0.0,0.2343717305878721
2021,동대문구,이문2동,1106090,117,9,1186.5,3.250684931506849,77.4,0.0,0.0,0.0,0.0,0.0,2.0,2.0,1.5,3.0,1.0,0.4745647934402593,0.0,0.3095238095238095,0.15832368725375937,389,1,0.2526769004556251,,0.0,0.22885798080317615,0.0,0.15832368725375937
2021,동대문구,답십리1동,1106091,117,9,1186.5,3.250684931506849,77.4,2.0,503.3,0.5,0.5,1.0,6.0,6.0,3.5,21.0,1.0,0.4745647934402593,0.4334832410870316,1.0,0.6537732119981224,1,5,1.0,,0.0,1.0,0.0,0.6537732119981224
2021,중랑구,면목2동,1107052,117,9,1186.5,3.250684931506849,77.4,0.0,0.0,0.0,0.0,0.0,2.0,2.0,1.5,3.0,1.0,0.4745647934402593,0.0,0.3095238095238095,0.29639090497023285,265,2,0.7878873728239189,,0.0,0.78112685166907,0.0,0.29639090497023285
2021,중랑구,면목4동,1107054,117,9,1186.5,3.250684931506849,77.4,0.0,0.0,0.0,0.0,0.0,5.0,5.0,3.0,15.0,1.0,0.4745647934402593,0.0,0.8095238095238095,0.2739568336092586,284,2,0.216366773789838,,0.0,0.19139056622517292,0.0,0.2739568336092586
2021,중랑구,면목5동,1107055,117,9,1186.5,3.250684931506849,77.4,0.0,0.0,0.0,0.0,0.0,1.0,1.0,1.0,1.0,1.0,0.4745647934402593,0.0,0.1666666666666666,0.29732168795916175,262,2,0.9299400979747349,,0.0,0.9277071264819285,0.0,0.29732168795916175
2021,중랑구,면목7동,1107057,117,9,1186.5,3.250684931506849,77.4,0.0,0.0,0.0,0.0,0.0,0.0,0.0,0.0,0.0,0.0,0.4745647934402593,0.0,0.0,0.11961279638307479,409,1,0.40257940613168447,,0.0,0.38353822684424727,0.0,0.11961279638307479
2021,중랑구,상봉1동,1107059,117,9,1186.5,3.250684931506849,77.4,0.0,0.0,0.0,0.0,0.0,4.0,4.0,2.5,10.0,1.0,0.4745647934402593,0.0,0.6309523809523809,0.3417342814848399,192,3,0.6521583074199614,,0.0,0.6410717862989268,0.0,0.3417342814848399
2021,중랑구,상봉2동,1107060,117,9,1186.5,3.250684931506849,77.4,0.0,0.0,0.0,0.0,0.0,2.0,2.0,1.5,3.0,1.0,0.4745647934402593,0.0,0.3095238095238095,0.35110919205296537,159,4,1.0,,0.0,1.0,0.0,0.35110919205296537
2021,중랑구,중화1동,1107061,117,9,1186.5,3.250684931506849,77.4,0.0,0.0,0.0,0.0,0.0,2.0,2.0,1.5,3.0,1.0,0.4745647934402593,0.0,0.3095238095238095,0.35110919205296537,159,4,1.0,,0.0,1.0,0.0,0.35110919205296537
2021,중랑구,중화2동,1107062,117,9,1186.5,3.250684931506849,77.4,0.0,0.0,0.0,0.0,0.0,1.0,1.0,1.0,1.0,1.0,0.4745647934402593,0.0,0.1666666666666666,0.23667219922647564,336,2,0.6948354724859034,,0.0,0.6851091715511841,0.0,0.23667219922647564
2021,중랑구,묵1동,1107064,117,9,1186.5,3.250684931506849,77.4,0.0,0.0,0.0,0.0,0.0,4.0,4.0,2.5,10.0,1.0,0.4745647934402593,0.0,0.6309523809523809,0.4314663349101082,73,5,1.0,,0.0,1.0,0.0,0.4314663349101082
2021,중랑구,묵2동,1107065,117,9,1186.5,3.250684931506849,77.4,0.0,0.0,0.0,0.0,0.0,1.0,1.0,1.0,1.0,1.0,0.4745647934402593,0.0,0.1666666666666666,0.2400314470715935,331,2,0.7078574240811023,,0.0,0.6985461629316555,0.0,0.2400314470715935
2021,중랑구,망우3동,1107068,117,9,1186.5,3.250684931506849,77.4,0.0,0.0,0.0,0.0,0.0,2.0,2.0,1.5,3.0,1.0,0.4745647934402593,0.0,0.3095238095238095,0.2744138270372463,282,2,0.7026943599108679,,0.0,0.6932185399371239,0.0,0.2744138270372463
2021,중랑구,신내1동,1107069,117,9,1186.5,3.250684931506849,77.4,0.0,0.0,0.0,0.0,0.0,6.0,6.0,3.5,21.0,1.0,0.4745647934402593,0.0,1.0,0.47298203860175503,43,5,0.803284960072976,,0.0,0.7970151957189681,0.0,0.47298203860175503
2021,중랑구,신내2동,1107070,117,9,1186.5,3.250684931506849,77.4,0.0,0.0,0.0,0.0,0.0,6.0,6.0,3.5,21.0,1.0,0.4745647934402593,0.0,1.0,0.523728239672013,18,5,1.0,,0.0,1.0,0.0,0.523728239672013
2021,중랑구,면목본동,1107071,117,9,1186.5,3.250684931506849,77.4,0.0,0.0,0.0,0.0,0.0,1.0,1.0,1.0,1.0,1.0,0.4745647934402593,0.0,0.1666666666666666,0.3153949063386796,218,3,1.0,,0.0,1.0,0.0,0.3153949063386796
2021,중랑구,면목3·8동,1107072,117,9,1186.5,3.250684931506849,77.4,0.0,0.0,0.0,0.0,0.0,0.0,0.0,0.0,0.0,0.0,0.4745647934402593,0.0,0.0,0.15282996715377226,393,1,0.5313440611523388,,0.0,0.5164069099270372,0.0,0.15282996715377226
2021,중랑구,망우본동,1107073,117,9,1186.5,3.250684931506849,77.4,0.0,0.0,0.0,0.0,0.0,3.0,3.0,2.0,6.0,1.0,0.4745647934402593,0.0,0.4642857142857143,0.2582743500045256,311,2,0.4901488646812837,,0.0,0.4738987270443361,0.0,0.2582743500045256
2021,성북구,돈암1동,1108058,117,9,1186.5,3.250684931506849,77.4,0.0,0.0,0.0,0.0,0.0,0.0,0.0,0.0,0.0,0.0,0.4745647934402593,0.0,0.0,0.09591166018109551,417,1,0.3107031699611552,,0.0,0.28873368203633015,0.0,0.09591166018109551
2021,성북구,돈암2동,1108059,117,9,1186.5,3.250684931506849,77.4,0.0,0.0,0.0,0.0,0.0,0.0,0.0,0.0,0.0,0.0,0.4745647934402593,0.0,0.0,0.18334165153605128,375,1,0.649621037259198,,0.0,0.6384536474561533,0.0,0.18334165153605128
2021,성북구,안암동,1108060,117,9,1186.5,3.250684931506849,77.4,0.0,0.0,0.0,0.0,0.0,2.0,2.0,1.5,3.0,1.0,0.4745647934402593,0.0,0.3095238095238095,0.34349508029275333,190,3,0.9704842871519541,,0.0,0.9695435529591518,0.0,0.34349508029275333
2021,성북구,보문동,1108061,117,9,1186.5,3.250684931506849,77.4,2.0,137.84,0.1,0.1,1.0,2.0,2.0,1.5,3.0,1.0,0.4745647934402593,0.0902165721416448,0.3095238095238095,0.3781741636954588,129,4,1.0,,0.0,1.0,0.0,0.3781741636954588
2021,성북구,정릉1동,1108062,117,9,1186.5,3.250684931506849,77.4,0.0,0.0,0.0,0.0,0.0,0.0,0.0,0.0,0.0,0.0,0.4745647934402593,0.0,0.0,0.09752551438435261,415,1,0.3169591928226613,,0.0,0.29518909884935857,0.0,0.09752551438435261
2021,성북구,정릉2동,1108063,117,9,1186.5,3.250684931506849,77.4,1.0,63.95,0.1,0.1,1.0,3.0,3.0,2.0,6.0,1.0,0.4745647934402593,0.0879598596600328,0.4642857142857143,0.207194907099698,364,1,0.18985046754856902,128.6519317626953,0.0,0.16402912383298662,0.0,0.207194907099698
2021,성북구,정릉3동,1108064,117,9,1186.5,3.250684931506849,77.4,6.0,679.94,0.1,0.1,1.0,6.0,6.0,3.5,21.0,1.0,0.4745647934402593,0.0995196891336967,1.0,0.31955093364159504,210,3,0.09278228077280856,177.95468139648438,0.0,0.06386714891789214,0.0,0.31955093364159504
2021,성북구,정릉4동,1108065,117,9,1186.5,3.250684931506849,77.4,0.0,0.0,0.0,0.0,0.0,4.0,5.0,3.5,14.0,1.0,0.4745647934402593,0.0,0.7916666666666666,0.22359543641318275,351,1,0.03844898039333797,310.52642822265625,0.0,0.007802120298012542,0.0,0.22359543641318275
2021,성북구,길음1동,1108066,117,9,1186.5,3.250684931506849,77.4,0.0,0.0,0.0,0.0,0.0,2.0,2.0,1.5,3.0,1.0,0.4745647934402593,0.0,0.3095238095238095,0.21543338949988342,357,1,0.47405972558597975,,0.0,0.4572967897876723,0.0,0.21543338949988342
2021,성북구,길음2동,1108068,117,9,1186.5,3.250684931506849,77.4,0.0,0.0,0.0,0.0,0.0,1.0,1.0,1.0,1.0,1.0,0.4745647934402593,0.0,0.1666666666666666,0.3153949063386796,218,3,1.0,,0.0,1.0,0.0,0.3153949063386796
2021,성북구,월곡1동,1108071,117,9,1186.5,3.250684931506849,77.4,0.0,0.0,0.0,0.0,0.0,2.0,2.0,1.5,3.0,1.0,0.4745647934402593,0.0,0.3095238095238095,0.35110919205296537,159,4,1.0,,0.0,1.0,0.0,0.35110919205296537
2021,성북구,월곡2동,1108072,117,9,1186.5,3.250684931506849,77.4,10.0,525.58,0.1,0.1,1.0,5.0,5.0,3.0,15.0,1.0,0.4745647934402593,0.1080423690343614,0.8095238095238095,0.4456288413460439,60,5,0.7561982803265582,,0.0,0.7484277543310804,0.0,0.4456288413460439
2021,성북구,장위1동,1108076,117,9,1186.5,3.250684931506849,77.4,1.0,69.85,0.1,0.1,1.0,3.0,3.0,2.0,6.0,1.0,0.4745647934402593,0.0879664710646206,0.4642857142857143,0.379655351899593,126,4,0.8583768281496135,,0.0,0.8538629693470609,0.0,0.379655351899593
2021,성북구,장위2동,1108077,117,9,1186.5,3.250684931506849,77.4,10.0,604.85,0.1,0.1,1.0,2.0,2.0,1.5,3.0,1.0,0.4745647934402593,0.1081311971770175,0.3095238095238095,0.38354855120607056,124,4,1.0,,0.0,1.0,0.0,0.38354855120607056
2021,성북구,장위3동,1108078,117,9,1186.5,3.250684931506849,77.4,1.0,48.93,0.1,0.1,1.0,2.0,2.0,1.5,3.0,1.0,0.4745647934402593,0.0879430285927603,0.3095238095238095,0.3774921006307934,130,4,1.0,,0.0,1.0,0.0,0.3774921006307934
2021,성북구,성북동,1108081,117,9,1186.5,3.250684931506849,77.4,2.0,80.39,0.1,0.1,1.0,6.0,6.0,3.5,21.0,1.0,0.4745647934402593,0.0901521949901929,1.0,0.35662101991743056,155,4,0.24737634755476137,147.7928924560547,0.0,0.22338848699343888,0.0,0.35662101991743056
2021,성북구,삼선동,1108082,117,9,1186.5,3.250684931506849,77.4,1.0,28.92,0.1,0.1,1.0,1.0,1.0,1.0,1.0,1.0,0.4745647934402593,0.0879206058460144,0.1666666666666666,0.34177108809248397,191,3,1.0,47.96038818359375,0.0,1.0,0.0,0.34177108809248397
2021,성북구,동선동,1108083,117,9,1186.5,3.250684931506849,77.4,1.0,75.46,0.1,0.1,1.0,1.0,1.0,1.0,1.0,1.0,0.4745647934402593,0.0879727575018642,0.1666666666666666,0.26858096362361034,298,2,0.7162215957458676,,0.0,0.7071769201374858,0.0,0.26858096362361034
2021,성북구,종암동,1108084,117,9,1186.5,3.250684931506849,77.4,1.0,48.03,0.1,0.1,1.0,5.0,5.0,3.0,15.0,1.0,0.4745647934402593,0.0879420200734164,0.8095238095238095,0.43256234584156433,71,5,0.7289220730212315,,0.0,0.7202821910662962,0.0,0.43256234584156433
2021,성북구,석관동,1108085,117,9,1186.5,3.250684931506849,77.4,1.0,25.79,0.1,0.1,1.0,3.0,3.0,2.0,6.0,1.0,0.4745647934402593,0.0879170984398517,0.4642857142857143,0.27819287481266547,276,2,0.4651201683601554,,0.0,0.4480723081490736,0.0,0.27819287481266547
2021,강북구,번1동,1109060,117,9,1186.5,3.250684931506849,77.4,4.0,645.69,0.45,0.45,1.0,3.0,3.0,2.0,6.0,1.0,0.4745647934402593,0.3951334832828198,0.4642857142857143,0.5072757209311259,24,5,0.9958754885527608,,0.0,0.9957440308113538,0.0,0.5072757209311259
2021,강북구,번2동,1109061,117,9,1186.5,3.250684931506849,77.4,2.0,218.05,0.45,0.45,1.0,2.0,2.0,1.5,3.0,1.0,0.4745647934402593,0.3903064536267268,0.3095238095238095,0.35950709841868755,151,4,0.5786531810125535,,0.0,0.5652238811108167,0.0,0.35950709841868755
2021,강북구,번3동,1109062,117,9,1186.5,3.250684931506849,77.4,0.0,0.0,0.0,0.0,0.0,2.0,2.0,1.5,3.0,1.0,0.4745647934402593,0.0,0.3095238095238095,0.15708733364826313,391,1,0.24788423925656528,,0.0,0.2239125663811912,0.0,0.15708733364826313
2021,강북구,수유1동,1109063,117,9,1186.5,3.250684931506849,77.4,5.0,703.64,0.45,0.45,1.0,1.0,1.0,1.0,1.0,1.0,0.4745647934402593,0.3973723337662744,0.1666666666666666,0.24791868357374533,323,2,0.2763138632722026,225.8726348876953,0.0,0.25324830842073365,0.0,0.24791868357374533
2021,강북구,수유2동,1109064,117,9,1186.5,3.250684931506849,77.4,10.0,2244.56,0.45,0.45,1.0,2.0,2.0,1.5,3.0,1.0,0.4745647934402593,0.4099686185696581,0.3095238095238095,0.4469872191906833,58,5,0.8948995609085588,,0.0,0.891549766267282,0.0,0.4469872191906833
2021,강북구,수유3동,1109065,117,9,1186.5,3.250684931506849,77.4,28.0,5400.2,0.45,0.45,1.0,2.0,2.0,1.5,3.0,1.0,0.4745647934402593,0.4526351911104512,0.3095238095238095,0.45391243417928195,54,5,0.8721263682573888,,0.0,0.868050739172725,0.0,0.45391243417928195
2021,강북구,삼양동,1109069,117,9,1186.5,3.250684931506849,77.4,2.0,348.66,0.45,0.45,1.0,1.0,1.0,1.0,1.0,1.0,0.4745647934402593,0.3904528121950668,0.1666666666666666,0.31613549389819195,216,3,0.548799772831624,,0.0,0.534418975603969,0.0,0.31613549389819195
2021,강북구,미아동,1109070,117,9,1186.5,3.250684931506849,77.4,2.0,152.44,0.45,0.45,1.0,3.0,3.0,2.0,6.0,1.0,0.4745647934402593,0.3902329325665569,0.4642857142857143,0.3643314325721541,146,4,0.4474583224204573,,0.0,0.42984753823498195,0.0,0.3643314325721541
2021,강북구,송중동,1109071,117,9,1186.5,3.250684931506849,77.4,9.0,845.59,0.45,0.45,1.0,2.0,2.0,1.5,3.0,1.0,0.4745647934402593,0.4062270518522605,0.3095238095238095,0.24777334162447548,325,2,0.12700840208777162,,0.0,0.09918413606332811,0.0,0.24777334162447548
2021,강북구,송천동,1109072,117,9,1186.5,3.250684931506849,77.4,3.0,422.75,0.45,0.45,1.0,2.0,2.0,1.5,3.0,1.0,0.4745647934402593,0.3927097487920885,0.3095238095238095,0.4689221166905919,45,5,1.0,,0.0,1.0,0.0,0.4689221166905919
2021,강북구,삼각산동,1109073,117,9,1186.5,3.250684931506849,77.4,0.0,0.0,0.0,0.0,0.0,0.0,0.0,0.0,0.0,0.0,0.4745647934402593,0.0,0.0,0.2676361325602342,299,2,0.9763842599355552,,0.0,0.975631571552885,0.0,0.2676361325602342
2021,강북구,우이동,1109074,117,9,1186.5,3.250684931506849,77.4,15.0,4106.2,0.45,0.45,1.0,1.0,1.0,1.0,1.0,1.0,0.4745647934402593,0.4229242948441238,0.1666666666666666,0.20414096576335777,366,1,0.076896531400077,312.63165283203125,0.0,0.04747508388576409,0.0,0.20414096576335777
2021,강북구,인수동,1109075,117,9,1186.5,3.250684931506849,77.4,17.0,4023.26,0.45,0.45,1.0,2.0,2.0,1.5,3.0,1.0,0.4745647934402593,0.4271791802706554,0.3095238095238095,0.27711437026543684,279,2,0.21638143674731738,277.71282958984375,0.0,0.19140569652509934,0.0,0.27711437026543684
2021,도봉구,쌍문1동,1110051,117,9,1186.5,3.250684931506849,77.4,6.0,1104.0,0.3,0.3,1.0,1.0,1.0,1.0,1.0,1.0,0.4745647934402593,0.2714234524655701,0.1666666666666666,0.2461925509573785,327,2,0.4160929081662446,,0.0,0.39748243551611145,0.0,0.2461925509573785
2021,도봉구,쌍문2동,1110052,117,9,1186.5,3.250684931506849,77.4,9.0,1493.55,0.3,0.3,1.0,4.0,4.0,2.5,10.0,1.0,0.4745647934402593,0.2783817123853537,0.6309523809523809,0.5149808486257142,21,5,1.0,,0.0,1.0,0.0,0.5149808486257142
2021,도봉구,쌍문3동,1110053,117,9,1186.5,3.250684931506849,77.4,0.0,0.0,0.0,0.0,0.0,1.0,1.0,1.0,1.0,1.0,0.4745647934402593,0.0,0.1666666666666666,0.3153949063386796,218,3,1.0,,0.0,1.0,0.0,0.3153949063386796
2021,도봉구,쌍문4동,1110054,117,9,1186.5,3.250684931506849,77.4,3.0,1022.51,0.3,0.3,1.0,2.0,2.0,1.5,3.0,1.0,0.4745647934402593,0.264810397511431,0.3095238095238095,0.39299609239681355,105,4,0.8544152479103251,,0.0,0.8497751243616755,0.0,0.39299609239681355
2021,도봉구,방학1동,1110055,117,9,1186.5,3.250684931506849,77.4,56.0,8449.95,0.3,0.3,1.0,4.0,4.0,2.5,10.0,1.0,0.4745647934402593,0.3883508076109038,0.6309523809523809,0.47729325377237264,34,5,0.7260191123570194,,0.0,0.7172867063159731,0.0,0.47729325377237264
2021,도봉구,방학2동,1110056,117,9,1186.5,3.250684931506849,77.4,41.0,18883.9,0.3,0.3,1.0,2.0,2.0,1.5,3.0,1.0,0.4745647934402593,0.3674341568567561,0.3095238095238095,0.31177177741150824,247,3,0.42020864769613164,,0.0,0.4017293532060641,0.0,0.31177177741150824
2021,도봉구,방학3동,1110057,117,9,1186.5,3.250684931506849,77.4,2.0,659.77,0.3,0.3,1.0,2.0,2.0,1.5,3.0,1.0,0.4745647934402593,0.2622300063492814,0.3095238095238095,0.20104228872653915,368,1,0.1133170211499181,,0.0,0.08505637907515763,0.0,0.20104228872653915
2021,도봉구,창1동,1110059,117,9,1186.5,3.250684931506849,77.4,0.0,0.0,0.0,0.0,0.0,5.0,5.0,3.0,15.0,1.0,0.4745647934402593,0.0,0.8095238095238095,0.37432452949795103,133,4,0.6054369876722967,,0.0,0.5928613497799426,0.0,0.37432452949795103
2021,도봉구,창2동,1110060,117,9,1186.5,3.250684931506849,77.4,1.0,219.55,0.3,0.3,1.0,1.0,1.0,1.0,1.0,1.0,0.4745647934402593,0.2595627928773931,0.1666666666666666,0.3932637442018976,103,4,1.0,,0.0,1.0,0.0,0.3932637442018976
2021,도봉구,창3동,1110061,117,9,1186.5,3.250684931506849,77.4,4.0,467.91,0.3375,0.45,1.0,2.0,2.0,1.5,3.0,1.0,0.4745647934402593,0.3386842670950893,0.3095238095238095,0.36499825742675995,142,4,0.6599726024055492,,0.0,0.6491351409810712,0.0,0.36499825742675995
2021,도봉구,창4동,1110062,117,9,1186.5,3.250684931506849,77.4,0.0,0.0,0.0,0.0,0.0,4.0,4.0,2.5,10.0,1.0,0.4745647934402593,0.0,0.6309523809523809,0.24965015320028575,320,2,0.295198917552294,,0.0,0.2727352731607103,0.0,0.24965015320028575
2021,도봉구,창5동,1110063,117,9,1186.5,3.250684931506849,77.4,1.0,183.14,0.3,0.3,1.0,6.0,6.0,3.5,21.0,1.0,0.4745647934402593,0.2595219926670473,1.0,0.5968076181437293,5,5,0.9814813548382697,,0.0,0.9808911226864088,0.0,0.5968076181437293
2021,도봉구,도봉1동,1110064,117,9,1186.5,3.250684931506849,77.4,66.0,223099.34,0.3,0.3,1.0,2.0,2.0,1.5,3.0,1.0,0.4745647934402593,0.6506211180124224,0.3095238095238095,0.31655734401326485,215,3,0.10943174118066072,,0.0,0.0810472662262911,0.0,0.31655734401326485
2021,도봉구,도봉2동,1110065,117,9,1186.5,3.250684931506849,77.4,5.0,1363.37,0.3,0.3,1.0,5.0,5.0,3.0,15.0,1.0,0.4745647934402593,0.2695401834912316,0.8095238095238095,0.3915126375992959,106,4,0.35860820538656957,,0.0,0.338165561995844,0.0,0.3915126375992959
2021,노원구,월계1동,1111051,117,9,1186.5,3.250684931506849,77.4,8.0,769.55,0.5,0.5,1.0,6.0,6.0,3.5,21.0,1.0,0.4745647934402593,0.4468250729871366,1.0,0.5738958749098545,8,5,0.6748439310714744,,0.0,0.6644804533668022,0.0,0.5738958749098545
2021,노원구,월계2동,1111052,117,9,1186.5,3.250684931506849,77.4,11.0,863.05,0.5,0.5,1.0,6.0,6.0,3.5,21.0,1.0,0.4745647934402593,0.4534515860716314,1.0,0.46129454209060267,51,5,0.23064445127268737,,0.0,0.20612330638840096,0.0,0.46129454209060267
2021,노원구,월계3동,1111053,117,9,1186.5,3.250684931506849,77.4,0.0,0.0,0.0,0.0,0.0,5.0,5.0,3.0,15.0,1.0,0.4745647934402593,0.0,0.8095238095238095,0.26252376899867097,303,2,0.17204708652406275,,0.0,0.14565830778282254,0.0,0.26252376899867097
2021,노원구,공릉2동,1111056,117,9,1186.5,3.250684931506849,77.4,1.0,123.87,0.5,0.5,1.0,3.0,3.0,2.0,6.0,1.0,0.4745647934402593,0.4308841474939381,0.4642857142857143,0.3787245519317173,127,4,0.4559778062461683,,0.0,0.4386385577603772,0.0,0.3787245519317173
2021,노원구,하계1동,1111058,117,9,1186.5,3.250684931506849,77.4,1.0,84.39,0.5,0.5,1.0,0.0,0.0,0.0,0.0,0.0,0.4745647934402593,0.4308399071120526,0.0,0.24916476114069355,321,2,0.4037423121180234,,0.0,0.38473819734025927,0.0,0.24916476114069355
2021,노원구,하계2동,1111059,117,9,1186.5,3.250684931506849,77.4,0.0,0.0,0.0,0.0,0.0,0.0,0.0,0.0,0.0,0.0,0.4745647934402593,0.0,0.0,0.12191764814328998,408,1,0.4115140455031888,,0.0,0.39275763388510804,0.0,0.12191764814328998
2021,노원구,중계본동,1111060,117,9,1186.5,3.250684931506849,77.4,1.0,22.0,0.5,0.5,1.0,0.0,0.0,0.0,0.0,0.0,0.4745647934402593,0.4307699943099797,0.0,0.1792617156989542,380,1,0.13284805372487812,,0.0,0.10520991093578935,0.0,0.1792617156989542
2021,노원구,중계1동,1111061,117,9,1186.5,3.250684931506849,77.4,0.0,0.0,0.0,0.0,0.0,0.0,0.0,0.0,0.0,0.0,0.4745647934402593,0.0,0.0,0.07818557773630869,420,1,0.24198892254294488,,0.0,0.2178293522571829,0.0,0.07818557773630869
2021,노원구,중계4동,1111064,117,9,1186.5,3.250684931506849,77.4,2.0,116.25,0.5,0.5,1.0,0.0,0.0,0.0,0.0,0.0,0.4745647934402593,0.4330495217403047,0.0,0.21131135310072555,359,1,0.2544358843834183,,0.0,0.23067302762648484,0.0,0.21131135310072555
2021,노원구,상계1동,1111065,117,9,1186.5,3.250684931506849,77.4,4.0,435.75,0.5,0.5,1.0,6.0,6.0,3.5,21.0,1.0,0.4745647934402593,0.4377553721943437,1.0,0.4191627297334855,89,4,0.08557631626167744,,0.0,0.056431513612677876,0.0,0.4191627297334855
2021,노원구,상계2동,1111066,117,9,1186.5,3.250684931506849,77.4,0.0,0.0,0.0,0.0,0.0,3.0,3.0,2.0,6.0,1.0,0.4745647934402593,0.0,0.4642857142857143,0.3571618016153295,153,4,0.8734809877099378,,0.0,0.8694485334875519,0.0,0.3571618016153295
2021,노원구,상계5동,1111069,117,9,1186.5,3.250684931506849,77.4,5.0,362.68,0.5,0.5,1.0,1.0,1.0,1.0,1.0,1.0,0.4745647934402593,0.4398474046728682,0.1666666666666666,0.33156986923982745,199,3,0.55118765585711,,0.0,0.5368829659971495,0.0,0.33156986923982745
2021,노원구,상계8동,1111072,117,9,1186.5,3.250684931506849,77.4,0.0,0.0,0.0,0.0,0.0,3.0,3.0,2.0,6.0,1.0,0.4745647934402593,0.0,0.4642857142857143,0.2894583231949883,269,2,0.6110319337952085,,0.0,0.598634619806187,0.0,0.2894583231949883
2021,노원구,상계9동,1111073,117,9,1186.5,3.250684931506849,77.4,0.0,0.0,0.0,0.0,0.0,2.0,2.0,1.5,3.0,1.0,0.4745647934402593,0.0,0.3095238095238095,0.1926952972948602,371,1,0.3859166799660182,,0.0,0.36634442096757946,0.0,0.1926952972948602
2021,노원구,상계10동,1111074,117,9,1186.5,3.250684931506849,77.4,3.0,218.55,0.5,0.5,1.0,3.0,3.0,2.0,6.0,1.0,0.4745647934402593,0.4353380698158723,0.4642857142857143,0.34745695047589586,183,3,0.32959093617993734,,0.0,0.3082234451507705,0.0,0.34745695047589586
2021,노원구,상계3·4동,1111076,117,9,1186.5,3.250684931506849,77.4,28.0,2576.02,0.5,0.5,1.0,0.0,0.0,0.0,0.0,0.0,0.4745647934402593,0.4923276226779954,0.0,0.18486716629423655,374,1,0.08298980018772635,,0.0,0.05376255927529993,0.0,0.18486716629423655
2021,노원구,상계6·7동,1111077,117,9,1186.5,3.250684931506849,77.4,0.0,0.0,0.0,0.0,0.0,4.0,4.0,2.5,10.0,1.0,0.4745647934402593,0.0,0.6309523809523809,0.3073295506335466,251,3,0.5187901367913759,,0.0,0.5034528628937535,0.0,0.3073295506335466
2021,노원구,중계2·3동,1111078,117,9,1186.5,3.250684931506849,77.4,0.0,0.0,0.0,0.0,0.0,0.0,0.0,0.0,0.0,0.0,0.4745647934402593,0.0,0.0,0.08358224993044593,418,1,0.26290884489679706,,0.0,0.23941604103373185,0.0,0.08358224993044593
2021,노원구,공릉1동,1111079,117,9,1186.5,3.250684931506849,77.4,5.0,437.5,0.5,0.5,1.0,4.0,4.0,2.5,10.0,1.0,0.4745647934402593,0.4399312462476572,0.6309523809523809,0.4975342783075246,29,5,0.7444977278209302,,0.0,0.736354278092477,0.0,0.4975342783075246
2021,은평구,녹번동,1112051,117,9,1186.5,3.250684931506849,77.4,6.0,675.0,0.3,0.3,1.0,3.0,3.0,2.0,6.0,1.0,0.4745647934402593,0.2709427249116473,0.4642857142857143,0.4454979934892952,61,5,0.900823031006696,59.73046875,0.0,0.8976620310894378,0.0,0.4454979934892952
2021,은평구,불광1동,1112052,117,9,1186.5,3.250684931506849,77.4,59.0,9514.0,0.3,0.3,1.0,4.0,4.0,2.5,10.0,1.0,0.4745647934402593,0.3960648967500836,0.6309523809523809,0.35950569509620517,152,4,0.2604507148116865,140.1588592529297,0.0,0.23687956464428758,0.0,0.35950569509620517
2021,은평구,갈현1동,1112055,117,9,1186.5,3.250684931506849,77.4,2.0,297.0,0.3,0.3,1.0,2.0,2.0,1.5,3.0,1.0,0.4745647934402593,0.2618234946132987,0.3095238095238095,0.42965624043695494,80,5,1.0,79.96941375732422,0.0,1.0,0.0,0.42965624043695494
2021,은평구,갈현2동,1112056,117,9,1186.5,3.250684931506849,77.4,3.0,731.6,0.3,0.3,1.0,5.0,5.0,3.0,15.0,1.0,0.4745647934402593,0.2644844104421729,0.8095238095238095,0.5554545151856173,12,5,1.0,52.3947639465332,0.0,1.0,0.0,0.5554545151856173
2021,은평구,구산동,1112057,117,9,1186.5,3.250684931506849,77.4,4.0,620.2,0.3,0.3,1.0,2.0,2.0,1.5,3.0,1.0,0.4745647934402593,0.2665334912024181,0.3095238095238095,0.4310692394136908,78,5,1.0,65.83013153076172,0.0,1.0,0.0,0.4310692394136908
2021,은평구,대조동,1112058,117,9,1186.5,3.250684931506849,77.4,44.0,7004.5,0.3,0.3,1.0,2.0,2.0,1.5,3.0,1.0,0.4745647934402593,0.3606441129940184,0.3095238095238095,0.4593024259511709,52,5,1.0,27.09726333618164,0.0,1.0,0.0,0.4593024259511709
2021,은평구,응암1동,1112059,117,9,1186.5,3.250684931506849,77.4,7.0,1040.4,0.3,0.3,1.0,2.0,2.0,1.5,3.0,1.0,0.4745647934402593,0.2735260968087465,0.3095238095238095,0.4331670210955893,70,5,1.0,48.31094741821289,0.0,1.0,0.0,0.4331670210955893
2021,은평구,응암2동,1112060,117,9,1186.5,3.250684931506849,77.4,4.0,540.0,0.3,0.3,1.0,1.0,1.0,1.0,1.0,1.0,0.4745647934402593,0.2664436209231066,0.1666666666666666,0.3953279926156116,102,4,1.0,57.488739013671875,0.0,1.0,0.0,0.3953279926156116
2021,은평구,신사1동,1112065,117,9,1186.5,3.250684931506849,77.4,0.0,0.0,0.0,0.0,0.0,1.0,1.0,1.0,1.0,1.0,0.4745647934402593,0.0,0.1666666666666666,0.3153949063386796,218,3,1.0,46.605228424072266,0.0,1.0,0.0,0.3153949063386796
2021,은평구,신사2동,1112066,117,9,1186.5,3.250684931506849,77.4,4.0,463.8,0.3,0.3,1.0,4.0,4.0,2.5,10.0,1.0,0.4745647934402593,0.2663582329519902,0.6309523809523809,0.5046260571509233,27,5,0.9738427031114506,63.10639190673828,0.0,0.9730090094208722,0.0,0.5046260571509233
2021,은평구,증산동,1112067,117,9,1186.5,3.250684931506849,77.4,18.0,3080.4,0.3,0.3,1.0,5.0,5.0,3.0,15.0,1.0,0.4745647934402593,0.2997251174665006,0.8095238095238095,0.4545749350045715,53,5,0.5679628561833443,33.514122009277344,0.0,0.554192830846624,0.0,0.4545749350045715
2021,은평구,수색동,1112068,117,9,1186.5,3.250684931506849,77.4,0.0,0.0,0.0,0.0,0.0,3.0,3.0,2.0,6.0,1.0,0.4745647934402593,0.0,0.4642857142857143,0.23844530086573693,333,2,0.41328257497318793,42.723060607910156,0.0,0.3945825304891815,0.0,0.23844530086573693
2021,은평구,진관동,1112071,117,9,1186.5,3.250684931506849,77.4,1.0,700.0,0.3,0.3,1.0,0.0,0.0,0.0,0.0,0.0,0.4745647934402593,0.2601011741204752,0.0,0.11805354316585494,410,1,0.09405439175951652,125.61925506591797,0.0,0.06517980503079768,0.0,0.11805354316585494
2021,은평구,불광2동,1112072,117,9,1186.5,3.250684931506849,77.4,18.0,2968.0,0.3,0.3,1.0,2.0,2.0,1.5,3.0,1.0,0.4745647934402593,0.2995991646062187,0.3095238095238095,0.3303606076824397,202,3,0.5711549508694848,61.78477096557617,0.0,0.5574866649904348,0.0,0.3303606076824397
2021,은평구,응암3동,1112073,117,9,1186.5,3.250684931506849,77.4,115.0,20166.81,0.2895652173913043,0.3,1.0,5.0,5.0,3.0,15.0,1.0,0.4745647934402593,0.5245239302714386,0.8095238095238095,0.633466371134397,3,5,1.0,19.659931182861328,0.0,1.0,0.0,0.633466371134397
2021,은평구,역촌동,1112074,117,9,1186.5,3.250684931506849,77.4,15.0,2786.9,0.3,0.3,1.0,2.0,2.0,1.5,3.0,1.0,0.4745647934402593,0.2928744889722515,0.3095238095238095,0.4389715387446408,67,5,1.0,28.186052322387695,0.0,1.0,0.0,0.4389715387446408
2021,서대문구,천연동,1113052,117,9,1186.5,3.250684931506849,77.4,0.0,0.0,0.0,0.0,0.0,0.0,0.0,0.0,0.0,0.0,0.4745647934402593,0.0,0.0,0.1391184741832949,398,1,0.4781921634681709,91.3150863647461,0.0,0.4615609380451277,0.0,0.1391184741832949
2021,서대문구,홍제1동,1113062,117,9,1186.5,3.250684931506849,77.4,0.0,0.0,0.0,0.0,0.0,4.0,4.0,2.5,10.0,1.0,0.4745647934402593,0.0,0.6309523809523809,0.33962772047823986,194,3,0.6439923319620484,84.80379486083984,0.0,0.6326455422725266,0.0,0.33962772047823986
2021,서대문구,홍제3동,1113064,117,9,1186.5,3.250684931506849,77.4,2.0,131.04000000000002,0.1,0.1,1.0,2.0,2.0,1.5,3.0,1.0,0.4745647934402593,0.0902089522177132,0.3095238095238095,0.3272489802614392,203,3,0.8026000056131665,90.47108459472656,0.0,0.7963084101726395,0.0,0.3272489802614392
2021,서대문구,홍제2동,1113065,117,9,1186.5,3.250684931506849,77.4,0.0,0.0,0.0,0.0,0.0,3.0,3.0,2.0,6.0,1.0,0.4745647934402593,0.0,0.4642857142857143,0.2597866069465235,308,2,0.49601105098195236,108.86369323730469,0.0,0.4799477548123279,0.0,0.2597866069465235
2021,서대문구,홍은1동,1113066,117,9,1186.5,3.250684931506849,77.4,6.0,666.48,0.1,0.1,1.0,2.0,2.0,1.5,3.0,1.0,0.4745647934402593,0.0995046061666203,0.3095238095238095,0.17863821602808785,383,1,0.21570777973348923,105.50935363769531,0.0,0.19071056850054574,0.0,0.17863821602808785
2021,서대문구,홍은2동,1113068,117,9,1186.5,3.250684931506849,77.4,1.0,80.95,0.1,0.1,1.0,0.0,0.0,0.0,0.0,0.0,0.4745647934402593,0.087978909469862,0.0,0.13665174269761515,400,1,0.3663162896157708,87.20247650146484,0.0,0.3461193207385744,0.0,0.13665174269761515
2021,서대문구,남가좌1동,1113069,117,9,1186.5,3.250684931506849,77.4,0.0,0.0,0.0,0.0,0.0,0.0,0.0,0.0,0.0,0.0,0.4745647934402593,0.0,0.0,0.18622830351744854,373,1,0.6608109952816674,21.25379180908203,0.0,0.6500002553817423,0.0,0.18622830351744854
2021,서대문구,남가좌2동,1113070,117,9,1186.5,3.250684931506849,77.4,7.0,573.68,0.1,0.1,1.0,0.0,0.0,0.0,0.0,0.0,0.4745647934402593,0.1015745296599726,0.0,0.30420059857000475,253,3,1.0,33.85835266113281,0.0,1.0,0.0,0.30420059857000475
2021,서대문구,북가좌1동,1113071,117,9,1186.5,3.250684931506849,77.4,5.0,477.98,0.1,0.1,1.0,3.0,3.0,2.0,6.0,1.0,0.4745647934402593,0.0971194643494486,0.4642857142857143,0.38560466875923977,122,4,0.8468988007420661,20.423635482788086,0.0410958904109589,0.8420191105972792,0.0410958904109589,0.38560466875923977
2021,서대문구,북가좌2동,1113072,117,9,1186.5,3.250684931506849,77.4,26.0,2071.43,0.1,0.1,1.0,2.0,2.0,1.5,3.0,1.0,0.4745647934402593,0.1445572217608566,0.3095238095238095,0.3312704586656082,200,3,0.7435842585664206,21.698383331298828,0.0196078431372549,0.7354116944551906,0.0196078431372549,0.3312704586656082
2021,서대문구,충현동,1113073,117,9,1186.5,3.250684931506849,77.4,5.0,367.38,0.1,0.1,1.0,3.0,3.0,2.0,6.0,1.0,0.4745647934402593,0.0969955285278545,0.4642857142857143,0.33360710412415884,197,3,0.6693729595398231,70.72396850585938,0.0,0.6588351092894439,0.0,0.33360710412415884
2021,서대문구,북아현동,1113074,117,9,1186.5,3.250684931506849,77.4,0.0,0.0,0.0,0.0,0.0,1.0,1.0,1.0,1.0,1.0,0.4745647934402593,0.0,0.1666666666666666,0.3153949063386796,218,3,1.0,57.48196792602539,0.0,1.0,0.0,0.3153949063386796
2021,서대문구,신촌동,1113075,117,9,1186.5,3.250684931506849,77.4,3.0,806.89,0.1,0.1,1.0,5.0,5.0,3.0,15.0,1.0,0.4745647934402593,0.0931402072596035,0.8095238095238095,0.37615450681805807,132,4,0.5042148329682791,68.76268768310547,0.0,0.48841301034884677,0.0,0.37615450681805807
2021,서대문구,연희동,1113076,117,9,1186.5,3.250684931506849,77.4,3.0,430.39,0.1,0.1,1.0,2.0,2.0,1.5,3.0,1.0,0.4745647934402593,0.0927183100007411,0.3095238095238095,0.24021235583803122,329,2,0.462288786067917,53.900657653808594,0.0,0.4451506831393743,0.0,0.24021235583803122
2021,마포구,용강동,1114059,117,9,1186.5,3.250684931506849,77.4,0.0,0.0,0.0,0.0,0.0,3.0,3.0,2.0,6.0,1.0,0.4745647934402593,0.0,0.4642857142857143,0.46411124718263674,49,5,0.8264878891766175,9.621113777160645,0.7938144329896907,0.8209576559629664,0.7938144329896907,0.46411124718263674
2021,마포구,대흥동,1114060,117,9,1186.5,3.250684931506849,77.4,1.0,62.94,0.2,0.2,1.0,3.0,3.0,2.0,6.0,1.0,0.4745647934402593,0.1736730135914993,0.4642857142857143,0.44190157232089133,64,5,1.0,34.255985260009766,0.0,1.0,0.0,0.44190157232089133
2021,마포구,염리동,1114061,117,9,1186.5,3.250684931506849,77.4,0.0,0.0,0.0,0.0,0.0,2.0,2.0,1.5,3.0,1.0,0.4745647934402593,0.0,0.3095238095238095,0.3630139539577273,149,4,1.0,33.293182373046875,0.07936507936507936,1.0,0.07936507936507936,0.3630139539577273
2021,마포구,신수동,1114063,117,9,1186.5,3.250684931506849,77.4,1.0,50.05,0.25,0.25,1.0,4.0,4.0,2.5,10.0,1.0,0.4745647934402593,0.2165157122104835,0.6309523809523809,0.5068512375946765,25,5,0.892098599374548,14.319966316223145,0.25510204081632654,0.8886595315958975,0.25510204081632654,0.5068512375946765
2021,마포구,서교동,1114066,117,9,1186.5,3.250684931506849,77.4,1.0,10.0,0.05,0.05,1.0,3.0,3.0,2.0,6.0,1.0,0.4745647934402593,0.0450422616711088,0.4642857142857143,0.408088334543276,94,4,0.7741290683635029,14.694000244140625,0.42028985507246375,0.7669300381505287,0.42028985507246375,0.408088334543276
2021,마포구,합정동,1114068,117,9,1186.5,3.250684931506849,77.4,0.0,0.0,0.0,0.0,0.0,2.0,2.0,1.5,3.0,1.0,0.4745647934402593,0.0,0.3095238095238095,0.3322752675763716,198,3,0.5579831723210504,9.072794914245605,0.6346153846153846,0.5438950713243943,0.6346153846153846,0.3322752675763716
2021,마포구,망원1동,1114069,117,9,1186.5,3.250684931506849,77.4,0.0,0.0,0.0,0.0,0.0,0.0,0.0,0.0,0.0,0.0,0.4745647934402593,0.0,0.0,0.25407702572629853,314,2,0.3465693208538364,6.701111793518066,0.9927536231884058,0.32574297030409877,0.9927536231884058,0.25407702572629853
2021,마포구,망원2동,1114070,117,9,1186.5,3.250684931506849,77.4,0.0,0.0,0.0,0.0,0.0,3.0,3.0,2.0,6.0,1.0,0.4745647934402593,0.0,0.4642857142857143,0.3675604408723157,139,4,0.4328240079331544,10.370837211608887,0.8271604938271605,0.41474679421920035,0.8271604938271605,0.3675604408723157
2021,마포구,연남동,1114071,117,9,1186.5,3.250684931506849,77.4,0.0,0.0,0.0,0.0,0.0,2.0,2.0,1.5,3.0,1.0,0.4745647934402593,0.0,0.3095238095238095,0.3669938394826509,140,4,0.8507941267920385,13.6048002243042,0.3625,0.8460385897187422,0.3625,0.3669938394826509
2021,마포구,성산1동,1114072,117,9,1186.5,3.250684931506849,77.4,0.0,0.0,0.0,0.0,0.0,3.0,3.0,2.0,6.0,1.0,0.4745647934402593,0.0,0.4642857142857143,0.4157560710557584,91,4,0.986498912849637,18.823495864868164,0.19626168224299065,0.9860686019034729,0.19626168224299065,0.4157560710557584
2021,마포구,성산2동,1114073,117,9,1186.5,3.250684931506849,77.4,1.0,30.75,0.2,0.2,1.0,1.0,1.0,1.0,1.0,1.0,0.4745647934402593,0.1736369422162994,0.1666666666666666,0.27807298368538713,277,2,0.5592303377671054,19.49311637878418,0.16194331983805668,0.5451819868244366,0.16194331983805668,0.27807298368538713
2021,마포구,상암동,1114074,117,9,1186.5,3.250684931506849,77.4,0.0,0.0,0.0,0.0,0.0,3.0,3.0,2.0,6.0,1.0,0.4745647934402593,0.0,0.4642857142857143,0.2478382632040557,324,2,0.19082535014092966,21.415142059326172,0.4451988360814743,0.16503507819357197,0.4451988360814743,0.2478382632040557
2021,마포구,도화동,1114075,117,9,1186.5,3.250684931506849,77.4,0.0,0.0,0.0,0.0,0.0,1.0,1.0,1.0,1.0,1.0,0.4745647934402593,0.0,0.1666666666666666,0.2607814445439398,305,2,0.5893707025702712,19.849422454833984,0.34210526315789475,0.576282994926304,0.34210526315789475,0.2607814445439398
2021,마포구,서강동,1114076,117,9,1186.5,3.250684931506849,77.4,1.0,27.0,0.3,0.3,1.0,6.0,6.0,3.5,21.0,1.0,0.4745647934402593,0.2593470257666522,1.0,0.6353983994271567,2,5,0.9867163190877178,21.14548683166504,0.24861878453038674,0.98629293738236,0.24861878453038674,0.6353983994271567
2021,마포구,공덕동,1114077,117,9,1186.5,3.250684931506849,77.4,2.0,188.03,0.15,0.2,1.0,3.0,3.0,2.0,6.0,1.0,0.4745647934402593,0.1509870996180084,0.4642857142857143,0.3706090784122552,137,4,0.740863580659305,33.19950866699219,0.015748031496062992,0.7326043022360067,0.015748031496062992,0.3706090784122552
2021,마포구,아현동,1114078,117,9,1186.5,3.250684931506849,77.4,0.0,0.0,0.0,0.0,0.0,3.0,3.0,2.0,6.0,1.0,0.4745647934402593,0.0,0.4642857142857143,0.3906340966591135,108,4,0.9969143222359181,40.06564712524414,0.010869565217391304,0.9968159745322531,0.010869565217391304,0.3906340966591135
2021,양천구,목1동,1115051,117,9,1186.5,3.250684931506849,77.4,0.0,0.0,0.0,0.0,0.0,0.0,0.0,0.0,0.0,0.0,0.4745647934402593,0.0,0.0,0.28241324076990537,274,2,0.45219967081224277,8.369776725769043,1.0,0.4347400043915697,1.0,0.28241324076990537
2021,양천구,목2동,1115052,117,9,1186.5,3.250684931506849,77.4,0.0,0.0,0.0,0.0,0.0,1.0,1.0,1.0,1.0,1.0,0.4745647934402593,0.0,0.1666666666666666,0.27506558361163014,281,2,0.8118664611137125,24.96051788330078,0.0546875,0.8058702090918021,0.0546875,0.27506558361163014
2021,양천구,목3동,1115053,117,9,1186.5,3.250684931506849,77.4,0.0,0.0,0.0,0.0,0.0,1.0,1.0,1.0,1.0,1.0,0.4745647934402593,0.0,0.1666666666666666,0.3153949063386796,218,3,1.0,22.493316650390625,0.0,1.0,0.0,0.3153949063386796
2021,양천구,목4동,1115054,117,9,1186.5,3.250684931506849,77.4,0.0,0.0,0.0,0.0,0.0,0.0,0.0,0.0,0.0,0.0,0.4745647934402593,0.0,0.0,0.3033057044607454,257,2,1.0,16.509323120117188,0.19718309859154928,1.0,0.19718309859154928,0.3033057044607454
2021,양천구,신월1동,1115057,117,9,1186.5,3.250684931506849,77.4,38.0,2723.77,0.2021052631578947,0.7,1.0,1.0,1.0,1.0,1.0,1.0,0.4745647934402593,0.4367135213792528,0.1666666666666666,0.493777383805087,31,5,1.0,13.956155776977539,0.3157894736842105,1.0,0.3157894736842105,0.493777383805087
2021,양천구,신월2동,1115058,117,9,1186.5,3.250684931506849,77.4,0.0,0.0,0.0,0.0,0.0,5.0,5.0,3.0,15.0,1.0,0.4745647934402593,0.0,0.8095238095238095,0.5377530276694037,16,5,1.0,17.104644775390625,0.410958904109589,1.0,0.410958904109589,0.5377530276694037
2021,양천구,신월3동,1115059,117,9,1186.5,3.250684931506849,77.4,0.0,0.0,0.0,0.0,0.0,0.0,0.0,0.0,0.0,0.0,0.4745647934402593,0.0,0.0,0.273728239672013,286,2,1.0,30.644729614257812,0.0,1.0,0.0,0.273728239672013
2021,양천구,신월4동,1115060,117,9,1186.5,3.250684931506849,77.4,0.0,0.0,0.0,0.0,0.0,1.0,1.0,1.0,1.0,1.0,0.4745647934402593,0.0,0.1666666666666666,0.3464293890973003,184,3,1.0,14.44400405883789,0.20689655172413793,1.0,0.20689655172413793,0.3464293890973003
2021,양천구,신월5동,1115061,117,9,1186.5,3.250684931506849,77.4,27.0,2104.08,0.2481481481481481,0.7,1.0,1.0,1.0,1.0,1.0,1.0,0.4745647934402593,0.4351275100047655,0.1666666666666666,0.4459331593401093,59,5,1.0,26.91191864013672,0.0,1.0,0.0,0.4459331593401093
2021,양천구,신월6동,1115062,117,9,1186.5,3.250684931506849,77.4,0.0,0.0,0.0,0.0,0.0,1.0,1.0,1.0,1.0,1.0,0.4745647934402593,0.0,0.1666666666666666,0.15410082527035163,392,1,0.37475178578549945,26.371540069580078,0.0,0.35482367572668805,0.0,0.15410082527035163
2021,양천구,신월7동,1115063,117,9,1186.5,3.250684931506849,77.4,0.0,0.0,0.0,0.0,0.0,0.0,0.0,0.0,0.0,0.0,0.4745647934402593,0.0,0.0,0.07855554057672139,419,1,0.24342306447649648,51.6966438293457,0.0,0.21930920361883366,0.0,0.07855554057672139
2021,양천구,신정1동,1115064,117,9,1186.5,3.250684931506849,77.4,0.0,0.0,0.0,0.0,0.0,1.0,1.0,1.0,1.0,1.0,0.4745647934402593,0.0,0.1666666666666666,0.4051565824366746,95,4,0.9118560562185983,10.688302993774414,0.75,0.9090467043919799,0.75,0.4051565824366746
2021,양천구,신정2동,1115065,117,9,1186.5,3.250684931506849,77.4,0.0,0.0,0.0,0.0,0.0,0.0,0.0,0.0,0.0,0.0,0.4745647934402593,0.0,0.0,0.30362553320327634,256,2,0.5344280320485267,8.062150955200195,1.0,0.5195891741250535,1.0,0.30362553320327634
2021,양천구,신정3동,1115066,117,9,1186.5,3.250684931506849,77.4,0.0,0.0,0.0,0.0,0.0,4.0,4.0,2.5,10.0,1.0,0.4745647934402593,0.0,0.6309523809523809,0.27742599089403164,278,2,0.4028705246025827,41.099082946777344,0.0,0.3838386239356938,0.0,0.27742599089403164
2021,양천구,신정6동,1115069,117,9,1186.5,3.250684931506849,77.4,0.0,0.0,0.0,0.0,0.0,6.0,6.0,3.5,21.0,1.0,0.4745647934402593,0.0,1.0,0.5259596402713849,17,5,0.4271826202160437,8.872846603393555,1.0,0.4089256023974874,1.0,0.5259596402713849
2021,양천구,신정7동,1115070,117,9,1186.5,3.250684931506849,77.4,0.0,0.0,0.0,0.0,0.0,1.0,1.0,1.0,1.0,1.0,0.4745647934402593,0.0,0.1666666666666666,0.1943628964346645,369,1,0.3166008441802642,16.73788833618164,0.3684210526315789,0.2948193288049922,0.3684210526315789,0.1943628964346645
2021,양천구,목5동,1115071,117,9,1186.5,3.250684931506849,77.4,0.0,0.0,0.0,0.0,0.0,1.0,1.0,1.0,1.0,1.0,0.4745647934402593,0.0,0.1666666666666666,0.33496219934064797,196,3,0.5479757712467729,9.716203689575195,0.9078341013824884,0.5335687111783801,0.9078341013824884,0.33496219934064797
2021,양천구,신정4동,1115072,117,9,1186.5,3.250684931506849,77.4,0.0,0.0,0.0,0.0,0.0,2.0,2.0,1.5,3.0,1.0,0.4745647934402593,0.0,0.3095238095238095,0.4394156436658686,66,5,1.0,13.248093605041504,0.5887096774193549,1.0,0.5887096774193549,0.4394156436658686
2021,강서구,염창동,1116051,117,9,1186.5,3.250684931506849,77.4,0.0,0.0,0.0,0.0,0.0,1.0,1.0,1.0,1.0,1.0,0.4745647934402593,0.0,0.1666666666666666,0.19167086985549212,372,1,0.23099627402410391,11.710103034973145,0.4976958525345622,0.20648634254651269,0.4976958525345622,0.19167086985549212
2021,강서구,등촌1동,1116052,117,9,1186.5,3.250684931506849,77.4,0.0,0.0,0.0,0.0,0.0,1.0,1.0,1.0,1.0,1.0,0.4745647934402593,0.0,0.1666666666666666,0.3373531055068984,195,3,0.6320284359315348,10.628580093383789,0.7792207792207793,0.6203003291404074,0.7792207792207793,0.3373531055068984
2021,강서구,등촌2동,1116053,117,9,1186.5,3.250684931506849,77.4,0.0,0.0,0.0,0.0,0.0,1.0,1.0,1.0,1.0,1.0,0.4745647934402593,0.0,0.1666666666666666,0.3153949063386796,218,3,1.0,42.13532257080078,0.0,1.0,0.0,0.3153949063386796
2021,강서구,등촌3동,1116054,117,9,1186.5,3.250684931506849,77.4,0.0,0.0,0.0,0.0,0.0,1.0,1.0,1.0,1.0,1.0,0.4745647934402593,0.0,0.1666666666666666,0.46313926724093524,50,5,1.0,9.621081352233887,0.9849624060150376,1.0,0.9849624060150376,0.46313926724093524
2021,강서구,화곡본동,1116055,117,9,1186.5,3.250684931506849,77.4,0.0,0.0,0.0,0.0,0.0,1.0,1.0,1.0,1.0,1.0,0.4745647934402593,0.0,0.1666666666666666,0.3153949063386796,218,3,1.0,38.24263000488281,0.0,1.0,0.0,0.3153949063386796
2021,강서구,화곡2동,1116057,117,9,1186.5,3.250684931506849,77.4,0.0,0.0,0.0,0.0,0.0,1.0,1.0,1.0,1.0,1.0,0.4745647934402593,0.0,0.1666666666666666,0.3567742166835072,154,4,1.0,24.309139251708984,0.27586206896551724,1.0,0.27586206896551724,0.3567742166835072
2021,강서구,화곡3동,1116058,117,9,1186.5,3.250684931506849,77.4,0.0,0.0,0.0,0.0,0.0,1.0,1.0,1.0,1.0,1.0,0.4745647934402593,0.0,0.1666666666666666,0.3153949063386796,218,3,1.0,24.178909301757812,0.0,1.0,0.0,0.3153949063386796
2021,강서구,화곡4동,1116059,117,9,1186.5,3.250684931506849,77.4,1.0,283.7,0.5,0.5,1.0,1.0,1.0,1.0,1.0,1.0,0.4745647934402593,0.4310632493236432,0.1666666666666666,0.4758459566074707,40,5,1.0,36.34284210205078,0.20754716981132076,1.0,0.20754716981132076,0.4758459566074707
2021,강서구,화곡6동,1116061,117,9,1186.5,3.250684931506849,77.4,3.0,488.1,0.5,0.5,1.0,3.0,3.0,2.0,6.0,1.0,0.4745647934402593,0.4356401213593686,0.4642857142857143,0.5538250379845855,13,5,1.0,25.2863826751709,0.2222222222222222,1.0,0.2222222222222222,0.5538250379845855
2021,강서구,화곡8동,1116063,117,9,1186.5,3.250684931506849,77.4,0.0,0.0,0.0,0.0,0.0,3.0,3.0,2.0,6.0,1.0,0.4745647934402593,0.0,0.4642857142857143,0.41337109681487016,92,4,1.0,30.447031021118164,0.15714285714285714,1.0,0.15714285714285714,0.41337109681487016
2021,강서구,가양1동,1116064,117,9,1186.5,3.250684931506849,77.4,0.0,0.0,0.0,0.0,0.0,1.0,1.0,1.0,1.0,1.0,0.4745647934402593,0.0,0.1666666666666666,0.2500519829035772,319,2,0.7467015161452499,,0.0,0.7386283062595903,0.0,0.2500519829035772
2021,강서구,가양2동,1116065,117,9,1186.5,3.250684931506849,77.4,0.0,0.0,0.0,0.0,0.0,4.0,5.0,2.75,11.0,1.0,0.4745647934402593,0.0,0.7023809523809523,0.350987876075838,180,3,0.07724442321815891,8.522879600524902,0.9313725490196079,0.047834063822582984,0.9313725490196079,0.350987876075838
2021,강서구,가양3동,1116066,117,9,1186.5,3.250684931506849,77.4,0.0,0.0,0.0,0.0,0.0,1.0,1.0,1.0,1.0,1.0,0.4745647934402593,0.0,0.1666666666666666,0.22641119656516376,348,1,0.07359193361256908,9.717177391052246,1.0,0.04406516090593667,1.0,0.22641119656516376
2021,강서구,발산1동,1116067,117,9,1186.5,3.250684931506849,77.4,5.0,1147.6,0.42,0.5,1.0,1.0,1.0,1.0,1.0,1.0,0.4745647934402593,0.4007269680099897,0.1666666666666666,0.5139279138687484,22,5,1.0,15.22413158416748,0.5220994475138122,1.0,0.5220994475138122,0.5139279138687484
2021,강서구,공항동,1116069,117,9,1186.5,3.250684931506849,77.4,0.0,0.0,0.0,0.0,0.0,1.0,1.0,1.0,1.0,1.0,0.4745647934402593,0.0,0.1666666666666666,0.2740493524651819,283,2,0.4538002719771651,11.181909561157227,0.663710273466371,0.4363916204261864,0.663710273466371,0.2740493524651819
2021,강서구,방화1동,1116070,117,9,1186.5,3.250684931506849,77.4,0.0,0.0,0.0,0.0,0.0,1.0,1.0,1.0,1.0,1.0,0.4745647934402593,0.0,0.1666666666666666,0.42523097191245013,84,5,1.0,11.393230438232422,0.73224043715847,1.0,0.73224043715847,0.42523097191245013
2021,강서구,방화2동,1116071,117,9,1186.5,3.250684931506849,77.4,6.0,13846.0,0.3666666666666667,0.5,1.0,5.0,5.0,3.0,15.0,1.0,0.4745647934402593,0.3904637499829173,0.8095238095238095,0.4908465789413118,32,5,0.14858233395523326,14.92070198059082,0.781578947368421,0.1214456791528325,0.781578947368421,0.4908465789413118
2021,강서구,방화3동,1116072,117,9,1186.5,3.250684931506849,77.4,0.0,0.0,0.0,0.0,0.0,5.0,5.0,3.0,15.0,1.0,0.4745647934402593,0.0,0.8095238095238095,0.4107662686178629,93,4,0.7467015161452499,,0.0,0.7386283062595903,0.0,0.4107662686178629
2021,강서구,화곡1동,1116073,117,9,1186.5,3.250684931506849,77.4,33.0,4183.87,0.4281818181818182,0.5,1.0,4.0,4.0,2.5,10.0,1.0,0.4745647934402593,0.4690898167941626,0.6309523809523809,0.6195087161899677,4,5,1.0,17.211917877197266,0.31543624161073824,1.0,0.31543624161073824,0.6195087161899677
2021,강서구,우장산동,1116074,117,9,1186.5,3.250684931506849,77.4,0.0,0.0,0.0,0.0,0.0,1.0,1.0,1.0,1.0,1.0,0.4745647934402593,0.0,0.1666666666666666,0.3461641371079104,185,3,1.0,28.402524948120117,0.20512820512820512,1.0,0.20512820512820512,0.3461641371079104
2021,구로구,신도림동,1117051,117,9,1186.5,3.250684931506849,77.4,1.0,1638.0,0.3,0.3,1.0,1.0,1.0,1.0,1.0,1.0,0.4745647934402593,0.2611522753922226,0.1666666666666666,0.40346993654520524,97,4,0.4562480263016256,8.730093002319336,1.0,0.43891739035543526,1.0,0.40346993654520524
2021,구로구,구로1동,1117052,117,9,1186.5,3.250684931506849,77.4,0.0,0.0,0.0,0.0,0.0,1.0,1.0,1.0,1.0,1.0,0.4745647934402593,0.0,0.1666666666666666,0.3402544275273337,193,3,0.5148993665204885,10.038071632385254,1.0,0.49943808475461626,1.0,0.3402544275273337
2021,구로구,구로3동,1117054,117,9,1186.5,3.250684931506849,77.4,1.0,4381.3,0.3,0.3,1.0,3.0,3.0,2.0,6.0,1.0,0.4745647934402593,0.2642263544101166,0.4642857142857143,0.4690675745664765,44,5,1.0,,0.0,1.0,0.0,0.4690675745664765
2021,구로구,구로4동,1117055,117,9,1186.5,3.250684931506849,77.4,0.0,0.0,0.0,0.0,0.0,1.0,1.0,1.0,1.0,1.0,0.4745647934402593,0.0,0.1666666666666666,0.4403949063386796,65,5,1.0,11.666328430175781,0.8333333333333334,1.0,0.8333333333333334,0.4403949063386796
2021,구로구,구로5동,1117056,117,9,1186.5,3.250684931506849,77.4,0.0,0.0,0.0,0.0,0.0,4.0,4.0,2.5,10.0,1.0,0.4745647934402593,0.0,0.6309523809523809,0.43072214854548396,79,5,0.6454212747066782,12.51986312866211,0.6048387096774194,0.6341200287350516,0.6048387096774194,0.43072214854548396
2021,구로구,고척1동,1117061,117,9,1186.5,3.250684931506849,77.4,0.0,0.0,0.0,0.0,0.0,5.0,5.0,3.0,15.0,1.0,0.4745647934402593,0.0,0.8095238095238095,0.49477493848427073,30,5,0.9331322442840222,17.837427139282227,0.23943661971830985,0.9310010138942356,0.23943661971830985,0.49477493848427073
2021,구로구,고척2동,1117062,117,9,1186.5,3.250684931506849,77.4,0.0,0.0,0.0,0.0,0.0,1.0,1.0,1.0,1.0,1.0,0.4745647934402593,0.0,0.1666666666666666,0.3037330191765407,255,3,0.9547932938753687,28.663103103637695,0.0,0.9533524513514444,0.0,0.3037330191765407
2021,구로구,개봉2동,1117064,117,9,1186.5,3.250684931506849,77.4,0.0,0.0,0.0,0.0,0.0,1.0,1.0,1.0,1.0,1.0,0.4745647934402593,0.0,0.1666666666666666,0.37650601744979073,131,4,1.0,13.583661079406738,0.4074074074074074,1.0,0.4074074074074074,0.37650601744979073
2021,구로구,개봉3동,1117065,117,9,1186.5,3.250684931506849,77.4,0.0,0.0,0.0,0.0,0.0,1.0,1.0,1.0,1.0,1.0,0.4745647934402593,0.0,0.1666666666666666,0.1825312872925381,376,1,0.4849610103951421,,0.0,0.46854552381543396,0.0,0.1825312872925381
2021,구로구,오류1동,1117067,117,9,1186.5,3.250684931506849,77.4,0.0,0.0,0.0,0.0,0.0,5.0,5.0,3.0,15.0,1.0,0.4745647934402593,0.0,0.8095238095238095,0.43354550149700977,69,5,0.8350040414736857,34.33296203613281,0.0,0.8297452377761777,0.0,0.43354550149700977
2021,구로구,항동,1117074,117,9,1186.5,3.250684931506849,77.4,0.0,0.0,0.0,0.0,0.0,1.0,1.0,1.0,1.0,1.0,0.4745647934402593,0.0,0.1666666666666666,0.1054538778763121,414,1,0.18617439482578496,,0.0,0.16023588615052992,0.0,0.1054538778763121
2021,구로구,수궁동,1117069,117,9,1186.5,3.250684931506849,77.4,0.0,0.0,0.0,0.0,0.0,3.0,3.0,2.0,6.0,1.0,0.4745647934402593,0.0,0.4642857142857143,0.21052426596473564,360,1,0.3050481184125883,55.045745849609375,0.0,0.28289839088517643,0.0,0.21052426596473564
2021,구로구,가리봉동,1117070,117,9,1186.5,3.250684931506849,77.4,0.0,0.0,0.0,0.0,0.0,1.0,1.0,1.0,1.0,1.0,0.4745647934402593,0.0,0.1666666666666666,0.3153949063386796,218,3,1.0,,0.0,1.0,0.0,0.3153949063386796
2021,구로구,구로2동,1117071,117,9,1186.5,3.250684931506849,77.4,0.0,0.0,0.0,0.0,0.0,5.0,5.0,3.0,15.0,1.0,0.4745647934402593,0.0,0.8095238095238095,0.505186631447982,26,5,0.7630510588275611,12.034137725830078,0.6013513513513513,0.7554989467692558,0.6013513513513513,0.505186631447982
2021,구로구,개봉1동,1117072,117,9,1186.5,3.250684931506849,77.4,3.0,407.0,0.3,0.3,1.0,3.0,3.0,2.0,6.0,1.0,0.4745647934402593,0.2641206711321417,0.4642857142857143,0.4736090403147914,41,5,1.0,29.48774528503418,0.03048780487804878,1.0,0.03048780487804878,0.4736090403147914
2021,금천구,가산동,1118051,117,9,1186.5,3.250684931506849,77.4,0.0,0.0,0.0,0.0,0.0,1.0,1.0,1.0,1.0,1.0,0.4745647934402593,0.0,0.1666666666666666,0.2940370631672069,266,2,0.9172074188092517,,0.0,0.9145686273141092,0.0,0.2940370631672069
2021,금천구,독산1동,1118052,117,9,1186.5,3.250684931506849,77.4,0.0,0.0,0.0,0.0,0.0,3.0,3.0,2.0,6.0,1.0,0.4745647934402593,0.0,0.4642857142857143,0.3897996682434416,109,4,1.0,,0.0,1.0,0.0,0.3897996682434416
2021,금천구,독산2동,1118053,117,9,1186.5,3.250684931506849,77.4,0.0,0.0,0.0,0.0,0.0,1.0,1.0,1.0,1.0,1.0,0.4745647934402593,0.0,0.1666666666666666,0.3153949063386796,218,3,1.0,,0.0,1.0,0.0,0.3153949063386796
2021,금천구,독산3동,1118054,117,9,1186.5,3.250684931506849,77.4,0.0,0.0,0.0,0.0,0.0,1.0,1.0,1.0,1.0,1.0,0.4745647934402593,0.0,0.1666666666666666,0.3062483761013462,252,3,0.9645439456967486,,0.0,0.9634138790506662,0.0,0.3062483761013462
2021,금천구,독산4동,1118055,117,9,1186.5,3.250684931506849,77.4,0.0,0.0,0.0,0.0,0.0,1.0,1.0,1.0,1.0,1.0,0.4745647934402593,0.0,0.1666666666666666,0.26645110026470165,301,2,0.8102718516270176,,0.0,0.804224775704088,0.0,0.26645110026470165
2021,금천구,시흥1동,1118057,117,9,1186.5,3.250684931506849,77.4,0.0,0.0,0.0,0.0,0.0,2.0,2.0,1.5,3.0,1.0,0.4745647934402593,0.0,0.3095238095238095,0.35110919205296537,159,4,1.0,,0.0,1.0,0.0,0.35110919205296537
2021,금천구,시흥2동,1118058,117,9,1186.5,3.250684931506849,77.4,0.0,0.0,0.0,0.0,0.0,0.0,0.0,0.0,0.0,0.0,0.4745647934402593,0.0,0.0,0.06975188107473305,421,1,0.20929613095412566,,0.0,0.18409456561088036,0.0,0.06975188107473305
2021,금천구,시흥3동,1118059,117,9,1186.5,3.250684931506849,77.4,0.0,0.0,0.0,0.0,0.0,1.0,1.0,1.0,1.0,1.0,0.4745647934402593,0.0,0.1666666666666666,0.216315572576456,355,1,0.615924055674742,,0.0,0.6036826649511056,0.0,0.216315572576456
2021,금천구,시흥4동,1118060,117,9,1186.5,3.250684931506849,77.4,0.0,0.0,0.0,0.0,0.0,0.0,0.0,0.0,0.0,0.0,0.4745647934402593,0.0,0.0,0.12922108878167782,405,1,0.43982545771700193,,0.0,0.42197139643865944,0.0,0.12922108878167782
2021,금천구,시흥5동,1118061,117,9,1186.5,3.250684931506849,77.4,0.0,0.0,0.0,0.0,0.0,0.0,0.0,0.0,0.0,0.0,0.4745647934402593,0.0,0.0,0.17915993438853065,381,1,0.633410825690865,,0.0,0.6217267788660708,0.0,0.17915993438853065
2021,영등포구,여의동,1119054,117,9,1186.5,3.250684931506849,77.4,0.0,0.0,0.0,0.0,0.0,2.0,2.0,1.5,3.0,1.0,0.4745647934402593,0.0,0.3095238095238095,0.2351019146109332,339,2,0.17118263222548114,7.767864227294922,0.6520076481835564,0.1447663013217376,0.6520076481835564,0.2351019146109332
2021,영등포구,당산1동,1119055,117,9,1186.5,3.250684931506849,77.4,0.0,0.0,0.0,0.0,0.0,1.0,1.0,1.0,1.0,1.0,0.4745647934402593,0.0,0.1666666666666666,0.39310296633476627,104,4,0.7197640106185876,9.784505844116211,1.0,0.7108322399843466,1.0,0.39310296633476627
2021,영등포구,당산2동,1119056,117,9,1186.5,3.250684931506849,77.4,0.0,0.0,0.0,0.0,0.0,1.0,1.0,1.0,1.0,1.0,0.4745647934402593,0.0,0.1666666666666666,0.23796262979869012,334,2,0.2516233912724401,10.023271560668945,0.7708333333333334,0.22777089384004204,0.7708333333333334,0.23796262979869012
2021,영등포구,양평1동,1119061,117,9,1186.5,3.250684931506849,77.4,0.0,0.0,0.0,0.0,0.0,1.0,1.0,1.0,1.0,1.0,0.4745647934402593,0.0,0.1666666666666666,0.3636320093358274,147,4,0.605521360716432,8.289697647094727,1.0,0.592948411988591,1.0,0.3636320093358274
2021,영등포구,양평2동,1119062,117,9,1186.5,3.250684931506849,77.4,0.0,0.0,0.0,0.0,0.0,1.0,1.0,1.0,1.0,1.0,0.4745647934402593,0.0,0.1666666666666666,0.2487390351419226,322,2,0.23241742257803485,7.972442626953125,0.8757062146892656,0.2079527863994126,0.8757062146892656,0.2487390351419226
2021,영등포구,신길1동,1119063,117,9,1186.5,3.250684931506849,77.4,0.0,0.0,0.0,0.0,0.0,1.0,1.0,1.0,1.0,1.0,0.4745647934402593,0.0,0.1666666666666666,0.29083187349391315,267,2,0.8472749118908366,16.796220779418945,0.0989010989010989,0.8424072092802747,0.0989010989010989,0.29083187349391315
2021,영등포구,신길3동,1119065,117,9,1186.5,3.250684931506849,77.4,0.0,0.0,0.0,0.0,0.0,1.0,1.0,1.0,1.0,1.0,0.4745647934402593,0.0,0.1666666666666666,0.3661641371079104,141,4,1.0,15.499021530151367,0.3384615384615385,1.0,0.3384615384615385,0.3661641371079104
2021,영등포구,신길4동,1119066,117,9,1186.5,3.250684931506849,77.4,0.0,0.0,0.0,0.0,0.0,1.0,1.0,1.0,1.0,1.0,0.4745647934402593,0.0,0.1666666666666666,0.26099901113243024,304,2,0.7891371083611015,26.100929260253906,0.0,0.7824164191750024,0.0,0.26099901113243024
2021,영등포구,신길5동,1119067,117,9,1186.5,3.250684931506849,77.4,0.0,0.0,0.0,0.0,0.0,1.0,1.0,1.0,1.0,1.0,0.4745647934402593,0.0,0.1666666666666666,0.2606043519976609,306,2,0.6000371391228883,14.28874683380127,0.3225806451612903,0.5872893955391509,0.3225806451612903,0.2606043519976609
2021,영등포구,신길6동,1119068,117,9,1186.5,3.250684931506849,77.4,0.0,0.0,0.0,0.0,0.0,1.0,1.0,1.0,1.0,1.0,0.4745647934402593,0.0,0.1666666666666666,0.2253548839452663,349,1,0.6509644815455663,18.766965866088867,0.0,0.6398399104263467,0.0,0.2253548839452663
2021,영등포구,신길7동,1119069,117,9,1186.5,3.250684931506849,77.4,0.0,0.0,0.0,0.0,0.0,5.0,5.0,3.0,15.0,1.0,0.4745647934402593,0.0,0.8095238095238095,0.42700665104640484,82,5,0.8020056384321218,26.974590301513672,0.013157894736842105,0.7956950991316526,0.013157894736842105,0.42700665104640484
2021,영등포구,대림1동,1119070,117,9,1186.5,3.250684931506849,77.4,0.0,0.0,0.0,0.0,0.0,1.0,1.0,1.0,1.0,1.0,0.4745647934402593,0.0,0.1666666666666666,0.3153949063386796,218,3,1.0,15.248895645141602,0.0,1.0,0.0,0.3153949063386796
2021,영등포구,대림2동,1119071,117,9,1186.5,3.250684931506849,77.4,0.0,0.0,0.0,0.0,0.0,1.0,1.0,1.0,1.0,1.0,0.4745647934402593,0.0,0.1666666666666666,0.46539490633867964,46,5,1.0,11.905293464660645,1.0,1.0,1.0,0.46539490633867964
2021,영등포구,대림3동,1119072,117,9,1186.5,3.250684931506849,77.4,0.0,0.0,0.0,0.0,0.0,1.0,1.0,1.0,1.0,1.0,0.4745647934402593,0.0,0.1666666666666666,0.3835575851849267,123,4,0.8628623191553706,11.762141227722168,0.6902654867256637,0.85849142334959,0.6902654867256637,0.3835575851849267
2021,영등포구,영등포본동,1119073,117,9,1186.5,3.250684931506849,77.4,0.0,0.0,0.0,0.0,0.0,4.0,4.0,2.5,10.0,1.0,0.4745647934402593,0.0,0.6309523809523809,0.45205457020422585,55,5,1.0,15.868609428405762,0.13725490196078433,1.0,0.13725490196078433,0.45205457020422585
2021,영등포구,영등포동,1119074,117,9,1186.5,3.250684931506849,77.4,0.0,0.0,0.0,0.0,0.0,3.0,3.0,2.0,6.0,1.0,0.4745647934402593,0.0,0.4642857142857143,0.4653903501481501,47,5,0.7769281654213863,10.558001518249512,0.8875739644970414,0.7698183489206094,0.8875739644970414,0.4653903501481501
2021,영등포구,도림동,1119075,117,9,1186.5,3.250684931506849,77.4,0.0,0.0,0.0,0.0,0.0,1.0,1.0,1.0,1.0,1.0,0.4745647934402593,0.0,0.1666666666666666,0.36265518031128235,150,4,1.0,16.28989601135254,0.3150684931506849,1.0,0.3150684931506849,0.36265518031128235
2021,영등포구,문래동,1119076,117,9,1186.5,3.250684931506849,77.4,0.0,0.0,0.0,0.0,0.0,5.0,5.0,3.0,15.0,1.0,0.4745647934402593,0.0,0.8095238095238095,0.5500232467535608,15,5,0.7236424565649472,9.61699104309082,0.9680365296803652,0.7148343009941628,0.9680365296803652,0.5500232467535608
2021,동작구,노량진2동,1120052,117,9,1186.5,3.250684931506849,77.4,0.0,0.0,0.0,0.0,0.0,1.0,1.0,1.0,1.0,1.0,0.4745647934402593,0.0,0.1666666666666666,0.3236140844208714,206,3,1.0,20.56142234802246,0.0547945205479452,1.0,0.0547945205479452,0.3236140844208714
2021,동작구,상도1동,1120053,117,9,1186.5,3.250684931506849,77.4,0.0,0.0,0.0,0.0,0.0,2.0,2.0,1.5,3.0,1.0,0.4745647934402593,0.0,0.3095238095238095,0.2539019108368564,315,2,0.6231809711400905,75.49884796142578,0.0,0.6111708751355643,0.0,0.2539019108368564
2021,동작구,상도2동,1120054,117,9,1186.5,3.250684931506849,77.4,0.0,0.0,0.0,0.0,0.0,5.0,5.0,3.0,15.0,1.0,0.4745647934402593,0.0,0.8095238095238095,0.47610919205296537,36,5,1.0,44.01445388793945,0.0,1.0,0.0,0.47610919205296537
2021,동작구,상도3동,1120055,117,9,1186.5,3.250684931506849,77.4,1.0,89.0,0.5,0.5,1.0,1.0,1.0,1.0,1.0,1.0,0.4745647934402593,0.4308450729722475,0.1666666666666666,0.4446484282303539,62,5,1.0,40.54975891113281,0.0,1.0,0.0,0.4446484282303539
2021,동작구,상도4동,1120056,117,9,1186.5,3.250684931506849,77.4,0.0,0.0,0.0,0.0,0.0,2.0,2.0,1.5,3.0,1.0,0.4745647934402593,0.0,0.3095238095238095,0.15006678749294264,394,1,0.22066945296465493,52.77826690673828,0.0,0.19583038175990927,0.0,0.15006678749294264
2021,동작구,사당1동,1120063,117,9,1186.5,3.250684931506849,77.4,0.0,0.0,0.0,0.0,0.0,2.0,2.0,1.5,3.0,1.0,0.4745647934402593,0.0,0.3095238095238095,0.35110919205296537,159,4,1.0,,0.0,1.0,0.0,0.35110919205296537
2021,동작구,사당3동,1120065,117,9,1186.5,3.250684931506849,77.4,0.0,0.0,0.0,0.0,0.0,1.0,1.0,1.0,1.0,1.0,0.4745647934402593,0.0,0.1666666666666666,0.1078322995014291,412,1,0.19539422399684783,130.07977294921875,0.0,0.1697495726509979,0.0,0.1078322995014291
2021,동작구,사당4동,1120066,117,9,1186.5,3.250684931506849,77.4,0.0,0.0,0.0,0.0,0.0,0.0,0.0,0.0,0.0,0.0,0.4745647934402593,0.0,0.0,0.273728239672013,286,2,1.0,,0.0,1.0,0.0,0.273728239672013
2021,동작구,사당5동,1120067,117,9,1186.5,3.250684931506849,77.4,1.0,231.0,0.5,0.5,1.0,0.0,0.0,0.0,0.0,0.0,0.4745647934402593,0.431004194913173,0.0,0.4030294981459649,98,4,1.0,,0.0,1.0,0.0,0.4030294981459649
2021,동작구,대방동,1120068,117,9,1186.5,3.250684931506849,77.4,0.0,0.0,0.0,0.0,0.0,5.0,5.0,3.0,15.0,1.0,0.4745647934402593,0.0,0.8095238095238095,0.4651387046544927,48,5,0.9218734313859709,27.497638702392578,0.061224489795918366,0.9193833565285583,0.061224489795918366,0.4651387046544927
2021,동작구,신대방1동,1120069,117,9,1186.5,3.250684931506849,77.4,0.0,0.0,0.0,0.0,0.0,2.0,2.0,1.5,3.0,1.0,0.4745647934402593,0.0,0.3095238095238095,0.27282957166688393,291,2,0.6965530754036007,23.575489044189453,0.0,0.6868815184556742,0.0,0.27282957166688393
2021,동작구,신대방2동,1120070,117,9,1186.5,3.250684931506849,77.4,0.0,0.0,0.0,0.0,0.0,3.0,3.0,2.0,6.0,1.0,0.4745647934402593,0.0,0.4642857142857143,0.3897996682434416,109,4,1.0,27.684358596801758,0.0,1.0,0.0,0.3897996682434416
2021,동작구,흑석동,1120071,117,9,1186.5,3.250684931506849,77.4,0.0,0.0,0.0,0.0,0.0,4.0,4.0,2.5,10.0,1.0,0.4745647934402593,0.0,0.6309523809523809,0.2858795902289703,271,2,0.3670712120436491,39.624916076660156,0.1179245283018868,0.34689830429431623,0.1179245283018868,0.2858795902289703
2021,동작구,노량진1동,1120072,117,9,1186.5,3.250684931506849,77.4,0.0,0.0,0.0,0.0,0.0,1.0,1.0,1.0,1.0,1.0,0.4745647934402593,0.0,0.1666666666666666,0.24022629339732818,328,2,0.6031505313778296,24.678647994995117,0.18137254901960784,0.5905020188228296,0.18137254901960784,0.24022629339732818
2021,동작구,사당2동,1120073,117,9,1186.5,3.250684931506849,77.4,0.0,0.0,0.0,0.0,0.0,2.0,2.0,1.5,3.0,1.0,0.4745647934402593,0.0,0.3095238095238095,0.15813454972505014,390,1,0.2122451485815968,49.221580505371094,0.06827309236947791,0.18713757526665253,0.06827309236947791,0.15813454972505014
2021,관악구,보라매동,1121052,117,9,1186.5,3.250684931506849,77.4,0.0,0.0,0.0,0.0,0.0,4.0,4.0,2.5,10.0,1.0,0.4745647934402593,0.0,0.6309523809523809,0.4314663349101082,73,5,1.0,42.57589340209961,0.0,1.0,0.0,0.4314663349101082
2021,관악구,청림동,1121054,117,9,1186.5,3.250684931506849,77.4,0.0,0.0,0.0,0.0,0.0,0.0,0.0,0.0,0.0,0.0,0.4745647934402593,0.0,0.0,0.27077373451217623,294,2,0.9885470126191865,,0.0,0.988181979360653,0.0,0.27077373451217623
2021,관악구,행운동,1121057,117,9,1186.5,3.250684931506849,77.4,0.0,0.0,0.0,0.0,0.0,1.0,1.0,1.0,1.0,1.0,0.4745647934402593,0.0,0.1666666666666666,0.3153949063386796,218,3,1.0,,0.0,1.0,0.0,0.3153949063386796
2021,관악구,낙성대동,1121058,117,9,1186.5,3.250684931506849,77.4,0.0,0.0,0.0,0.0,0.0,5.0,5.0,3.0,15.0,1.0,0.4745647934402593,0.0,0.8095238095238095,0.43250706291784563,72,5,0.8309785877007181,,0.0,0.825591483459521,0.0,0.43250706291784563
2021,관악구,중앙동,1121061,117,9,1186.5,3.250684931506849,77.4,0.0,0.0,0.0,0.0,0.0,3.0,3.0,2.0,6.0,1.0,0.4745647934402593,0.0,0.4642857142857143,0.3897996682434416,109,4,1.0,,0.0,1.0,0.0,0.3897996682434416
2021,관악구,인헌동,1121062,117,9,1186.5,3.250684931506849,77.4,0.0,0.0,0.0,0.0,0.0,1.0,1.0,1.0,1.0,1.0,0.4745647934402593,0.0,0.1666666666666666,0.3153949063386796,218,3,1.0,,0.0,1.0,0.0,0.3153949063386796
2021,관악구,남현동,1121063,117,9,1186.5,3.250684931506849,77.4,0.0,0.0,0.0,0.0,0.0,1.0,1.0,1.0,1.0,1.0,0.4745647934402593,0.0,0.1666666666666666,0.2506204899453556,318,2,0.7489053044695698,,0.0,0.7409023344267037,0.0,0.2506204899453556
2021,관악구,서원동,1121064,117,9,1186.5,3.250684931506849,77.4,0.0,0.0,0.0,0.0,0.0,1.0,1.0,1.0,1.0,1.0,0.4745647934402593,0.0,0.1666666666666666,0.3153949063386796,218,3,1.0,,0.0,1.0,0.0,0.3153949063386796
2021,관악구,신원동,1121065,117,9,1186.5,3.250684931506849,77.4,0.0,0.0,0.0,0.0,0.0,1.0,1.0,1.0,1.0,1.0,0.4745647934402593,0.0,0.1666666666666666,0.3153949063386796,218,3,1.0,,0.0,1.0,0.0,0.3153949063386796
2021,관악구,서림동,1121066,117,9,1186.5,3.250684931506849,77.4,0.0,0.0,0.0,0.0,0.0,3.0,3.0,2.0,6.0,1.0,0.4745647934402593,0.0,0.4642857142857143,0.31570637923528994,217,3,0.7127811737989281,,0.0,0.7036268439673935,0.0,0.31570637923528994
2021,관악구,신사동,1121068,117,9,1186.5,3.250684931506849,77.4,0.0,0.0,0.0,0.0,0.0,1.0,1.0,1.0,1.0,1.0,0.4745647934402593,0.0,0.1666666666666666,0.3153949063386796,218,3,1.0,,0.0,1.0,0.0,0.3153949063386796
2021,관악구,신림동,1121069,117,9,1186.5,3.250684931506849,77.4,0.0,0.0,0.0,0.0,0.0,4.0,4.0,2.5,10.0,1.0,0.4745647934402593,0.0,0.6309523809523809,0.4019322373284334,100,4,0.8855125888745026,,0.0,0.8818636096733008,0.0,0.4019322373284334
2021,관악구,난향동,1121071,117,9,1186.5,3.250684931506849,77.4,0.0,0.0,0.0,0.0,0.0,0.0,0.0,0.0,0.0,0.0,0.4745647934402593,0.0,0.0,0.06294840676113998,422,1,0.18292281249846415,,0.0,0.15688066835650805,0.0,0.06294840676113998
2021,관악구,조원동,1121072,117,9,1186.5,3.250684931506849,77.4,0.0,0.0,0.0,0.0,0.0,1.0,1.0,1.0,1.0,1.0,0.4745647934402593,0.0,0.1666666666666666,0.3153949063386796,218,3,1.0,,0.0,1.0,0.0,0.3153949063386796
2021,관악구,대학동,1121073,117,9,1186.5,3.250684931506849,77.4,0.0,0.0,0.0,0.0,0.0,1.0,1.0,1.0,1.0,1.0,0.4745647934402593,0.0,0.1666666666666666,0.12619420446165924,406,1,0.2665732047128034,,0.0,0.24319719249191854,0.0,0.12619420446165924
2021,관악구,은천동,1121078,117,9,1186.5,3.250684931506849,77.4,0.0,0.0,0.0,0.0,0.0,4.0,4.0,2.5,10.0,1.0,0.4745647934402593,0.0,0.6309523809523809,0.4314663349101082,73,5,1.0,,0.0,1.0,0.0,0.4314663349101082
2021,관악구,성현동,1121079,117,9,1186.5,3.250684931506849,77.4,0.0,0.0,0.0,0.0,0.0,1.0,1.0,1.0,1.0,1.0,0.4745647934402593,0.0,0.1666666666666666,0.2231548236114019,352,1,0.6424360607516865,,0.0,0.6310396690908892,0.0,0.2231548236114019
2021,관악구,청룡동,1121080,117,9,1186.5,3.250684931506849,77.4,0.0,0.0,0.0,0.0,0.0,2.0,2.0,1.5,3.0,1.0,0.4745647934402593,0.0,0.3095238095238095,0.3303956821783277,201,3,0.9197051437135798,,0.0,0.9171459605014495,0.0,0.3303956821783277
2021,관악구,난곡동,1121081,117,9,1186.5,3.250684931506849,77.4,0.0,0.0,0.0,0.0,0.0,1.0,1.0,1.0,1.0,1.0,0.4745647934402593,0.0,0.1666666666666666,0.2559956553762425,313,2,0.7697418569612008,,0.0,0.7624029961502516,0.0,0.2559956553762425
2021,관악구,삼성동,1121082,117,9,1186.5,3.250684931506849,77.4,0.0,0.0,0.0,0.0,0.0,1.0,1.0,1.0,1.0,1.0,0.4745647934402593,0.0,0.1666666666666666,0.1788893480893749,382,1,0.4708432202817472,,0.0,0.4539777670027812,0.0,0.1788893480893749
2021,관악구,미성동,1121083,117,9,1186.5,3.250684931506849,77.4,0.0,0.0,0.0,0.0,0.0,1.0,1.0,1.0,1.0,1.0,0.4745647934402593,0.0,0.1666666666666666,0.3153949063386796,218,3,1.0,,0.0,1.0,0.0,0.3153949063386796
2021,서초구,서초1동,1122051,117,9,1186.5,3.250684931506849,77.4,0.0,0.0,0.0,0.0,0.0,1.0,1.0,1.0,1.0,1.0,0.4745647934402593,0.0,0.1666666666666666,0.2396700030118085,332,2,0.7064563047627606,,0.0,0.6971003866925155,0.0,0.2396700030118085
2021,서초구,서초2동,1122052,117,9,1186.5,3.250684931506849,77.4,0.0,0.0,0.0,0.0,0.0,5.0,5.0,3.0,15.0,1.0,0.4745647934402593,0.0,0.8095238095238095,0.47610919205296537,36,5,1.0,,0.0,1.0,0.0,0.47610919205296537
2021,서초구,서초3동,1122053,117,9,1186.5,3.250684931506849,77.4,0.0,0.0,0.0,0.0,0.0,1.0,1.0,1.0,1.0,1.0,0.4745647934402593,0.0,0.1666666666666666,0.2705868981043935,295,2,0.826304059358956,52.94233703613281,0.0,0.8207679670628555,0.0,0.2705868981043935
2021,서초구,서초4동,1122054,117,9,1186.5,3.250684931506849,77.4,0.0,0.0,0.0,0.0,0.0,1.0,1.0,1.0,1.0,1.0,0.4745647934402593,0.0,0.1666666666666666,0.3153949063386796,218,3,1.0,,0.0,1.0,0.0,0.3153949063386796
2021,서초구,잠원동,1122055,117,9,1186.5,3.250684931506849,77.4,0.0,0.0,0.0,0.0,0.0,5.0,5.0,3.0,15.0,1.0,0.4745647934402593,0.0,0.8095238095238095,0.5094873030564935,23,5,0.5479212420542814,2.5899102687835693,1.0,0.5335124440141125,1.0,0.5094873030564935
2021,서초구,반포본동,1122056,117,9,1186.5,3.250684931506849,77.4,0.0,0.0,0.0,0.0,0.0,1.0,1.0,1.0,1.0,1.0,0.4745647934402593,0.0,0.1666666666666666,0.16494215664739806,386,1,0.2017813408635508,11.633222579956055,0.3697478991596639,0.17634026173907547,0.3697478991596639,0.16494215664739806
2021,서초구,반포1동,1122057,117,9,1186.5,3.250684931506849,77.4,0.0,0.0,0.0,0.0,0.0,2.0,2.0,1.5,3.0,1.0,0.4745647934402593,0.0,0.3095238095238095,0.35110919205296537,159,4,1.0,,0.0,1.0,0.0,0.35110919205296537
2021,서초구,반포2동,1122058,117,9,1186.5,3.250684931506849,77.4,0.0,0.0,0.0,0.0,0.0,5.0,5.0,3.0,15.0,1.0,0.4745647934402593,0.0,0.8095238095238095,0.40215399245449995,99,4,0.2636935080629715,7.874170303344727,0.7732558139534884,0.24022571323404524,0.7732558139534884,0.40215399245449995
2021,서초구,반포3동,1122059,117,9,1186.5,3.250684931506849,77.4,0.0,0.0,0.0,0.0,0.0,5.0,5.0,3.0,15.0,1.0,0.4745647934402593,0.0,0.8095238095238095,0.3643462692922018,145,4,0.09240188082938888,7.254734516143799,0.8157894736842105,0.0634746247464195,0.8157894736842105,0.3643462692922018
2021,서초구,반포4동,1122060,117,9,1186.5,3.250684931506849,77.4,0.0,0.0,0.0,0.0,0.0,2.0,2.0,1.5,3.0,1.0,0.4745647934402593,0.0,0.3095238095238095,0.21570810822855183,356,1,0.4099133738117951,23.71477699279785,0.11214953271028037,0.39110594507617774,0.11214953271028037,0.21570810822855183
2021,서초구,방배본동,1122061,117,9,1186.5,3.250684931506849,77.4,1.0,456.0,0.5,0.5,1.0,1.0,1.0,1.0,1.0,1.0,0.4745647934402593,0.4312563247491465,0.1666666666666666,0.35470989145999976,156,4,0.6508796264346238,19.311689376831055,0.0,0.6397523507863045,0.0,0.35470989145999976
2021,서초구,방배1동,1122062,117,9,1186.5,3.250684931506849,77.4,0.0,0.0,0.0,0.0,0.0,1.0,1.0,1.0,1.0,1.0,0.4745647934402593,0.0,0.1666666666666666,0.20689861082419106,365,1,0.579419687504929,,0.0,0.5660148179420458,0.0,0.20689861082419106
2021,서초구,방배2동,1122063,117,9,1186.5,3.250684931506849,77.4,1.0,182.2,0.5,0.5,1.0,3.0,3.0,2.0,6.0,1.0,0.4745647934402593,0.430949510753193,0.4642857142857143,0.44269317170544126,63,5,0.7038728594069338,,0.0,0.6944346009441672,0.0,0.44269317170544126
2021,서초구,방배3동,1122064,117,9,1186.5,3.250684931506849,77.4,1.0,1300.0,0.3,0.3,1.0,1.0,1.0,1.0,1.0,1.0,0.4745647934402593,0.2607735203497379,0.1666666666666666,0.2523010713112844,317,2,0.452157447641734,,0.0,0.43469643547073356,0.0,0.2523010713112844
2021,서초구,방배4동,1122065,117,9,1186.5,3.250684931506849,77.4,0.0,0.0,0.0,0.0,0.0,1.0,1.0,1.0,1.0,1.0,0.4745647934402593,0.0,0.1666666666666666,0.21737422146399704,354,1,0.6200278536692562,,0.0,0.6079172605012697,0.0,0.21737422146399704
2021,서초구,양재1동,1122066,117,9,1186.5,3.250684931506849,77.4,0.0,0.0,0.0,0.0,0.0,3.0,3.0,2.0,6.0,1.0,0.4745647934402593,0.0,0.4642857142857143,0.2085988808521045,362,1,0.2975844619946083,,0.0,0.27519685043465186,0.0,0.2085988808521045
2021,서초구,양재2동,1122067,117,9,1186.5,3.250684931506849,77.4,0.0,0.0,0.0,0.0,0.0,5.0,5.0,3.0,15.0,1.0,0.4745647934402593,0.0,0.8095238095238095,0.2968210918627565,263,2,0.3049988956113615,,0.0,0.2828475992391646,0.0,0.2968210918627565
2021,서초구,내곡동,1122068,117,9,1186.5,3.250684931506849,77.4,0.0,0.0,0.0,0.0,0.0,5.0,5.0,3.0,15.0,1.0,0.4745647934402593,0.0,0.8095238095238095,0.310579905633643,250,3,0.3583342299458704,,0.0,0.33788285432271054,0.0,0.310579905633643
2021,강남구,신사동,1123051,117,9,1186.5,3.250684931506849,77.4,0.0,0.0,0.0,0.0,0.0,5.0,5.0,3.0,15.0,1.0,0.4745647934402593,0.0,0.8095238095238095,0.2901201854629086,268,2,0.27902317640100444,,0.0,0.25604397363977277,0.0,0.2901201854629086
2021,강남구,논현1동,1123052,117,9,1186.5,3.250684931506849,77.4,4.0,975.9,0.2666666666666666,0.5,1.0,5.0,5.0,3.0,15.0,1.0,0.4745647934402593,0.3216939852205707,0.8095238095238095,0.5726173876191366,9,5,1.0,,0.0,1.0,0.0,0.5726173876191366
2021,강남구,논현2동,1123053,117,9,1186.5,3.250684931506849,77.4,0.0,0.0,0.0,0.0,0.0,2.0,2.0,1.5,3.0,1.0,0.4745647934402593,0.0,0.3095238095238095,0.35110919205296537,159,4,1.0,,0.0,1.0,0.0,0.35110919205296537
2021,강남구,삼성1동,1123058,117,9,1186.5,3.250684931506849,77.4,1.0,271.2,0.5,0.5,1.0,3.0,3.0,2.0,6.0,1.0,0.4745647934402593,0.4310492421105336,0.4642857142857143,0.3963497895680916,101,4,0.524109139709875,,0.0,0.5089413947659598,0.0,0.3963497895680916
2021,강남구,삼성2동,1123059,117,9,1186.5,3.250684931506849,77.4,0.0,0.0,0.0,0.0,0.0,2.0,2.0,1.5,3.0,1.0,0.4745647934402593,0.0,0.3095238095238095,0.34350836966339193,189,3,0.9705358027141172,,0.0,0.9695967104417063,0.0,0.34350836966339193
2021,강남구,대치1동,1123060,117,9,1186.5,3.250684931506849,77.4,0.0,0.0,0.0,0.0,0.0,1.0,1.0,1.0,1.0,1.0,0.4745647934402593,0.0,0.1666666666666666,0.31250009251094646,246,3,0.9887784029997552,,0.0,0.9884207446890674,0.0,0.31250009251094646
2021,강남구,대치4동,1123063,117,9,1186.5,3.250684931506849,77.4,1.0,184.2,0.5,0.5,1.0,3.0,3.0,2.0,6.0,1.0,0.4745647934402593,0.4309517519072905,0.4642857142857143,0.5190851938156287,20,5,1.0,,0.0,1.0,0.0,0.5190851938156287
2021,강남구,역삼1동,1123064,117,9,1186.5,3.250684931506849,77.4,0.0,0.0,0.0,0.0,0.0,5.0,5.0,3.0,15.0,1.0,0.4745647934402593,0.0,0.8095238095238095,0.47610919205296537,36,5,1.0,,0.0,1.0,0.0,0.47610919205296537
2021,강남구,역삼2동,1123065,117,9,1186.5,3.250684931506849,77.4,0.0,0.0,0.0,0.0,0.0,1.0,1.0,1.0,1.0,1.0,0.4745647934402593,0.0,0.1666666666666666,0.3153949063386796,218,3,1.0,,0.0,1.0,0.0,0.3153949063386796
2021,강남구,도곡1동,1123066,117,9,1186.5,3.250684931506849,77.4,1.0,218.0,0.1,0.1,1.0,1.0,1.0,1.0,1.0,1.0,0.4745647934402593,0.0881324845543961,0.1666666666666666,0.27029992915101453,296,2,0.7226993251397688,,0.0,0.7138611097840644,0.0,0.27029992915101453
2021,강남구,도곡2동,1123067,117,9,1186.5,3.250684931506849,77.4,0.0,0.0,0.0,0.0,0.0,1.0,1.0,1.0,1.0,1.0,0.4745647934402593,0.0,0.1666666666666666,0.2728041305888932,292,2,0.8348990471120685,,0.0,0.8296368970008543,0.0,0.2728041305888932
2021,강남구,개포1동,1123068,117,9,1186.5,3.250684931506849,77.4,0.0,0.0,0.0,0.0,0.0,2.0,2.0,1.5,3.0,1.0,0.4745647934402593,0.0,0.3095238095238095,0.13733442941134816,399,1,0.1713131213464841,,0.0,0.14490094943353127,0.0,0.13733442941134816
2021,강남구,개포4동,1123071,117,9,1186.5,3.250684931506849,77.4,1.0,108.0,0.5,0.5,1.0,3.0,3.0,2.0,6.0,1.0,0.4745647934402593,0.4308663639361741,0.4642857142857143,0.35122424210424924,158,4,0.3493949499207277,,0.0,0.32865865871982186,0.0,0.35122424210424924
2021,강남구,일원본동,1123072,117,9,1186.5,3.250684931506849,77.4,0.0,0.0,0.0,0.0,0.0,1.0,1.0,1.0,1.0,1.0,0.4745647934402593,0.0,0.1666666666666666,0.11696805763257702,411,1,0.23080852078419276,,0.0,0.20629260517558956,0.0,0.11696805763257702
2021,강남구,일원1동,1123073,117,9,1186.5,3.250684931506849,77.4,0.0,0.0,0.0,0.0,0.0,2.0,2.0,1.5,3.0,1.0,0.4745647934402593,0.0,0.3095238095238095,0.35110919205296537,159,4,1.0,,0.0,1.0,0.0,0.35110919205296537
2021,강남구,일원2동,1123074,117,9,1186.5,3.250684931506849,77.4,0.0,0.0,0.0,0.0,0.0,2.0,2.0,1.5,3.0,1.0,0.4745647934402593,0.0,0.3095238095238095,0.2857662686178629,272,2,0.7467015161452499,,0.0,0.7386283062595903,0.0,0.2857662686178629
2021,강남구,수서동,1123075,117,9,1186.5,3.250684931506849,77.4,0.0,0.0,0.0,0.0,0.0,2.0,2.0,1.5,3.0,1.0,0.4745647934402593,0.0,0.3095238095238095,0.20356796535890312,367,1,0.42806401882534084,,0.0,0.4098350932237512,0.0,0.20356796535890312
2021,강남구,세곡동,1123076,117,9,1186.5,3.250684931506849,77.4,1.0,315.0,0.3,0.3,1.0,2.0,2.0,1.5,3.0,1.0,0.4745647934402593,0.2596697519566983,0.3095238095238095,0.25893913852680545,310,2,0.34072859167613184,,0.0,0.3197160835473226,0.0,0.25893913852680545
2021,강남구,압구정동,1123077,117,9,1186.5,3.250684931506849,77.4,1.0,295.0,0.3,0.3,1.0,3.0,3.0,2.0,6.0,1.0,0.4745647934402593,0.2596473404157229,0.4642857142857143,0.2755280021759771,280,2,0.25507888991139427,,0.0,0.23133652723127482,0.0,0.2755280021759771
2021,강남구,청담동,1123078,117,9,1186.5,3.250684931506849,77.4,0.0,0.0,0.0,0.0,0.0,3.0,3.0,2.0,6.0,1.0,0.4745647934402593,0.0,0.4642857142857143,0.22388765765373367,350,1,0.3568506193726536,,0.0,0.33635195764116854,0.0,0.22388765765373367
2021,강남구,대치2동,1123079,117,9,1186.5,3.250684931506849,77.4,0.0,0.0,0.0,0.0,0.0,1.0,1.0,1.0,1.0,1.0,0.4745647934402593,0.0,0.1666666666666666,0.24014442659813157,330,2,0.7082953834082074,,0.0,0.6989980810378078,0.0,0.24014442659813157
2021,강남구,개포2동,1123080,117,9,1186.5,3.250684931506849,77.4,0.0,0.0,0.0,0.0,0.0,3.0,3.0,2.0,6.0,1.0,0.4745647934402593,0.0,0.4642857142857143,0.17805803250045113,384,1,0.17919443325959353,,0.0,0.15303345702803833,0.0,0.17805803250045113
2021,송파구,풍납1동,1124051,117,9,1186.5,3.250684931506849,77.4,0.0,0.0,0.0,0.0,0.0,2.0,2.0,1.5,3.0,1.0,0.4745647934402593,0.0,0.3095238095238095,0.13976226641555595,396,1,0.18072450669447923,,0.0,0.15461229745036242,0.0,0.13976226641555595
2021,송파구,풍납2동,1124052,117,9,1186.5,3.250684931506849,77.4,0.0,0.0,0.0,0.0,0.0,1.0,1.0,1.0,1.0,1.0,0.4745647934402593,0.0,0.1666666666666666,0.0971451069769039,416,1,0.15396587153241226,,0.0,0.1270008025528971,0.0,0.0971451069769039
2021,송파구,거여1동,1124053,117,9,1186.5,3.250684931506849,77.4,0.0,0.0,0.0,0.0,0.0,0.0,0.0,0.0,0.0,0.0,0.4745647934402593,0.0,0.0,0.20908933789227743,361,1,0.7494306199032484,,0.0,0.7414443928810579,0.0,0.20908933789227743
2021,송파구,거여2동,1124054,117,9,1186.5,3.250684931506849,77.4,0.0,0.0,0.0,0.0,0.0,0.0,0.0,0.0,0.0,0.0,0.4745647934402593,0.0,0.0,0.18056958163164347,377,1,0.6388752507682819,,0.0,0.627365367838522,0.0,0.18056958163164347
2021,송파구,마천1동,1124055,117,9,1186.5,3.250684931506849,77.4,0.0,0.0,0.0,0.0,0.0,0.0,0.0,0.0,0.0,0.0,0.4745647934402593,0.0,0.0,0.05976806594175181,423,1,0.1705943847920962,,0.0,0.14415930507895539,0.0,0.05976806594175181
2021,송파구,마천2동,1124056,117,9,1186.5,3.250684931506849,77.4,0.0,0.0,0.0,0.0,0.0,0.0,0.0,0.0,0.0,0.0,0.4745647934402593,0.0,0.0,0.044574741523095374,424,1,0.1116982436700779,,0.0,0.08338600740432961,0.0,0.044574741523095374
2021,송파구,방이1동,1124057,117,9,1186.5,3.250684931506849,77.4,0.0,0.0,0.0,0.0,0.0,2.0,2.0,1.5,3.0,1.0,0.4745647934402593,0.0,0.3095238095238095,0.35110919205296537,159,4,1.0,,0.0,1.0,0.0,0.35110919205296537
2021,송파구,방이2동,1124058,117,9,1186.5,3.250684931506849,77.4,0.0,0.0,0.0,0.0,0.0,1.0,1.0,1.0,1.0,1.0,0.4745647934402593,0.0,0.1666666666666666,0.23463342428999664,340,2,0.6869322662443875,,0.0,0.6769540718052681,0.0,0.23463342428999664
2021,송파구,오륜동,1124059,117,9,1186.5,3.250684931506849,77.4,0.0,0.0,0.0,0.0,0.0,3.0,3.0,2.0,6.0,1.0,0.4745647934402593,0.0,0.4642857142857143,0.22721476356004683,347,1,0.36974797439427753,,0.0,0.3496603812664212,0.0,0.22721476356004683
2021,송파구,오금동,1124060,117,9,1186.5,3.250684931506849,77.4,0.0,0.0,0.0,0.0,0.0,3.0,3.0,2.0,6.0,1.0,0.4745647934402593,0.0,0.4642857142857143,0.236010229951333,338,2,0.40384314774416435,,0.0,0.38484224683156587,0.0,0.236010229951333
2021,송파구,송파1동,1124061,117,9,1186.5,3.250684931506849,77.4,0.0,0.0,0.0,0.0,0.0,3.0,3.0,2.0,6.0,1.0,0.4745647934402593,0.0,0.4642857142857143,0.3897996682434416,109,4,1.0,,0.0,1.0,0.0,0.3897996682434416
2021,송파구,송파2동,1124062,117,9,1186.5,3.250684931506849,77.4,0.0,0.0,0.0,0.0,0.0,3.0,3.0,2.0,6.0,1.0,0.4745647934402593,0.0,0.4642857142857143,0.3897996682434416,109,4,1.0,,0.0,1.0,0.0,0.3897996682434416
2021,송파구,석촌동,1124063,117,9,1186.5,3.250684931506849,77.4,0.0,0.0,0.0,0.0,0.0,1.0,1.0,1.0,1.0,1.0,0.4745647934402593,0.0,0.1666666666666666,0.28865374145120665,270,2,0.8963392488976389,,0.0,0.893035340450108,0.0,0.28865374145120665
2021,송파구,삼전동,1124064,117,9,1186.5,3.250684931506849,77.4,0.0,0.0,0.0,0.0,0.0,1.0,1.0,1.0,1.0,1.0,0.4745647934402593,0.0,0.1666666666666666,0.2594079082952459,309,2,0.7829692800006816,,0.0,0.7760520078262652,0.0,0.2594079082952459
2021,송파구,가락본동,1124065,117,9,1186.5,3.250684931506849,77.4,0.0,0.0,0.0,0.0,0.0,1.0,1.0,1.0,1.0,1.0,0.4745647934402593,0.0,0.1666666666666666,0.23012234168862755,345,1,0.66944528642468,,0.0,0.6589097413997917,0.0,0.23012234168862755
2021,송파구,가락1동,1124066,117,9,1186.5,3.250684931506849,77.4,0.0,0.0,0.0,0.0,0.0,3.0,3.0,2.0,6.0,1.0,0.4745647934402593,0.0,0.4642857142857143,0.37845409394412066,128,4,0.95601946442856,,0.0,0.9546177028027164,0.0,0.37845409394412066
2021,송파구,가락2동,1124067,117,9,1186.5,3.250684931506849,77.4,0.0,0.0,0.0,0.0,0.0,1.0,1.0,1.0,1.0,1.0,0.4745647934402593,0.0,0.1666666666666666,0.23068993919885927,343,1,0.6716455489967122,,0.0,0.6611801314407186,0.0,0.23068993919885927
2021,송파구,문정1동,1124068,117,9,1186.5,3.250684931506849,77.4,0.0,0.0,0.0,0.0,0.0,2.0,2.0,1.5,3.0,1.0,0.4745647934402593,0.0,0.3095238095238095,0.3183525309300268,212,3,0.8730204869571708,,0.0,0.8689733555082457,0.0,0.3183525309300268
2021,송파구,문정2동,1124069,117,9,1186.5,3.250684931506849,77.4,0.0,0.0,0.0,0.0,0.0,4.0,4.0,2.5,10.0,1.0,0.4745647934402593,0.0,0.6309523809523809,0.37346494482409087,135,4,0.7751605927939901,,0.0,0.7679944396559307,0.0,0.37346494482409087
2021,송파구,잠실본동,1124071,117,9,1186.5,3.250684931506849,77.4,0.0,0.0,0.0,0.0,0.0,1.0,1.0,1.0,1.0,1.0,0.4745647934402593,0.0,0.1666666666666666,0.1671391954172563,385,1,0.4252943574448175,,0.0,0.4069771563143068,0.0,0.1671391954172563
2021,송파구,잠실4동,1124075,117,9,1186.5,3.250684931506849,77.4,0.0,0.0,0.0,0.0,0.0,1.0,1.0,1.0,1.0,1.0,0.4745647934402593,0.0,0.1666666666666666,0.1392279784127636,397,1,0.31709795945536096,,0.0,0.29533228829633595,0.0,0.1392279784127636
2021,송파구,잠실6동,1124077,117,9,1186.5,3.250684931506849,77.4,0.0,0.0,0.0,0.0,0.0,1.0,1.0,1.0,1.0,1.0,0.4745647934402593,0.0,0.1666666666666666,0.13557621180693805,401,1,0.30294207392070627,,0.0,0.2807252218730338,0.0,0.13557621180693805
2021,송파구,잠실7동,1124078,117,9,1186.5,3.250684931506849,77.4,0.0,0.0,0.0,0.0,0.0,0.0,0.0,0.0,0.0,0.0,0.4745647934402593,0.0,0.0,0.2667832719335126,300,2,0.9730781895559133,,0.0,0.9722201290459985,0.0,0.2667832719335126
2021,송파구,잠실2동,1124079,117,9,1186.5,3.250684931506849,77.4,0.0,0.0,0.0,0.0,0.0,1.0,1.0,1.0,1.0,1.0,0.4745647934402593,0.0,0.1666666666666666,0.10720390327249386,413,1,0.19295827831701576,,0.0,0.167235987735257,0.0,0.10720390327249386
2021,송파구,잠실3동,1124080,117,9,1186.5,3.250684931506849,77.4,0.0,0.0,0.0,0.0,0.0,1.0,1.0,1.0,1.0,1.0,0.4745647934402593,0.0,0.1666666666666666,0.13153002036269834,402,1,0.28725722077467447,,0.0,0.26454045609607496,0.0,0.13153002036269834
2021,송파구,장지동,1124081,117,9,1186.5,3.250684931506849,77.4,0.0,0.0,0.0,0.0,0.0,3.0,3.0,2.0,6.0,1.0,0.4745647934402593,0.0,0.4642857142857143,0.3897996682434416,109,4,1.0,,0.0,1.0,0.0,0.3897996682434416
2021,송파구,위례동,1124082,117,9,1186.5,3.250684931506849,77.4,0.0,0.0,0.0,0.0,0.0,0.0,0.0,0.0,0.0,0.0,0.4745647934402593,0.0,0.0,0.24658402544444738,326,2,0.8947768488488332,,0.0,0.8914231430897377,0.0,0.24658402544444738
2021,강동구,강일동,1125051,117,9,1186.5,3.250684931506849,77.4,2.0,660.0,0.3,0.3,1.0,2.0,2.0,1.5,3.0,1.0,0.4745647934402593,0.2622302640820027,0.3095238095238095,0.36443534784246373,144,4,0.7467015161452499,,0.0,0.7386283062595903,0.0,0.36443534784246373
2021,강동구,상일동,1125052,117,9,1186.5,3.250684931506849,77.4,0.0,0.0,0.0,0.0,0.0,3.0,3.0,2.0,6.0,1.0,0.4745647934402593,0.0,0.4642857142857143,0.32445674480833914,205,3,0.7467015161452499,,0.0,0.7386283062595903,0.0,0.32445674480833914
2021,강동구,명일1동,1125053,117,9,1186.5,3.250684931506849,77.4,23.0,84236.5,0.3521739130434782,0.5,1.0,2.0,2.0,1.5,3.0,1.0,0.4745647934402593,0.4990518736619819,0.3095238095238095,0.4242876274003108,86,4,0.7033077624091177,,0.0,0.6938514929950036,0.0,0.4242876274003108
2021,강동구,명일2동,1125054,117,9,1186.5,3.250684931506849,77.4,0.0,0.0,0.0,0.0,0.0,2.0,2.0,1.5,3.0,1.0,0.4745647934402593,0.0,0.3095238095238095,0.21288188474694866,358,1,0.4641689485669741,,0.0,0.44709077077593334,0.0,0.21288188474694866
2021,강동구,고덕1동,1125055,117,9,1186.5,3.250684931506849,77.4,4.0,902.3,0.4666666666666667,0.5,1.0,3.0,3.0,2.0,6.0,1.0,0.4745647934402593,0.4216115107497812,0.4642857142857143,0.3872040460753497,121,4,0.4996315993284381,,0.0,0.4836836984278951,0.0,0.3872040460753497
2021,강동구,고덕2동,1125056,117,9,1186.5,3.250684931506849,77.4,8.0,1534.0,0.3333333333333333,0.5,1.0,3.0,3.0,2.0,6.0,1.0,0.4745647934402593,0.3643483647787363,0.4642857142857143,0.2660341162451121,302,2,0.0965158874276506,,0.0,0.06771975427219863,0.0,0.2660341162451121
2021,강동구,암사2동,1125058,117,9,1186.5,3.250684931506849,77.4,3.0,642.6,0.5,0.5,1.0,1.0,1.0,1.0,1.0,1.0,0.4745647934402593,0.4358132505134037,0.1666666666666666,0.2209269836779829,353,1,0.12697765475436734,,0.0,0.09915240874112873,0.0,0.2209269836779829
2021,강동구,암사3동,1125059,117,9,1186.5,3.250684931506849,77.4,4.0,5545.3,0.3,0.3,1.0,3.0,3.0,2.0,6.0,1.0,0.4745647934402593,0.272052445225321,0.4642857142857143,0.2842394704758812,273,2,0.2744221236384652,,0.0,0.2512962746593735,0.0,0.2842394704758812
2021,강동구,천호1동,1125061,117,9,1186.5,3.250684931506849,77.4,16.0,5475.299999999999,0.2761904761904761,0.5,1.0,1.0,1.0,1.0,1.0,1.0,0.4745647934402593,0.3575847708774557,0.1666666666666666,0.42267033760191636,87,4,1.0,,0.0,1.0,0.0,0.42267033760191636
2021,강동구,천호3동,1125063,117,9,1186.5,3.250684931506849,77.4,12.0,1757.0,0.3999999999999999,0.5,1.0,2.0,2.0,1.5,3.0,1.0,0.4745647934402593,0.4066272389678587,0.3095238095238095,0.47309736374332295,42,5,1.0,,0.0,1.0,0.0,0.47309736374332295
2021,강동구,성내1동,1125065,117,9,1186.5,3.250684931506849,77.4,1.0,201.9,0.3,0.3,1.0,1.0,1.0,1.0,1.0,1.0,0.4745647934402593,0.2595430146924823,0.1666666666666666,0.2988206290130281,260,2,0.6339191193925914,,0.0,0.622251273066415,0.0,0.2988206290130281
2021,강동구,성내2동,1125066,117,9,1186.5,3.250684931506849,77.4,6.0,679.0,0.4333333333333333,0.5,1.0,1.0,1.0,1.0,1.0,1.0,0.4745647934402593,0.4090424453150804,0.1666666666666666,0.42494858557428417,85,5,0.9489896021963721,,0.0,0.9473637825643216,0.0,0.42494858557428417
2021,강동구,성내3동,1125067,117,9,1186.5,3.250684931506849,77.4,5.0,872.8,0.42,0.5,1.0,1.0,1.0,1.0,1.0,1.0,0.4745647934402593,0.4004190334369873,0.1666666666666666,0.38749588362072696,120,4,0.8138345921277101,,0.0,0.8079010690038044,0.0,0.38749588362072696
2021,강동구,둔촌1동,1125070,117,9,1186.5,3.250684931506849,77.4,0.0,0.0,0.0,0.0,0.0,1.0,1.0,1.0,1.0,1.0,0.4745647934402593,0.0,0.1666666666666666,0.1315238229035445,403,1,0.2872331966428344,,0.0,0.2645156662594596,0.0,0.1315238229035445
2021,강동구,둔촌2동,1125071,117,9,1186.5,3.250684931506849,77.4,12.0,31100.4,0.3909090909090909,0.5,1.0,1.0,1.0,1.0,1.0,1.0,0.4745647934402593,0.4349633249953166,0.1666666666666666,0.281455017261635,275,2,0.3625998733757313,,0.0,0.3422844536974416,0.0,0.281455017261635
2021,강동구,암사1동,1125072,117,9,1186.5,3.250684931506849,77.4,7.0,1305.2,0.35,0.5,1.0,1.0,1.0,1.0,1.0,1.0,0.4745647934402593,0.3702513970398325,0.1666666666666666,0.3914342546292755,107,4,0.864184472430428,,0.0,0.8598557167145845,0.0,0.3914342546292755
2021,강동구,천호2동,1125073,117,9,1186.5,3.250684931506849,77.4,6.0,1032.4,0.4333333333333333,0.5,1.0,2.0,2.0,1.5,3.0,1.0,0.4745647934402593,0.4094384572441162,0.3095238095238095,0.34961966842049447,182,3,0.518075798298569,,0.0,0.502715756777177,0.0,0.34961966842049447
2021,강동구,길동,1125074,117,9,1186.5,3.250684931506849,77.4,14.0,3447.8,0.4142857142857142,0.5,1.0,3.0,3.0,2.0,6.0,1.0,0.4745647934402593,0.4200125938717346,0.4642857142857143,0.42689077510056067,83,5,0.6553346000925634,,0.0,0.6443493147823949,0.0,0.42689077510056067
2021,구로구,오류2동,1117073,117,9,1186.5,3.250684931506849,77.4,0.0,0.0,0.0,0.0,0.0,5.0,5.0,3.0,15.0,1.0,0.4745647934402593,0.0,0.8095238095238095,0.3713794204029791,136,4,0.594020423653943,14.101361274719238,0.0,0.5810809134000549,0.0,0.3713794204029791
