기준연도,자치구명,행정동명,행정동코드,rain_days,heavy_rain_days,total_rainfall,avg_rainfall,max_daily_rainfall,flood_trace_count,flood_trace_area,avg_flood_depth,max_flood_depth,flood_trace_flag,flood_pred_count,flood_pred_level_max,flood_pred_level_mean,flood_pred_weighted_score,flood_pred_flag,rain_exposure_score,flood_trace_score,flood_prediction_score,RII,RII_rank,RII_grade
2019,종로구,사직동,1101053,98,7,891.3,2.441917808219178,63.2,0.0,0.0,0.0,0.0,0.0,3.0,3.0,2.0,6.0,1.0,0.0,0.0,0.4642857142857143,0.15476190476190477,142,3
2019,종로구,삼청동,1101054,98,7,891.3,2.441917808219178,63.2,0.0,0.0,0.0,0.0,0.0,1.0,1.0,1.0,1.0,1.0,0.0,0.0,0.16666666666666669,0.05555555555555556,273,1
2019,종로구,부암동,1101055,98,7,891.3,2.441917808219178,63.2,0.0,0.0,0.0,0.0,0.0,4.0,4.0,2.5,10.0,1.0,0.0,0.0,0.6309523809523809,0.21031746031746032,97,4
2019,종로구,평창동,1101056,98,7,891.3,2.441917808219178,63.2,0.0,0.0,0.0,0.0,0.0,3.0,3.0,2.0,6.0,1.0,0.0,0.0,0.4642857142857143,0.15476190476190477,142,3
2019,종로구,무악동,1101057,98,7,891.3,2.441917808219178,63.2,0.0,0.0,0.0,0.0,0.0,0.0,0.0,0.0,0.0,0.0,0.0,0.0,0.0,0.0,388,1
2019,종로구,교남동,1101058,98,7,891.3,2.441917808219178,63.2,0.0,0.0,0.0,0.0,0.0,0.0,0.0,0.0,0.0,0.0,0.0,0.0,0.0,0.0,388,1
2019,종로구,가회동,1101060,98,7,891.3,2.441917808219178,63.2,0.0,0.0,0.0,0.0,0.0,4.0,4.0,2.5,10.0,1.0,0.0,0.0,0.6309523809523809,0.21031746031746032,97,4
2019,종로구,종로1·2·3·4가동,1101061,98,7,891.3,2.441917808219178,63.2,0.0,0.0,0.0,0.0,0.0,3.0,3.0,2.0,6.0,1.0,0.0,0.0,0.4642857142857143,0.15476190476190477,142,3
2019,종로구,종로5·6가동,1101063,98,7,891.3,2.441917808219178,63.2,0.0,0.0,0.0,0.0,0.0,2.0,2.0,1.5,3.0,1.0,0.0,0.0,0.3095238095238095,0.10317460317460315,206,2
2019,종로구,이화동,1101064,98,7,891.3,2.441917808219178,63.2,0.0,0.0,0.0,0.0,0.0,2.0,2.0,1.5,3.0,1.0,0.0,0.0,0.3095238095238095,0.10317460317460315,206,2
2019,종로구,창신1동,1101067,98,7,891.3,2.441917808219178,63.2,0.0,0.0,0.0,0.0,0.0,2.0,2.0,1.5,3.0,1.0,0.0,0.0,0.3095238095238095,0.10317460317460315,206,2
2019,종로구,창신2동,1101068,98,7,891.3,2.441917808219178,63.2,0.0,0.0,0.0,0.0,0.0,1.0,1.0,1.0,1.0,1.0,0.0,0.0,0.16666666666666669,0.05555555555555556,273,1
2019,종로구,창신3동,1101069,98,7,891.3,2.441917808219178,63.2,0.0,0.0,0.0,0.0,0.0,0.0,0.0,0.0,0.0,0.0,0.0,0.0,0.0,0.0,388,1
2019,종로구,숭인1동,1101070,98,7,891.3,2.441917808219178,63.2,0.0,0.0,0.0,0.0,0.0,1.0,1.0,1.0,1.0,1.0,0.0,0.0,0.16666666666666669,0.05555555555555556,273,1
2019,종로구,숭인2동,1101071,98,7,891.3,2.441917808219178,63.2,0.0,0.0,0.0,0.0,0.0,2.0,2.0,1.5,3.0,1.0,0.0,0.0,0.3095238095238095,0.10317460317460315,206,2
2019,종로구,청운효자동,1101072,98,7,891.3,2.441917808219178,63.2,0.0,0.0,0.0,0.0,0.0,6.0,6.0,3.5,21.0,1.0,0.0,0.0,1.0,0.3333333333333333,18,5
2019,종로구,혜화동,1101073,98,7,891.3,2.441917808219178,63.2,0.0,0.0,0.0,0.0,0.0,3.0,3.0,2.0,6.0,1.0,0.0,0.0,0.4642857142857143,0.15476190476190477,142,3
2019,중구,소공동,1102052,98,7,891.3,2.441917808219178,63.2,0.0,0.0,0.0,0.0,0.0,2.0,2.0,1.5,3.0,1.0,0.0,0.0,0.3095238095238095,0.10317460317460315,206,2
2019,중구,회현동,1102054,98,7,891.3,2.441917808219178,63.2,0.0,0.0,0.0,0.0,0.0,1.0,1.0,1.0,1.0,1.0,0.0,0.0,0.16666666666666669,0.05555555555555556,273,1
2019,중구,명동,1102055,98,7,891.3,2.441917808219178,63.2,0.0,0.0,0.0,0.0,0.0,3.0,3.0,2.0,6.0,1.0,0.0,0.0,0.4642857142857143,0.15476190476190477,142,3
2019,중구,필동,1102057,98,7,891.3,2.441917808219178,63.2,0.0,0.0,0.0,0.0,0.0,2.0,2.0,1.5,3.0,1.0,0.0,0.0,0.3095238095238095,0.10317460317460315,206,2
2019,중구,장충동,1102058,98,7,891.3,2.441917808219178,63.2,0.0,0.0,0.0,0.0,0.0,4.0,4.0,2.5,10.0,1.0,0.0,0.0,0.6309523809523809,0.21031746031746032,97,4
2019,중구,광희동,1102059,98,7,891.3,2.441917808219178,63.2,0.0,0.0,0.0,0.0,0.0,6.0,6.0,3.5,21.0,1.0,0.0,0.0,1.0,0.3333333333333333,18,5
2019,중구,을지로동,1102060,98,7,891.3,2.441917808219178,63.2,0.0,0.0,0.0,0.0,0.0,2.0,2.0,1.5,3.0,1.0,0.0,0.0,0.3095238095238095,0.10317460317460315,206,2
2019,중구,신당5동,1102065,98,7,891.3,2.441917808219178,63.2,0.0,0.0,0.0,0.0,0.0,2.0,2.0,1.5,3.0,1.0,0.0,0.0,0.3095238095238095,0.10317460317460315,206,2
2019,중구,황학동,1102067,98,7,891.3,2.441917808219178,63.2,0.0,0.0,0.0,0.0,0.0,5.0,6.0,3.4,17.0,1.0,0.0,0.0,0.9035714285714287,0.30119047619047623,40,5
2019,중구,중림동,1102068,98,7,891.3,2.441917808219178,63.2,0.0,0.0,0.0,0.0,0.0,0.0,0.0,0.0,0.0,0.0,0.0,0.0,0.0,0.0,388,1
2019,중구,신당동,1102069,98,7,891.3,2.441917808219178,63.2,0.0,0.0,0.0,0.0,0.0,4.0,4.0,2.5,10.0,1.0,0.0,0.0,0.6309523809523809,0.21031746031746032,97,4
2019,중구,다산동,1102070,98,7,891.3,2.441917808219178,63.2,0.0,0.0,0.0,0.0,0.0,2.0,2.0,1.5,3.0,1.0,0.0,0.0,0.3095238095238095,0.10317460317460315,206,2
2019,중구,약수동,1102071,98,7,891.3,2.441917808219178,63.2,0.0,0.0,0.0,0.0,0.0,2.0,2.0,1.5,3.0,1.0,0.0,0.0,0.3095238095238095,0.10317460317460315,206,2
2019,중구,청구동,1102072,98,7,891.3,2.441917808219178,63.2,0.0,0.0,0.0,0.0,0.0,2.0,2.0,1.5,3.0,1.0,0.0,0.0,0.3095238095238095,0.10317460317460315,206,2
2019,중구,동화동,1102073,98,7,891.3,2.441917808219178,63.2,0.0,0.0,0.0,0.0,0.0,2.0,2.0,1.5,3.0,1.0,0.0,0.0,0.3095238095238095,0.10317460317460315,206,2
2019,용산구,후암동,1103051,98,7,891.3,2.441917808219178,63.2,0.0,0.0,0.0,0.0,0.0,2.0,2.0,1.5,3.0,1.0,0.0,0.0,0.3095238095238095,0.10317460317460315,206,2
2019,용산구,용산2가동,1103052,98,7,891.3,2.441917808219178,63.2,0.0,0.0,0.0,0.0,0.0,3.0,3.0,2.0,6.0,1.0,0.0,0.0,0.4642857142857143,0.15476190476190477,142,3
2019,용산구,남영동,1103053,98,7,891.3,2.441917808219178,63.2,0.0,0.0,0.0,0.0,0.0,2.0,2.0,1.5,3.0,1.0,0.0,0.0,0.3095238095238095,0.10317460317460315,206,2
2019,용산구,원효로2동,1103057,98,7,891.3,2.441917808219178,63.2,0.0,0.0,0.0,0.0,0.0,5.0,5.0,3.0,15.0,1.0,0.0,0.0,0.8095238095238095,0.2698412698412698,52,5
2019,용산구,효창동,1103058,98,7,891.3,2.441917808219178,63.2,0.0,0.0,0.0,0.0,0.0,1.0,1.0,1.0,1.0,1.0,0.0,0.0,0.16666666666666669,0.05555555555555556,273,1
2019,용산구,용문동,1103059,98,7,891.3,2.441917808219178,63.2,0.0,0.0,0.0,0.0,0.0,2.0,2.0,1.5,3.0,1.0,0.0,0.0,0.3095238095238095,0.10317460317460315,206,3
2019,용산구,이촌1동,1103063,98,7,891.3,2.441917808219178,63.2,0.0,0.0,0.0,0.0,0.0,5.0,6.0,3.2,16.0,1.0,0.0,0.0,0.8773809523809524,0.2924603174603175,50,5
2019,용산구,이촌2동,1103064,98,7,891.3,2.441917808219178,63.2,0.0,0.0,0.0,0.0,0.0,0.0,0.0,0.0,0.0,0.0,0.0,0.0,0.0,0.0,388,1
2019,용산구,이태원1동,1103065,98,7,891.3,2.441917808219178,63.2,0.0,0.0,0.0,0.0,0.0,3.0,3.0,2.0,6.0,1.0,0.0,0.0,0.4642857142857143,0.15476190476190477,142,3
2019,용산구,이태원2동,1103066,98,7,891.3,2.441917808219178,63.2,0.0,0.0,0.0,0.0,0.0,3.0,3.0,2.0,6.0,1.0,0.0,0.0,0.4642857142857143,0.15476190476190477,142,3
2019,용산구,서빙고동,1103069,98,7,891.3,2.441917808219178,63.2,0.0,0.0,0.0,0.0,0.0,6.0,6.0,3.5,21.0,1.0,0.0,0.0,1.0,0.3333333333333333,18,5
2019,용산구,보광동,1103070,98,7,891.3,2.441917808219178,63.2,0.0,0.0,0.0,0.0,0.0,6.0,6.0,3.5,21.0,1.0,0.0,0.0,1.0,0.3333333333333333,18,5
2019,용산구,청파동,1103071,98,7,891.3,2.441917808219178,63.2,0.0,0.0,0.0,0.0,0.0,0.0,0.0,0.0,0.0,0.0,0.0,0.0,0.0,0.0,388,1
2019,용산구,원효로1동,1103072,98,7,891.3,2.441917808219178,63.2,0.0,0.0,0.0,0.0,0.0,2.0,2.0,1.5,3.0,1.0,0.0,0.0,0.3095238095238095,0.10317460317460315,206,3
2019,용산구,한강로동,1103073,98,7,891.3,2.441917808219178,63.2,0.0,0.0,0.0,0.0,0.0,6.0,6.0,3.5,21.0,1.0,0.0,0.0,1.0,0.3333333333333333,18,5
2019,용산구,한남동,1103074,98,7,891.3,2.441917808219178,63.2,0.0,0.0,0.0,0.0,0.0,6.0,6.0,3.5,21.0,1.0,0.0,0.0,1.0,0.3333333333333333,18,5
2019,성동구,왕십리2동,1104052,98,7,891.3,2.441917808219178,63.2,0.0,0.0,0.0,0.0,0.0,1.0,1.0,1.0,1.0,1.0,0.0,0.0,0.16666666666666669,0.05555555555555556,273,1
2019,성동구,마장동,1104054,98,7,891.3,2.441917808219178,63.2,0.0,0.0,0.0,0.0,0.0,5.0,5.0,3.0,15.0,1.0,0.0,0.0,0.8095238095238095,0.2698412698412698,52,5
2019,성동구,사근동,1104055,98,7,891.3,2.441917808219178,63.2,0.0,0.0,0.0,0.0,0.0,2.0,2.0,1.5,3.0,1.0,0.0,0.0,0.3095238095238095,0.10317460317460315,206,3
2019,성동구,행당1동,1104056,98,7,891.3,2.441917808219178,63.2,0.0,0.0,0.0,0.0,0.0,4.0,4.0,2.5,10.0,1.0,0.0,0.0,0.6309523809523809,0.21031746031746032,97,4
2019,성동구,행당2동,1104057,98,7,891.3,2.441917808219178,63.2,0.0,0.0,0.0,0.0,0.0,1.0,1.0,1.0,1.0,1.0,0.0,0.0,0.16666666666666669,0.05555555555555556,273,1
2019,성동구,응봉동,1104058,98,7,891.3,2.441917808219178,63.2,0.0,0.0,0.0,0.0,0.0,2.0,2.0,1.5,3.0,1.0,0.0,0.0,0.3095238095238095,0.10317460317460315,206,3
2019,성동구,금호1가동,1104059,98,7,891.3,2.441917808219178,63.2,0.0,0.0,0.0,0.0,0.0,6.0,6.0,3.5,21.0,1.0,0.0,0.0,1.0,0.3333333333333333,18,5
2019,성동구,금호4가동,1104062,98,7,891.3,2.441917808219178,63.2,0.0,0.0,0.0,0.0,0.0,6.0,6.0,3.5,21.0,1.0,0.0,0.0,1.0,0.3333333333333333,18,5
2019,성동구,성수1가1동,1104065,98,7,891.3,2.441917808219178,63.2,0.0,0.0,0.0,0.0,0.0,1.0,1.0,1.0,1.0,1.0,0.0,0.0,0.16666666666666669,0.05555555555555556,273,1
2019,성동구,성수1가2동,1104066,98,7,891.3,2.441917808219178,63.2,0.0,0.0,0.0,0.0,0.0,1.0,1.0,1.0,1.0,1.0,0.0,0.0,0.16666666666666669,0.05555555555555556,273,1
2019,성동구,성수2가1동,1104067,98,7,891.3,2.441917808219178,63.2,0.0,0.0,0.0,0.0,0.0,2.0,2.0,1.5,3.0,1.0,0.0,0.0,0.3095238095238095,0.10317460317460315,206,3
2019,성동구,성수2가3동,1104068,98,7,891.3,2.441917808219178,63.2,0.0,0.0,0.0,0.0,0.0,2.0,2.0,1.5,3.0,1.0,0.0,0.0,0.3095238095238095,0.10317460317460315,206,3
2019,성동구,송정동,1104069,98,7,891.3,2.441917808219178,63.2,0.0,0.0,0.0,0.0,0.0,3.0,3.0,2.0,6.0,1.0,0.0,0.0,0.4642857142857143,0.15476190476190477,142,3
2019,성동구,용답동,1104070,98,7,891.3,2.441917808219178,63.2,0.0,0.0,0.0,0.0,0.0,2.0,2.0,1.5,3.0,1.0,0.0,0.0,0.3095238095238095,0.10317460317460315,206,3
2019,성동구,왕십리도선동,1104071,98,7,891.3,2.441917808219178,63.2,0.0,0.0,0.0,0.0,0.0,3.0,3.0,2.0,6.0,1.0,0.0,0.0,0.4642857142857143,0.15476190476190477,142,3
2019,성동구,금호2·3가동,1104072,98,7,891.3,2.441917808219178,63.2,0.0,0.0,0.0,0.0,0.0,3.0,3.0,2.0,6.0,1.0,0.0,0.0,0.4642857142857143,0.15476190476190477,142,3
2019,성동구,옥수동,1104073,98,7,891.3,2.441917808219178,63.2,0.0,0.0,0.0,0.0,0.0,5.0,5.0,3.0,15.0,1.0,0.0,0.0,0.8095238095238095,0.2698412698412698,52,5
2019,광진구,화양동,1105053,98,7,891.3,2.441917808219178,63.2,0.0,0.0,0.0,0.0,0.0,2.0,2.0,1.5,3.0,1.0,0.0,0.0,0.3095238095238095,0.10317460317460315,206,3
2019,광진구,군자동,1105054,98,7,891.3,2.441917808219178,63.2,0.0,0.0,0.0,0.0,0.0,3.0,3.0,2.0,6.0,1.0,0.0,0.0,0.4642857142857143,0.15476190476190477,142,3
2019,광진구,중곡1동,1105055,98,7,891.3,2.441917808219178,63.2,0.0,0.0,0.0,0.0,0.0,6.0,6.0,3.5,21.0,1.0,0.0,0.0,1.0,0.3333333333333333,18,5
2019,광진구,중곡2동,1105056,98,7,891.3,2.441917808219178,63.2,0.0,0.0,0.0,0.0,0.0,1.0,1.0,1.0,1.0,1.0,0.0,0.0,0.16666666666666669,0.05555555555555556,273,1
2019,광진구,중곡3동,1105057,98,7,891.3,2.441917808219178,63.2,0.0,0.0,0.0,0.0,0.0,3.0,3.0,2.0,6.0,1.0,0.0,0.0,0.4642857142857143,0.15476190476190477,142,3
2019,광진구,중곡4동,1105058,98,7,891.3,2.441917808219178,63.2,0.0,0.0,0.0,0.0,0.0,1.0,1.0,1.0,1.0,1.0,0.0,0.0,0.16666666666666669,0.05555555555555556,273,1
2019,광진구,능동,1105059,98,7,891.3,2.441917808219178,63.2,0.0,0.0,0.0,0.0,0.0,2.0,2.0,1.5,3.0,1.0,0.0,0.0,0.3095238095238095,0.10317460317460315,206,3
2019,광진구,구의1동,1105060,98,7,891.3,2.441917808219178,63.2,0.0,0.0,0.0,0.0,0.0,2.0,2.0,1.5,3.0,1.0,0.0,0.0,0.3095238095238095,0.10317460317460315,206,3
2019,광진구,구의2동,1105061,98,7,891.3,2.441917808219178,63.2,0.0,0.0,0.0,0.0,0.0,2.0,2.0,1.5,3.0,1.0,0.0,0.0,0.3095238095238095,0.10317460317460315,206,3
2019,광진구,구의3동,1105062,98,7,891.3,2.441917808219178,63.2,0.0,0.0,0.0,0.0,0.0,3.0,3.0,2.0,6.0,1.0,0.0,0.0,0.4642857142857143,0.15476190476190477,142,3
2019,광진구,광장동,1105063,98,7,891.3,2.441917808219178,63.2,0.0,0.0,0.0,0.0,0.0,6.0,6.0,3.5,21.0,1.0,0.0,0.0,1.0,0.3333333333333333,18,5
2019,광진구,자양1동,1105064,98,7,891.3,2.441917808219178,63.2,0.0,0.0,0.0,0.0,0.0,2.0,2.0,1.5,3.0,1.0,0.0,0.0,0.3095238095238095,0.10317460317460315,206,3
2019,광진구,자양2동,1105065,98,7,891.3,2.441917808219178,63.2,0.0,0.0,0.0,0.0,0.0,6.0,6.0,3.5,21.0,1.0,0.0,0.0,1.0,0.3333333333333333,18,5
2019,광진구,자양3동,1105066,98,7,891.3,2.441917808219178,63.2,0.0,0.0,0.0,0.0,0.0,2.0,2.0,1.5,3.0,1.0,0.0,0.0,0.3095238095238095,0.10317460317460315,206,3
2019,광진구,자양4동,1105067,98,7,891.3,2.441917808219178,63.2,0.0,0.0,0.0,0.0,0.0,2.0,2.0,1.5,3.0,1.0,0.0,0.0,0.3095238095238095,0.10317460317460315,206,3
2019,동대문구,회기동,1106071,98,7,891.3,2.441917808219178,63.2,0.0,0.0,0.0,0.0,0.0,1.0,1.0,1.0,1.0,1.0,0.0,0.0,0.16666666666666669,0.05555555555555556,273,1
2019,동대문구,휘경1동,1106072,98,7,891.3,2.441917808219178,63.2,1.0,102.0,0.5,0.5,1.0,0.0,0.0,0.0,0.0,0.0,0.0,0.4308596404738815,0.0,0.14361988015796048,193,3
2019,동대문구,휘경2동,1106073,98,7,891.3,2.441917808219178,63.2,11.0,2202.0,0.4818181818181818,0.5,1.0,2.0,2.0,1.5,3.0,1.0,0.0,0.44586107362017446,0.3095238095238095,0.25179496104799465,81,5
2019,동대문구,청량리동,1106080,98,7,891.3,2.441917808219178,63.2,0.0,0.0,0.0,0.0,0.0,1.0,1.0,1.0,1.0,1.0,0.0,0.0,0.16666666666666669,0.05555555555555556,273,1
2019,동대문구,용신동,1106081,98,7,891.3,2.441917808219178,63.2,0.0,0.0,0.0,0.0,0.0,5.0,5.0,3.0,15.0,1.0,0.0,0.0,0.8095238095238095,0.2698412698412698,52,5
2019,동대문구,제기동,1106082,98,7,891.3,2.441917808219178,63.2,0.0,0.0,0.0,0.0,0.0,4.0,4.0,2.5,10.0,1.0,0.0,0.0,0.6309523809523809,0.21031746031746032,97,4
2019,동대문구,전농1동,1106083,98,7,891.3,2.441917808219178,63.2,0.0,0.0,0.0,0.0,0.0,6.0,6.0,3.5,21.0,1.0,0.0,0.0,1.0,0.3333333333333333,18,5
2019,동대문구,전농2동,1106084,98,7,891.3,2.441917808219178,63.2,0.0,0.0,0.0,0.0,0.0,6.0,6.0,3.5,21.0,1.0,0.0,0.0,1.0,0.3333333333333333,18,5
2019,동대문구,답십리2동,1106086,98,7,891.3,2.441917808219178,63.2,1.0,116.0,0.3,0.3,1.0,6.0,6.0,3.5,21.0,1.0,0.0,0.2594467571239929,1.0,0.41981558570799765,6,5
2019,동대문구,장안1동,1106087,98,7,891.3,2.441917808219178,63.2,0.0,0.0,0.0,0.0,0.0,6.0,6.0,3.5,21.0,1.0,0.0,0.0,1.0,0.3333333333333333,18,5
2019,동대문구,장안2동,1106088,98,7,891.3,2.441917808219178,63.2,0.0,0.0,0.0,0.0,0.0,6.0,6.0,3.5,21.0,1.0,0.0,0.0,1.0,0.3333333333333333,18,5
2019,동대문구,이문1동,1106089,98,7,891.3,2.441917808219178,63.2,0.0,0.0,0.0,0.0,0.0,1.0,1.0,1.0,1.0,1.0,0.0,0.0,0.16666666666666669,0.05555555555555556,273,1
2019,동대문구,이문2동,1106090,98,7,891.3,2.441917808219178,63.2,0.0,0.0,0.0,0.0,0.0,2.0,2.0,1.5,3.0,1.0,0.0,0.0,0.3095238095238095,0.10317460317460315,206,3
2019,동대문구,답십리1동,1106091,98,7,891.3,2.441917808219178,63.2,0.0,0.0,0.0,0.0,0.0,6.0,6.0,3.5,21.0,1.0,0.0,0.0,1.0,0.3333333333333333,18,5
2019,중랑구,면목2동,1107052,98,7,891.3,2.441917808219178,63.2,0.0,0.0,0.0,0.0,0.0,2.0,2.0,1.5,3.0,1.0,0.0,0.0,0.3095238095238095,0.10317460317460315,206,3
2019,중랑구,면목4동,1107054,98,7,891.3,2.441917808219178,63.2,0.0,0.0,0.0,0.0,0.0,5.0,5.0,3.0,15.0,1.0,0.0,0.0,0.8095238095238095,0.2698412698412698,52,5
2019,중랑구,면목5동,1107055,98,7,891.3,2.441917808219178,63.2,0.0,0.0,0.0,0.0,0.0,1.0,1.0,1.0,1.0,1.0,0.0,0.0,0.16666666666666669,0.05555555555555556,273,1
2019,중랑구,면목7동,1107057,98,7,891.3,2.441917808219178,63.2,0.0,0.0,0.0,0.0,0.0,0.0,0.0,0.0,0.0,0.0,0.0,0.0,0.0,0.0,388,1
2019,중랑구,상봉1동,1107059,98,7,891.3,2.441917808219178,63.2,0.0,0.0,0.0,0.0,0.0,4.0,4.0,2.5,10.0,1.0,0.0,0.0,0.6309523809523809,0.21031746031746032,97,4
2019,중랑구,상봉2동,1107060,98,7,891.3,2.441917808219178,63.2,0.0,0.0,0.0,0.0,0.0,2.0,2.0,1.5,3.0,1.0,0.0,0.0,0.3095238095238095,0.10317460317460315,206,3
2019,중랑구,중화1동,1107061,98,7,891.3,2.441917808219178,63.2,0.0,0.0,0.0,0.0,0.0,2.0,2.0,1.5,3.0,1.0,0.0,0.0,0.3095238095238095,0.10317460317460315,206,3
2019,중랑구,중화2동,1107062,98,7,891.3,2.441917808219178,63.2,0.0,0.0,0.0,0.0,0.0,1.0,1.0,1.0,1.0,1.0,0.0,0.0,0.16666666666666669,0.05555555555555556,273,1
2019,중랑구,묵1동,1107064,98,7,891.3,2.441917808219178,63.2,0.0,0.0,0.0,0.0,0.0,4.0,4.0,2.5,10.0,1.0,0.0,0.0,0.6309523809523809,0.21031746031746032,97,4
2019,중랑구,묵2동,1107065,98,7,891.3,2.441917808219178,63.2,0.0,0.0,0.0,0.0,0.0,1.0,1.0,1.0,1.0,1.0,0.0,0.0,0.16666666666666669,0.05555555555555556,273,1
2019,중랑구,망우3동,1107068,98,7,891.3,2.441917808219178,63.2,0.0,0.0,0.0,0.0,0.0,2.0,2.0,1.5,3.0,1.0,0.0,0.0,0.3095238095238095,0.10317460317460315,206,3
2019,중랑구,신내1동,1107069,98,7,891.3,2.441917808219178,63.2,0.0,0.0,0.0,0.0,0.0,6.0,6.0,3.5,21.0,1.0,0.0,0.0,1.0,0.3333333333333333,18,5
2019,중랑구,신내2동,1107070,98,7,891.3,2.441917808219178,63.2,0.0,0.0,0.0,0.0,0.0,6.0,6.0,3.5,21.0,1.0,0.0,0.0,1.0,0.3333333333333333,18,5
2019,중랑구,면목본동,1107071,98,7,891.3,2.441917808219178,63.2,0.0,0.0,0.0,0.0,0.0,1.0,1.0,1.0,1.0,1.0,0.0,0.0,0.16666666666666669,0.05555555555555556,273,1
2019,중랑구,면목3·8동,1107072,98,7,891.3,2.441917808219178,63.2,0.0,0.0,0.0,0.0,0.0,0.0,0.0,0.0,0.0,0.0,0.0,0.0,0.0,0.0,388,1
2019,중랑구,망우본동,1107073,98,7,891.3,2.441917808219178,63.2,0.0,0.0,0.0,0.0,0.0,3.0,3.0,2.0,6.0,1.0,0.0,0.0,0.4642857142857143,0.15476190476190477,142,3
2019,성북구,돈암1동,1108058,98,7,891.3,2.441917808219178,63.2,0.0,0.0,0.0,0.0,0.0,0.0,0.0,0.0,0.0,0.0,0.0,0.0,0.0,0.0,388,1
2019,성북구,돈암2동,1108059,98,7,891.3,2.441917808219178,63.2,0.0,0.0,0.0,0.0,0.0,0.0,0.0,0.0,0.0,0.0,0.0,0.0,0.0,0.0,388,1
2019,성북구,안암동,1108060,98,7,891.3,2.441917808219178,63.2,0.0,0.0,0.0,0.0,0.0,2.0,2.0,1.5,3.0,1.0,0.0,0.0,0.3095238095238095,0.10317460317460315,206,3
2019,성북구,보문동,1108061,98,7,891.3,2.441917808219178,63.2,2.0,137.84,0.1,0.1,1.0,2.0,2.0,1.5,3.0,1.0,0.0,0.09021657214164486,0.3095238095238095,0.1332467938884848,202,3
2019,성북구,정릉1동,1108062,98,7,891.3,2.441917808219178,63.2,0.0,0.0,0.0,0.0,0.0,0.0,0.0,0.0,0.0,0.0,0.0,0.0,0.0,0.0,388,1
2019,성북구,정릉2동,1108063,98,7,891.3,2.441917808219178,63.2,1.0,63.95,0.1,0.1,1.0,3.0,3.0,2.0,6.0,1.0,0.0,0.08795985966003289,0.4642857142857143,0.18408185798191576,136,4
2019,성북구,정릉3동,1108064,98,7,891.3,2.441917808219178,63.2,5.0,616.36,0.1,0.1,1.0,6.0,6.0,3.5,21.0,1.0,0.0,0.09727452980145763,1.0,0.3657581766004859,11,5
2019,성북구,정릉4동,1108065,98,7,891.3,2.441917808219178,63.2,0.0,0.0,0.0,0.0,0.0,4.0,5.0,3.5,14.0,1.0,0.0,0.0,0.7916666666666666,0.2638888888888889,79,5
2019,성북구,길음1동,1108066,98,7,891.3,2.441917808219178,63.2,0.0,0.0,0.0,0.0,0.0,2.0,2.0,1.5,3.0,1.0,0.0,0.0,0.3095238095238095,0.10317460317460315,206,3
2019,성북구,길음2동,1108068,98,7,891.3,2.441917808219178,63.2,0.0,0.0,0.0,0.0,0.0,1.0,1.0,1.0,1.0,1.0,0.0,0.0,0.16666666666666669,0.05555555555555556,273,1
2019,성북구,월곡1동,1108071,98,7,891.3,2.441917808219178,63.2,0.0,0.0,0.0,0.0,0.0,2.0,2.0,1.5,3.0,1.0,0.0,0.0,0.3095238095238095,0.10317460317460315,206,3
2019,성북구,월곡2동,1108072,98,7,891.3,2.441917808219178,63.2,10.0,525.58,0.1,0.1,1.0,5.0,5.0,3.0,15.0,1.0,0.0,0.10804236903436149,0.8095238095238095,0.3058553928527237,38,5
2019,성북구,장위1동,1108076,98,7,891.3,2.441917808219178,63.2,1.0,69.85,0.1,0.1,1.0,3.0,3.0,2.0,6.0,1.0,0.0,0.08796647106462066,0.4642857142857143,0.18408406178344497,135,4
2019,성북구,장위2동,1108077,98,7,891.3,2.441917808219178,63.2,10.0,604.85,0.1,0.1,1.0,2.0,2.0,1.5,3.0,1.0,0.0,0.10813119717701758,0.3095238095238095,0.13921833556694235,199,3
2019,성북구,장위3동,1108078,98,7,891.3,2.441917808219178,63.2,1.0,48.93,0.1,0.1,1.0,2.0,2.0,1.5,3.0,1.0,0.0,0.08794302859276035,0.3095238095238095,0.1324889460388566,204,3
2019,성북구,성북동,1108081,98,7,891.3,2.441917808219178,63.2,2.0,80.39,0.1,0.1,1.0,6.0,6.0,3.5,21.0,1.0,0.0,0.09015219499019296,1.0,0.363384064996731,12,5
2019,성북구,삼선동,1108082,98,7,891.3,2.441917808219178,63.2,1.0,28.92,0.1,0.1,1.0,1.0,1.0,1.0,1.0,1.0,0.0,0.08792060584601444,0.16666666666666669,0.0848624241708937,272,2
2019,성북구,동선동,1108083,98,7,891.3,2.441917808219178,63.2,0.0,0.0,0.0,0.0,0.0,1.0,1.0,1.0,1.0,1.0,0.0,0.0,0.16666666666666669,0.05555555555555556,273,1
2019,성북구,종암동,1108084,98,7,891.3,2.441917808219178,63.2,1.0,48.03,0.1,0.1,1.0,5.0,5.0,3.0,15.0,1.0,0.0,0.08794202007341646,0.8095238095238095,0.29915527653240864,44,5
2019,성북구,석관동,1108085,98,7,891.3,2.441917808219178,63.2,1.0,25.79,0.1,0.1,1.0,3.0,3.0,2.0,6.0,1.0,0.0,0.08791709843985179,0.4642857142857143,0.18406760424185534,137,4
2019,강북구,번1동,1109060,98,7,891.3,2.441917808219178,63.2,4.0,645.69,0.45,0.45,1.0,3.0,3.0,2.0,6.0,1.0,0.0,0.39513348328281983,0.4642857142857143,0.28647306585617804,51,5
2019,강북구,번2동,1109061,98,7,891.3,2.441917808219178,63.2,1.0,91.4,0.45,0.45,1.0,2.0,2.0,1.5,3.0,1.0,0.0,0.38799061950002167,0.3095238095238095,0.23250480967461037,93,4
2019,강북구,번3동,1109062,98,7,891.3,2.441917808219178,63.2,0.0,0.0,0.0,0.0,0.0,2.0,2.0,1.5,3.0,1.0,0.0,0.0,0.3095238095238095,0.10317460317460315,206,3
2019,강북구,수유1동,1109063,98,7,891.3,2.441917808219178,63.2,5.0,703.64,0.45,0.45,1.0,1.0,1.0,1.0,1.0,1.0,0.0,0.3973723337662744,0.16666666666666669,0.18801300014431369,132,4
2019,강북구,수유2동,1109064,98,7,891.3,2.441917808219178,63.2,10.0,2244.56,0.45,0.45,1.0,2.0,2.0,1.5,3.0,1.0,0.0,0.40996861856965816,0.3095238095238095,0.2398308093644892,88,4
2019,강북구,수유3동,1109065,98,7,891.3,2.441917808219178,63.2,28.0,5400.2,0.45,0.45,1.0,2.0,2.0,1.5,3.0,1.0,0.0,0.45263519111045125,0.3095238095238095,0.25405300021142024,80,5
2019,강북구,삼양동,1109069,98,7,891.3,2.441917808219178,63.2,2.0,348.65999999999997,0.45,0.45,1.0,1.0,1.0,1.0,1.0,1.0,0.0,0.3904528121950668,0.16666666666666669,0.18570649295391117,134,4
2019,강북구,미아동,1109070,98,7,891.3,2.441917808219178,63.2,0.0,0.0,0.0,0.0,0.0,3.0,3.0,2.0,6.0,1.0,0.0,0.0,0.4642857142857143,0.15476190476190477,142,3
2019,강북구,송중동,1109071,98,7,891.3,2.441917808219178,63.2,5.0,407.5,0.45,0.45,1.0,2.0,2.0,1.5,3.0,1.0,0.0,0.3970404860790513,0.3095238095238095,0.23552143186762028,89,4
2019,강북구,송천동,1109072,98,7,891.3,2.441917808219178,63.2,3.0,422.75,0.45,0.45,1.0,2.0,2.0,1.5,3.0,1.0,0.0,0.39270974879208853,0.3095238095238095,0.23407785277196602,91,4
2019,강북구,삼각산동,1109073,98,7,891.3,2.441917808219178,63.2,0.0,0.0,0.0,0.0,0.0,0.0,0.0,0.0,0.0,0.0,0.0,0.0,0.0,0.0,388,1
2019,강북구,우이동,1109074,98,7,891.3,2.441917808219178,63.2,15.0,4106.2,0.45,0.45,1.0,1.0,1.0,1.0,1.0,1.0,0.0,0.42292429484412386,0.16666666666666669,0.19653032050359687,123,4
2019,강북구,인수동,1109075,98,7,891.3,2.441917808219178,63.2,17.0,4023.26,0.45,0.45,1.0,2.0,2.0,1.5,3.0,1.0,0.0,0.4271791802706554,0.3095238095238095,0.2455676632648216,82,5
2019,도봉구,쌍문1동,1110051,98,7,891.3,2.441917808219178,63.2,6.0,1104.0,0.3,0.3,1.0,1.0,1.0,1.0,1.0,1.0,0.0,0.2714234524655701,0.16666666666666669,0.1460300397107456,191,3
2019,도봉구,쌍문2동,1110052,98,7,891.3,2.441917808219178,63.2,9.0,1493.55,0.3,0.3,1.0,4.0,4.0,2.5,10.0,1.0,0.0,0.2783817123853537,0.6309523809523809,0.3031113644459115,39,5
2019,도봉구,쌍문3동,1110053,98,7,891.3,2.441917808219178,63.2,0.0,0.0,0.0,0.0,0.0,1.0,1.0,1.0,1.0,1.0,0.0,0.0,0.16666666666666669,0.05555555555555556,273,1
2019,도봉구,쌍문4동,1110054,98,7,891.3,2.441917808219178,63.2,2.0,730.55,0.3,0.3,1.0,2.0,2.0,1.5,3.0,1.0,0.0,0.26230932079279345,0.3095238095238095,0.19061104343886762,126,4
2019,도봉구,방학1동,1110055,98,7,891.3,2.441917808219178,63.2,56.0,8449.95,0.3,0.3,1.0,4.0,4.0,2.5,10.0,1.0,0.0,0.38835080761090385,0.6309523809523809,0.33976772952109496,17,5
2019,도봉구,방학2동,1110056,98,7,891.3,2.441917808219178,63.2,38.0,18348.79,0.3,0.3,1.0,2.0,2.0,1.5,3.0,1.0,0.0,0.36031278574175335,0.3095238095238095,0.22327886508852093,95,4
2019,도봉구,방학3동,1110057,98,7,891.3,2.441917808219178,63.2,2.0,659.77,0.3,0.3,1.0,2.0,2.0,1.5,3.0,1.0,0.0,0.2622300063492814,0.3095238095238095,0.19058460529103027,128,4
2019,도봉구,창1동,1110059,98,7,891.3,2.441917808219178,63.2,0.0,0.0,0.0,0.0,0.0,5.0,5.0,3.0,15.0,1.0,0.0,0.0,0.8095238095238095,0.2698412698412698,52,5
2019,도봉구,창2동,1110060,98,7,891.3,2.441917808219178,63.2,1.0,219.55,0.3,0.3,1.0,1.0,1.0,1.0,1.0,1.0,0.0,0.25956279287739314,0.16666666666666669,0.1420764865146866,197,3
2019,도봉구,창3동,1110061,98,7,891.3,2.441917808219178,63.2,4.0,467.91,0.3375,0.45,1.0,2.0,2.0,1.5,3.0,1.0,0.0,0.3386842670950893,0.3095238095238095,0.21606935887296627,96,4
2019,도봉구,창4동,1110062,98,7,891.3,2.441917808219178,63.2,0.0,0.0,0.0,0.0,0.0,4.0,4.0,2.5,10.0,1.0,0.0,0.0,0.6309523809523809,0.21031746031746032,97,4
2019,도봉구,창5동,1110063,98,7,891.3,2.441917808219178,63.2,1.0,183.14,0.3,0.3,1.0,6.0,6.0,3.5,21.0,1.0,0.0,0.25952199266704734,1.0,0.4198406642223491,5,5
2019,도봉구,도봉1동,1110064,98,7,891.3,2.441917808219178,63.2,65.0,220436.7,0.3,0.3,1.0,2.0,2.0,1.5,3.0,1.0,0.0,0.6454635116958041,0.3095238095238095,0.31832910707320455,37,5
2019,도봉구,도봉2동,1110065,98,7,891.3,2.441917808219178,63.2,5.0,1363.3700000000001,0.3,0.3,1.0,5.0,5.0,3.0,15.0,1.0,0.0,0.26954018349123166,0.8095238095238095,0.3596879976716804,13,5
2019,노원구,월계1동,1111051,98,7,891.3,2.441917808219178,63.2,3.0,294.55,0.5,0.5,1.0,6.0,6.0,3.5,21.0,1.0,0.0,0.43542323367157887,1.0,0.47847441122385964,2,5
2019,노원구,월계2동,1111052,98,7,891.3,2.441917808219178,63.2,11.0,863.05,0.5,0.5,1.0,6.0,6.0,3.5,21.0,1.0,0.0,0.4534515860716314,1.0,0.48448386202387717,1,5
2019,노원구,월계3동,1111053,98,7,891.3,2.441917808219178,63.2,0.0,0.0,0.0,0.0,0.0,5.0,5.0,3.0,15.0,1.0,0.0,0.0,0.8095238095238095,0.2698412698412698,52,5
2019,노원구,공릉2동,1111056,98,7,891.3,2.441917808219178,63.2,0.0,0.0,0.0,0.0,0.0,3.0,3.0,2.0,6.0,1.0,0.0,0.0,0.4642857142857143,0.15476190476190477,142,3
2019,노원구,하계1동,1111058,98,7,891.3,2.441917808219178,63.2,1.0,84.39,0.5,0.5,1.0,0.0,0.0,0.0,0.0,0.0,0.0,0.43083990711205267,0.0,0.14361330237068423,194,3
2019,노원구,하계2동,1111059,98,7,891.3,2.441917808219178,63.2,0.0,0.0,0.0,0.0,0.0,0.0,0.0,0.0,0.0,0.0,0.0,0.0,0.0,0.0,388,1
2019,노원구,중계본동,1111060,98,7,891.3,2.441917808219178,63.2,0.0,0.0,0.0,0.0,0.0,0.0,0.0,0.0,0.0,0.0,0.0,0.0,0.0,0.0,388,1
2019,노원구,중계1동,1111061,98,7,891.3,2.441917808219178,63.2,0.0,0.0,0.0,0.0,0.0,0.0,0.0,0.0,0.0,0.0,0.0,0.0,0.0,0.0,388,1
2019,노원구,중계4동,1111064,98,7,891.3,2.441917808219178,63.2,0.0,0.0,0.0,0.0,0.0,0.0,0.0,0.0,0.0,0.0,0.0,0.0,0.0,0.0,388,1
2019,노원구,상계1동,1111065,98,7,891.3,2.441917808219178,63.2,3.0,265.75,0.5,0.5,1.0,6.0,6.0,3.5,21.0,1.0,0.0,0.43539096105257435,1.0,0.47846365368419147,3,5
2019,노원구,상계2동,1111066,98,7,891.3,2.441917808219178,63.2,0.0,0.0,0.0,0.0,0.0,3.0,3.0,2.0,6.0,1.0,0.0,0.0,0.4642857142857143,0.15476190476190477,142,3
2019,노원구,상계5동,1111069,98,7,891.3,2.441917808219178,63.2,4.0,292.68,0.5,0.5,1.0,1.0,1.0,1.0,1.0,1.0,0.0,0.437595051235976,0.16666666666666669,0.2014205726342142,118,4
2019,노원구,상계8동,1111072,98,7,891.3,2.441917808219178,63.2,0.0,0.0,0.0,0.0,0.0,3.0,3.0,2.0,6.0,1.0,0.0,0.0,0.4642857142857143,0.15476190476190477,142,3
2019,노원구,상계9동,1111073,98,7,891.3,2.441917808219178,63.2,0.0,0.0,0.0,0.0,0.0,2.0,2.0,1.5,3.0,1.0,0.0,0.0,0.3095238095238095,0.10317460317460315,206,3
2019,노원구,상계10동,1111074,98,7,891.3,2.441917808219178,63.2,3.0,218.55,0.5,0.5,1.0,3.0,3.0,2.0,6.0,1.0,0.0,0.4353380698158723,0.4642857142857143,0.29987459470052885,43,5
2019,노원구,상계3·4동,1111076,98,7,891.3,2.441917808219178,63.2,22.0,1947.78,0.5,0.5,1.0,0.0,0.0,0.0,0.0,0.0,0.0,0.47858015309200586,0.0,0.15952671769733529,141,4
2019,노원구,상계6·7동,1111077,98,7,891.3,2.441917808219178,63.2,0.0,0.0,0.0,0.0,0.0,4.0,4.0,2.5,10.0,1.0,0.0,0.0,0.6309523809523809,0.21031746031746032,97,4
2019,노원구,중계2·3동,1111078,98,7,891.3,2.441917808219178,63.2,0.0,0.0,0.0,0.0,0.0,0.0,0.0,0.0,0.0,0.0,0.0,0.0,0.0,0.0,388,1
2019,노원구,공릉1동,1111079,98,7,891.3,2.441917808219178,63.2,1.0,196.5,0.5,0.5,1.0,4.0,4.0,2.5,10.0,1.0,0.0,0.43096553500499035,0.6309523809523809,0.3539726386524571,15,5
2019,은평구,녹번동,1112051,98,7,891.3,2.441917808219178,63.2,6.0,675.0,0.3,0.3,1.0,3.0,3.0,2.0,6.0,1.0,0.0,0.2709427249116473,0.4642857142857143,0.24507614639912054,84,5
2019,은평구,불광1동,1112052,98,7,891.3,2.441917808219178,63.2,59.0,9514.0,0.3,0.3,1.0,4.0,4.0,2.5,10.0,1.0,0.0,0.39606489675008366,0.6309523809523809,0.34233909256748823,16,5
2019,은평구,갈현1동,1112055,98,7,891.3,2.441917808219178,63.2,2.0,297.0,0.3,0.3,1.0,2.0,2.0,1.5,3.0,1.0,0.0,0.2618234946132987,0.3095238095238095,0.19044910137903606,129,4
2019,은평구,갈현2동,1112056,98,7,891.3,2.441917808219178,63.2,3.0,731.6,0.3,0.3,1.0,5.0,5.0,3.0,15.0,1.0,0.0,0.26448441044217297,0.8095238095238095,0.3580027399886608,14,5
2019,은평구,구산동,1112057,98,7,891.3,2.441917808219178,63.2,4.0,620.2,0.3,0.3,1.0,2.0,2.0,1.5,3.0,1.0,0.0,0.2665334912024181,0.3095238095238095,0.19201910024207583,125,4
2019,은평구,대조동,1112058,98,7,891.3,2.441917808219178,63.2,44.0,7004.5,0.3,0.3,1.0,2.0,2.0,1.5,3.0,1.0,0.0,0.3606441129940184,0.3095238095238095,0.22338930750594263,94,4
2019,은평구,응암1동,1112059,98,7,891.3,2.441917808219178,63.2,7.0,1040.4,0.3,0.3,1.0,2.0,2.0,1.5,3.0,1.0,0.0,0.2735260968087465,0.3095238095238095,0.19434996877751867,124,4
2019,은평구,응암2동,1112060,98,7,891.3,2.441917808219178,63.2,4.0,540.0,0.3,0.3,1.0,1.0,1.0,1.0,1.0,1.0,0.0,0.26644362092310664,0.16666666666666669,0.14437009586325777,192,3
2019,은평구,신사1동,1112065,98,7,891.3,2.441917808219178,63.2,0.0,0.0,0.0,0.0,0.0,1.0,1.0,1.0,1.0,1.0,0.0,0.0,0.16666666666666669,0.05555555555555556,273,1
2019,은평구,신사2동,1112066,98,7,891.3,2.441917808219178,63.2,4.0,463.79999999999995,0.3,0.3,1.0,4.0,4.0,2.5,10.0,1.0,0.0,0.26635823295199024,0.6309523809523809,0.2991035379681237,45,5
2019,은평구,증산동,1112067,98,7,891.3,2.441917808219178,63.2,18.0,3080.4,0.3,0.3,1.0,5.0,5.0,3.0,15.0,1.0,0.0,0.2997251174665006,0.8095238095238095,0.3697496423301034,9,5
2019,은평구,수색동,1112068,98,7,891.3,2.441917808219178,63.2,0.0,0.0,0.0,0.0,0.0,3.0,3.0,2.0,6.0,1.0,0.0,0.0,0.4642857142857143,0.15476190476190477,142,4
2019,은평구,진관동,1112071,98,7,891.3,2.441917808219178,63.2,1.0,700.0,0.3,0.3,1.0,0.0,0.0,0.0,0.0,0.0,0.0,0.26010117412047523,0.0,0.08670039137349174,270,2
2019,은평구,불광2동,1112072,98,7,891.3,2.441917808219178,63.2,18.0,2968.0,0.3,0.3,1.0,2.0,2.0,1.5,3.0,1.0,0.0,0.2995991646062187,0.3095238095238095,0.20304099137667606,117,4
2019,은평구,응암3동,1112073,98,7,891.3,2.441917808219178,63.2,115.0,20166.81,0.2895652173913043,0.3,1.0,5.0,5.0,3.0,15.0,1.0,0.0,0.5245239302714386,0.8095238095238095,0.44468257993174937,4,5
2019,은평구,역촌동,1112074,98,7,891.3,2.441917808219178,63.2,15.0,2786.9,0.3,0.3,1.0,2.0,2.0,1.5,3.0,1.0,0.0,0.2928744889722515,0.3095238095238095,0.2007994328320203,120,4
2019,서대문구,천연동,1113052,98,7,891.3,2.441917808219178,63.2,0.0,0.0,0.0,0.0,0.0,0.0,0.0,0.0,0.0,0.0,0.0,0.0,0.0,0.0,388,1
2019,서대문구,홍제1동,1113062,98,7,891.3,2.441917808219178,63.2,0.0,0.0,0.0,0.0,0.0,4.0,4.0,2.5,10.0,1.0,0.0,0.0,0.6309523809523809,0.21031746031746032,97,4
2019,서대문구,홍제3동,1113064,98,7,891.3,2.441917808219178,63.2,2.0,131.04000000000002,0.1,0.1,1.0,2.0,2.0,1.5,3.0,1.0,0.0,0.09020895221771322,0.3095238095238095,0.1332442539138409,203,3
2019,서대문구,홍제2동,1113065,98,7,891.3,2.441917808219178,63.2,0.0,0.0,0.0,0.0,0.0,3.0,3.0,2.0,6.0,1.0,0.0,0.0,0.4642857142857143,0.15476190476190477,142,4
2019,서대문구,홍은1동,1113066,98,7,891.3,2.441917808219178,63.2,6.0,666.48,0.10000000000000002,0.1,1.0,2.0,2.0,1.5,3.0,1.0,0.0,0.09950460616662032,0.3095238095238095,0.13634280523014328,200,3
2019,서대문구,홍은2동,1113068,98,7,891.3,2.441917808219178,63.2,1.0,80.95,0.1,0.1,1.0,0.0,0.0,0.0,0.0,0.0,0.0,0.087978909469862,0.0,0.02932630315662067,387,1
2019,서대문구,남가좌1동,1113069,98,7,891.3,2.441917808219178,63.2,0.0,0.0,0.0,0.0,0.0,0.0,0.0,0.0,0.0,0.0,0.0,0.0,0.0,0.0,388,1
2019,서대문구,남가좌2동,1113070,98,7,891.3,2.441917808219178,63.2,7.0,573.68,0.1,0.1,1.0,0.0,0.0,0.0,0.0,0.0,0.0,0.1015745296599726,0.0,0.0338581765533242,386,1
2019,서대문구,북가좌1동,1113071,98,7,891.3,2.441917808219178,63.2,5.0,477.98,0.1,0.1,1.0,3.0,3.0,2.0,6.0,1.0,0.0,0.09711946434944868,0.4642857142857143,0.18713505954505436,133,4
2019,서대문구,북가좌2동,1113072,98,7,891.3,2.441917808219178,63.2,26.0,2071.43,0.1,0.1,1.0,2.0,2.0,1.5,3.0,1.0,0.0,0.1445572217608566,0.3095238095238095,0.15136034376155535,190,3
2019,서대문구,충현동,1113073,98,7,891.3,2.441917808219178,63.2,0.0,0.0,0.0,0.0,0.0,3.0,3.0,2.0,6.0,1.0,0.0,0.0,0.4642857142857143,0.15476190476190477,142,4
2019,서대문구,북아현동,1113074,98,7,891.3,2.441917808219178,63.2,0.0,0.0,0.0,0.0,0.0,1.0,1.0,1.0,1.0,1.0,0.0,0.0,0.16666666666666669,0.05555555555555556,273,1
2019,서대문구,신촌동,1113075,98,7,891.3,2.441917808219178,63.2,3.0,806.89,0.10000000000000002,0.1,1.0,5.0,5.0,3.0,15.0,1.0,0.0,0.0931402072596035,0.8095238095238095,0.300888005594471,41,5
2019,서대문구,연희동,1113076,98,7,891.3,2.441917808219178,63.2,3.0,430.39,0.10000000000000002,0.1,1.0,2.0,2.0,1.5,3.0,1.0,0.0,0.09271831000074114,0.3095238095238095,0.13408070650818354,201,3
2019,마포구,용강동,1114059,98,7,891.3,2.441917808219178,63.2,0.0,0.0,0.0,0.0,0.0,3.0,3.0,2.0,6.0,1.0,0.0,0.0,0.4642857142857143,0.15476190476190477,142,4
2019,마포구,대흥동,1114060,98,7,891.3,2.441917808219178,63.2,0.0,0.0,0.0,0.0,0.0,3.0,3.0,2.0,6.0,1.0,0.0,0.0,0.4642857142857143,0.15476190476190477,142,4
2019,마포구,염리동,1114061,98,7,891.3,2.441917808219178,63.2,0.0,0.0,0.0,0.0,0.0,2.0,2.0,1.5,3.0,1.0,0.0,0.0,0.3095238095238095,0.10317460317460315,206,3
2019,마포구,신수동,1114063,98,7,891.3,2.441917808219178,63.2,0.0,0.0,0.0,0.0,0.0,4.0,4.0,2.5,10.0,1.0,0.0,0.0,0.6309523809523809,0.21031746031746032,97,4
2019,마포구,서교동,1114066,98,7,891.3,2.441917808219178,63.2,1.0,10.0,0.05,0.05,1.0,3.0,3.0,2.0,6.0,1.0,0.0,0.045042261671108835,0.4642857142857143,0.1697759919856077,140,4
2019,마포구,합정동,1114068,98,7,891.3,2.441917808219178,63.2,0.0,0.0,0.0,0.0,0.0,2.0,2.0,1.5,3.0,1.0,0.0,0.0,0.3095238095238095,0.10317460317460315,206,3
2019,마포구,망원1동,1114069,98,7,891.3,2.441917808219178,63.2,0.0,0.0,0.0,0.0,0.0,0.0,0.0,0.0,0.0,0.0,0.0,0.0,0.0,0.0,388,1
2019,마포구,망원2동,1114070,98,7,891.3,2.441917808219178,63.2,0.0,0.0,0.0,0.0,0.0,3.0,3.0,2.0,6.0,1.0,0.0,0.0,0.4642857142857143,0.15476190476190477,142,4
2019,마포구,연남동,1114071,98,7,891.3,2.441917808219178,63.2,0.0,0.0,0.0,0.0,0.0,2.0,2.0,1.5,3.0,1.0,0.0,0.0,0.3095238095238095,0.10317460317460315,206,3
2019,마포구,성산1동,1114072,98,7,891.3,2.441917808219178,63.2,0.0,0.0,0.0,0.0,0.0,3.0,3.0,2.0,6.0,1.0,0.0,0.0,0.4642857142857143,0.15476190476190477,142,4
2019,마포구,성산2동,1114073,98,7,891.3,2.441917808219178,63.2,0.0,0.0,0.0,0.0,0.0,1.0,1.0,1.0,1.0,1.0,0.0,0.0,0.16666666666666669,0.05555555555555556,273,1
2019,마포구,상암동,1114074,98,7,891.3,2.441917808219178,63.2,0.0,0.0,0.0,0.0,0.0,3.0,3.0,2.0,6.0,1.0,0.0,0.0,0.4642857142857143,0.15476190476190477,142,4
2019,마포구,도화동,1114075,98,7,891.3,2.441917808219178,63.2,0.0,0.0,0.0,0.0,0.0,1.0,1.0,1.0,1.0,1.0,0.0,0.0,0.16666666666666669,0.05555555555555556,273,1
2019,마포구,서강동,1114076,98,7,891.3,2.441917808219178,63.2,1.0,27.0,0.3,0.3,1.0,6.0,6.0,3.5,21.0,1.0,0.0,0.25934702576665225,1.0,0.4197823419222175,7,5
2019,마포구,공덕동,1114077,98,7,891.3,2.441917808219178,63.2,1.0,13.0,0.1,0.1,1.0,3.0,3.0,2.0,6.0,1.0,0.0,0.08790276625939801,0.4642857142857143,0.18406282684837075,138,4
2019,마포구,아현동,1114078,98,7,891.3,2.441917808219178,63.2,0.0,0.0,0.0,0.0,0.0,3.0,3.0,2.0,6.0,1.0,0.0,0.0,0.4642857142857143,0.15476190476190477,142,4
2019,양천구,목1동,1115051,98,7,891.3,2.441917808219178,63.2,0.0,0.0,0.0,0.0,0.0,0.0,0.0,0.0,0.0,0.0,0.0,0.0,0.0,0.0,388,1
2019,양천구,목2동,1115052,98,7,891.3,2.441917808219178,63.2,0.0,0.0,0.0,0.0,0.0,1.0,1.0,1.0,1.0,1.0,0.0,0.0,0.16666666666666669,0.05555555555555556,273,1
2019,양천구,목3동,1115053,98,7,891.3,2.441917808219178,63.2,0.0,0.0,0.0,0.0,0.0,1.0,1.0,1.0,1.0,1.0,0.0,0.0,0.16666666666666669,0.05555555555555556,273,1
2019,양천구,목4동,1115054,98,7,891.3,2.441917808219178,63.2,0.0,0.0,0.0,0.0,0.0,0.0,0.0,0.0,0.0,0.0,0.0,0.0,0.0,0.0,388,1
2019,양천구,신월1동,1115057,98,7,891.3,2.441917808219178,63.2,38.0,2723.77,0.20210526315789473,0.7,1.0,1.0,1.0,1.0,1.0,1.0,0.0,0.4367135213792528,0.16666666666666669,0.20112672934863984,119,4
2019,양천구,신월2동,1115058,98,7,891.3,2.441917808219178,63.2,0.0,0.0,0.0,0.0,0.0,5.0,5.0,3.0,15.0,1.0,0.0,0.0,0.8095238095238095,0.2698412698412698,52,5
2019,양천구,신월3동,1115059,98,7,891.3,2.441917808219178,63.2,0.0,0.0,0.0,0.0,0.0,0.0,0.0,0.0,0.0,0.0,0.0,0.0,0.0,0.0,388,1
2019,양천구,신월4동,1115060,98,7,891.3,2.441917808219178,63.2,0.0,0.0,0.0,0.0,0.0,1.0,1.0,1.0,1.0,1.0,0.0,0.0,0.16666666666666669,0.05555555555555556,273,1
2019,양천구,신월5동,1115061,98,7,891.3,2.441917808219178,63.2,27.0,2104.08,0.24814814814814815,0.7,1.0,1.0,1.0,1.0,1.0,1.0,0.0,0.43512751000476557,0.16666666666666669,0.20059805889047744,121,4
2019,양천구,신월6동,1115062,98,7,891.3,2.441917808219178,63.2,0.0,0.0,0.0,0.0,0.0,1.0,1.0,1.0,1.0,1.0,0.0,0.0,0.16666666666666669,0.05555555555555556,273,1
2019,양천구,신월7동,1115063,98,7,891.3,2.441917808219178,63.2,0.0,0.0,0.0,0.0,0.0,0.0,0.0,0.0,0.0,0.0,0.0,0.0,0.0,0.0,388,1
2019,양천구,신정1동,1115064,98,7,891.3,2.441917808219178,63.2,0.0,0.0,0.0,0.0,0.0,1.0,1.0,1.0,1.0,1.0,0.0,0.0,0.16666666666666669,0.05555555555555556,273,1
2019,양천구,신정2동,1115065,98,7,891.3,2.441917808219178,63.2,0.0,0.0,0.0,0.0,0.0,0.0,0.0,0.0,0.0,0.0,0.0,0.0,0.0,0.0,388,1
2019,양천구,신정3동,1115066,98,7,891.3,2.441917808219178,63.2,0.0,0.0,0.0,0.0,0.0,4.0,4.0,2.5,10.0,1.0,0.0,0.0,0.6309523809523809,0.21031746031746032,97,4
2019,양천구,신정6동,1115069,98,7,891.3,2.441917808219178,63.2,0.0,0.0,0.0,0.0,0.0,6.0,6.0,3.5,21.0,1.0,0.0,0.0,1.0,0.3333333333333333,18,5
2019,양천구,신정7동,1115070,98,7,891.3,2.441917808219178,63.2,0.0,0.0,0.0,0.0,0.0,1.0,1.0,1.0,1.0,1.0,0.0,0.0,0.16666666666666669,0.05555555555555556,273,1
2019,양천구,목5동,1115071,98,7,891.3,2.441917808219178,63.2,0.0,0.0,0.0,0.0,0.0,1.0,1.0,1.0,1.0,1.0,0.0,0.0,0.16666666666666669,0.05555555555555556,273,1
2019,양천구,신정4동,1115072,98,7,891.3,2.441917808219178,63.2,0.0,0.0,0.0,0.0,0.0,2.0,2.0,1.5,3.0,1.0,0.0,0.0,0.3095238095238095,0.10317460317460315,206,3
2019,강서구,염창동,1116051,98,7,891.3,2.441917808219178,63.2,0.0,0.0,0.0,0.0,0.0,1.0,1.0,1.0,1.0,1.0,0.0,0.0,0.16666666666666669,0.05555555555555556,273,1
2019,강서구,등촌1동,1116052,98,7,891.3,2.441917808219178,63.2,0.0,0.0,0.0,0.0,0.0,1.0,1.0,1.0,1.0,1.0,0.0,0.0,0.16666666666666669,0.05555555555555556,273,1
2019,강서구,등촌2동,1116053,98,7,891.3,2.441917808219178,63.2,0.0,0.0,0.0,0.0,0.0,1.0,1.0,1.0,1.0,1.0,0.0,0.0,0.16666666666666669,0.05555555555555556,273,1
2019,강서구,등촌3동,1116054,98,7,891.3,2.441917808219178,63.2,0.0,0.0,0.0,0.0,0.0,1.0,1.0,1.0,1.0,1.0,0.0,0.0,0.16666666666666669,0.05555555555555556,273,1
2019,강서구,화곡본동,1116055,98,7,891.3,2.441917808219178,63.2,0.0,0.0,0.0,0.0,0.0,1.0,1.0,1.0,1.0,1.0,0.0,0.0,0.16666666666666669,0.05555555555555556,273,1
2019,강서구,화곡2동,1116057,98,7,891.3,2.441917808219178,63.2,0.0,0.0,0.0,0.0,0.0,1.0,1.0,1.0,1.0,1.0,0.0,0.0,0.16666666666666669,0.05555555555555556,273,1
2019,강서구,화곡3동,1116058,98,7,891.3,2.441917808219178,63.2,0.0,0.0,0.0,0.0,0.0,1.0,1.0,1.0,1.0,1.0,0.0,0.0,0.16666666666666669,0.05555555555555556,273,1
2019,강서구,화곡4동,1116059,98,7,891.3,2.441917808219178,63.2,1.0,283.7,0.5,0.5,1.0,1.0,1.0,1.0,1.0,1.0,0.0,0.43106324932364326,0.16666666666666669,0.19924330533010334,122,4
2019,강서구,화곡6동,1116061,98,7,891.3,2.441917808219178,63.2,3.0,488.1,0.5,0.5,1.0,3.0,3.0,2.0,6.0,1.0,0.0,0.4356401213593686,0.4642857142857143,0.299975278548361,42,5
2019,강서구,화곡8동,1116063,98,7,891.3,2.441917808219178,63.2,0.0,0.0,0.0,0.0,0.0,3.0,3.0,2.0,6.0,1.0,0.0,0.0,0.4642857142857143,0.15476190476190477,142,4
2019,강서구,가양1동,1116064,98,7,891.3,2.441917808219178,63.2,0.0,0.0,0.0,0.0,0.0,1.0,1.0,1.0,1.0,1.0,0.0,0.0,0.16666666666666669,0.05555555555555556,273,1
2019,강서구,가양2동,1116065,98,7,891.3,2.441917808219178,63.2,0.0,0.0,0.0,0.0,0.0,4.0,5.0,2.75,11.0,1.0,0.0,0.0,0.7023809523809523,0.2341269841269841,90,4
2019,강서구,가양3동,1116066,98,7,891.3,2.441917808219178,63.2,0.0,0.0,0.0,0.0,0.0,1.0,1.0,1.0,1.0,1.0,0.0,0.0,0.16666666666666669,0.05555555555555556,273,1
2019,강서구,발산1동,1116067,98,7,891.3,2.441917808219178,63.2,5.0,1147.6,0.42000000000000004,0.5,1.0,1.0,1.0,1.0,1.0,1.0,0.0,0.40072696800998975,0.16666666666666669,0.18913121155888546,131,4
2019,강서구,공항동,1116069,98,7,891.3,2.441917808219178,63.2,0.0,0.0,0.0,0.0,0.0,1.0,1.0,1.0,1.0,1.0,0.0,0.0,0.16666666666666669,0.05555555555555556,273,1
2019,강서구,방화1동,1116070,98,7,891.3,2.441917808219178,63.2,0.0,0.0,0.0,0.0,0.0,1.0,1.0,1.0,1.0,1.0,0.0,0.0,0.16666666666666669,0.05555555555555556,273,1
2019,강서구,방화2동,1116071,98,7,891.3,2.441917808219178,63.2,0.0,0.0,0.0,0.0,0.0,5.0,5.0,3.0,15.0,1.0,0.0,0.0,0.8095238095238095,0.2698412698412698,52,5
2019,강서구,방화3동,1116072,98,7,891.3,2.441917808219178,63.2,0.0,0.0,0.0,0.0,0.0,5.0,5.0,3.0,15.0,1.0,0.0,0.0,0.8095238095238095,0.2698412698412698,52,5
2019,강서구,화곡1동,1116073,98,7,891.3,2.441917808219178,63.2,33.0,4183.87,0.4281818181818182,0.5,1.0,4.0,4.0,2.5,10.0,1.0,0.0,0.4690898167941626,0.6309523809523809,0.3666807325821812,10,5
2019,강서구,우장산동,1116074,98,7,891.3,2.441917808219178,63.2,0.0,0.0,0.0,0.0,0.0,1.0,1.0,1.0,1.0,1.0,0.0,0.0,0.16666666666666669,0.05555555555555556,273,1
2019,구로구,신도림동,1117051,98,7,891.3,2.441917808219178,63.2,1.0,1638.0,0.3,0.3,1.0,1.0,1.0,1.0,1.0,1.0,0.0,0.26115227539222263,0.16666666666666669,0.14260631401962978,195,3
2019,구로구,구로1동,1117052,98,7,891.3,2.441917808219178,63.2,0.0,0.0,0.0,0.0,0.0,1.0,1.0,1.0,1.0,1.0,0.0,0.0,0.16666666666666669,0.05555555555555556,273,1
2019,구로구,구로3동,1117054,98,7,891.3,2.441917808219178,63.2,1.0,4381.3,0.3,0.3,1.0,3.0,3.0,2.0,6.0,1.0,0.0,0.2642263544101166,0.4642857142857143,0.2428373562319436,85,5
2019,구로구,구로4동,1117055,98,7,891.3,2.441917808219178,63.2,0.0,0.0,0.0,0.0,0.0,1.0,1.0,1.0,1.0,1.0,0.0,0.0,0.16666666666666669,0.05555555555555556,273,2
2019,구로구,구로5동,1117056,98,7,891.3,2.441917808219178,63.2,0.0,0.0,0.0,0.0,0.0,4.0,4.0,2.5,10.0,1.0,0.0,0.0,0.6309523809523809,0.21031746031746032,97,4
2019,구로구,고척1동,1117061,98,7,891.3,2.441917808219178,63.2,0.0,0.0,0.0,0.0,0.0,5.0,5.0,3.0,15.0,1.0,0.0,0.0,0.8095238095238095,0.2698412698412698,52,5
2019,구로구,고척2동,1117062,98,7,891.3,2.441917808219178,63.2,0.0,0.0,0.0,0.0,0.0,1.0,1.0,1.0,1.0,1.0,0.0,0.0,0.16666666666666669,0.05555555555555556,273,2
2019,구로구,개봉2동,1117064,98,7,891.3,2.441917808219178,63.2,0.0,0.0,0.0,0.0,0.0,1.0,1.0,1.0,1.0,1.0,0.0,0.0,0.16666666666666669,0.05555555555555556,273,2
2019,구로구,개봉3동,1117065,98,7,891.3,2.441917808219178,63.2,0.0,0.0,0.0,0.0,0.0,1.0,1.0,1.0,1.0,1.0,0.0,0.0,0.16666666666666669,0.05555555555555556,273,2
2019,구로구,오류1동,1117067,98,7,891.3,2.441917808219178,63.2,0.0,0.0,0.0,0.0,0.0,5.0,5.0,3.0,15.0,1.0,0.0,0.0,0.8095238095238095,0.2698412698412698,52,5
2019,구로구,항동,1117074,98,7,891.3,2.441917808219178,63.2,0.0,0.0,0.0,0.0,0.0,1.0,1.0,1.0,1.0,1.0,0.0,0.0,0.16666666666666669,0.05555555555555556,273,2
2019,구로구,수궁동,1117069,98,7,891.3,2.441917808219178,63.2,0.0,0.0,0.0,0.0,0.0,3.0,3.0,2.0,6.0,1.0,0.0,0.0,0.4642857142857143,0.15476190476190477,142,4
2019,구로구,가리봉동,1117070,98,7,891.3,2.441917808219178,63.2,0.0,0.0,0.0,0.0,0.0,1.0,1.0,1.0,1.0,1.0,0.0,0.0,0.16666666666666669,0.05555555555555556,273,2
2019,구로구,구로2동,1117071,98,7,891.3,2.441917808219178,63.2,0.0,0.0,0.0,0.0,0.0,5.0,5.0,3.0,15.0,1.0,0.0,0.0,0.8095238095238095,0.2698412698412698,52,5
2019,구로구,개봉1동,1117072,98,7,891.3,2.441917808219178,63.2,3.0,407.0,0.3,0.3,1.0,3.0,3.0,2.0,6.0,1.0,0.0,0.26412067113214177,0.4642857142857143,0.2428021284726187,86,4
2019,금천구,가산동,1118051,98,7,891.3,2.441917808219178,63.2,0.0,0.0,0.0,0.0,0.0,1.0,1.0,1.0,1.0,1.0,0.0,0.0,0.16666666666666669,0.05555555555555556,273,2
2019,금천구,독산1동,1118052,98,7,891.3,2.441917808219178,63.2,0.0,0.0,0.0,0.0,0.0,3.0,3.0,2.0,6.0,1.0,0.0,0.0,0.4642857142857143,0.15476190476190477,142,4
2019,금천구,독산2동,1118053,98,7,891.3,2.441917808219178,63.2,0.0,0.0,0.0,0.0,0.0,1.0,1.0,1.0,1.0,1.0,0.0,0.0,0.16666666666666669,0.05555555555555556,273,2
2019,금천구,독산3동,1118054,98,7,891.3,2.441917808219178,63.2,0.0,0.0,0.0,0.0,0.0,1.0,1.0,1.0,1.0,1.0,0.0,0.0,0.16666666666666669,0.05555555555555556,273,2
2019,금천구,독산4동,1118055,98,7,891.3,2.441917808219178,63.2,0.0,0.0,0.0,0.0,0.0,1.0,1.0,1.0,1.0,1.0,0.0,0.0,0.16666666666666669,0.05555555555555556,273,2
2019,금천구,시흥1동,1118057,98,7,891.3,2.441917808219178,63.2,0.0,0.0,0.0,0.0,0.0,2.0,2.0,1.5,3.0,1.0,0.0,0.0,0.3095238095238095,0.10317460317460315,206,3
2019,금천구,시흥2동,1118058,98,7,891.3,2.441917808219178,63.2,0.0,0.0,0.0,0.0,0.0,0.0,0.0,0.0,0.0,0.0,0.0,0.0,0.0,0.0,388,1
2019,금천구,시흥3동,1118059,98,7,891.3,2.441917808219178,63.2,0.0,0.0,0.0,0.0,0.0,1.0,1.0,1.0,1.0,1.0,0.0,0.0,0.16666666666666669,0.05555555555555556,273,2
2019,금천구,시흥4동,1118060,98,7,891.3,2.441917808219178,63.2,0.0,0.0,0.0,0.0,0.0,0.0,0.0,0.0,0.0,0.0,0.0,0.0,0.0,0.0,388,1
2019,금천구,시흥5동,1118061,98,7,891.3,2.441917808219178,63.2,0.0,0.0,0.0,0.0,0.0,0.0,0.0,0.0,0.0,0.0,0.0,0.0,0.0,0.0,388,1
2019,영등포구,여의동,1119054,98,7,891.3,2.441917808219178,63.2,0.0,0.0,0.0,0.0,0.0,2.0,2.0,1.5,3.0,1.0,0.0,0.0,0.3095238095238095,0.10317460317460315,206,3
2019,영등포구,당산1동,1119055,98,7,891.3,2.441917808219178,63.2,0.0,0.0,0.0,0.0,0.0,1.0,1.0,1.0,1.0,1.0,0.0,0.0,0.16666666666666669,0.05555555555555556,273,2
2019,영등포구,당산2동,1119056,98,7,891.3,2.441917808219178,63.2,0.0,0.0,0.0,0.0,0.0,1.0,1.0,1.0,1.0,1.0,0.0,0.0,0.16666666666666669,0.05555555555555556,273,2
2019,영등포구,양평1동,1119061,98,7,891.3,2.441917808219178,63.2,0.0,0.0,0.0,0.0,0.0,1.0,1.0,1.0,1.0,1.0,0.0,0.0,0.16666666666666669,0.05555555555555556,273,2
2019,영등포구,양평2동,1119062,98,7,891.3,2.441917808219178,63.2,0.0,0.0,0.0,0.0,0.0,1.0,1.0,1.0,1.0,1.0,0.0,0.0,0.16666666666666669,0.05555555555555556,273,2
2019,영등포구,신길1동,1119063,98,7,891.3,2.441917808219178,63.2,0.0,0.0,0.0,0.0,0.0,1.0,1.0,1.0,1.0,1.0,0.0,0.0,0.16666666666666669,0.05555555555555556,273,2
2019,영등포구,신길3동,1119065,98,7,891.3,2.441917808219178,63.2,0.0,0.0,0.0,0.0,0.0,1.0,1.0,1.0,1.0,1.0,0.0,0.0,0.16666666666666669,0.05555555555555556,273,2
2019,영등포구,신길4동,1119066,98,7,891.3,2.441917808219178,63.2,0.0,0.0,0.0,0.0,0.0,1.0,1.0,1.0,1.0,1.0,0.0,0.0,0.16666666666666669,0.05555555555555556,273,2
2019,영등포구,신길5동,1119067,98,7,891.3,2.441917808219178,63.2,0.0,0.0,0.0,0.0,0.0,1.0,1.0,1.0,1.0,1.0,0.0,0.0,0.16666666666666669,0.05555555555555556,273,2
2019,영등포구,신길6동,1119068,98,7,891.3,2.441917808219178,63.2,0.0,0.0,0.0,0.0,0.0,1.0,1.0,1.0,1.0,1.0,0.0,0.0,0.16666666666666669,0.05555555555555556,273,2
2019,영등포구,신길7동,1119069,98,7,891.3,2.441917808219178,63.2,0.0,0.0,0.0,0.0,0.0,5.0,5.0,3.0,15.0,1.0,0.0,0.0,0.8095238095238095,0.2698412698412698,52,5
2019,영등포구,대림1동,1119070,98,7,891.3,2.441917808219178,63.2,0.0,0.0,0.0,0.0,0.0,1.0,1.0,1.0,1.0,1.0,0.0,0.0,0.16666666666666669,0.05555555555555556,273,2
2019,영등포구,대림2동,1119071,98,7,891.3,2.441917808219178,63.2,0.0,0.0,0.0,0.0,0.0,1.0,1.0,1.0,1.0,1.0,0.0,0.0,0.16666666666666669,0.05555555555555556,273,2
2019,영등포구,대림3동,1119072,98,7,891.3,2.441917808219178,63.2,0.0,0.0,0.0,0.0,0.0,1.0,1.0,1.0,1.0,1.0,0.0,0.0,0.16666666666666669,0.05555555555555556,273,2
2019,영등포구,영등포본동,1119073,98,7,891.3,2.441917808219178,63.2,0.0,0.0,0.0,0.0,0.0,4.0,4.0,2.5,10.0,1.0,0.0,0.0,0.6309523809523809,0.21031746031746032,97,4
2019,영등포구,영등포동,1119074,98,7,891.3,2.441917808219178,63.2,0.0,0.0,0.0,0.0,0.0,3.0,3.0,2.0,6.0,1.0,0.0,0.0,0.4642857142857143,0.15476190476190477,142,4
2019,영등포구,도림동,1119075,98,7,891.3,2.441917808219178,63.2,0.0,0.0,0.0,0.0,0.0,1.0,1.0,1.0,1.0,1.0,0.0,0.0,0.16666666666666669,0.05555555555555556,273,2
2019,영등포구,문래동,1119076,98,7,891.3,2.441917808219178,63.2,0.0,0.0,0.0,0.0,0.0,5.0,5.0,3.0,15.0,1.0,0.0,0.0,0.8095238095238095,0.2698412698412698,52,5
2019,동작구,노량진2동,1120052,98,7,891.3,2.441917808219178,63.2,0.0,0.0,0.0,0.0,0.0,1.0,1.0,1.0,1.0,1.0,0.0,0.0,0.16666666666666669,0.05555555555555556,273,2
2019,동작구,상도1동,1120053,98,7,891.3,2.441917808219178,63.2,0.0,0.0,0.0,0.0,0.0,2.0,2.0,1.5,3.0,1.0,0.0,0.0,0.3095238095238095,0.10317460317460315,206,3
2019,동작구,상도2동,1120054,98,7,891.3,2.441917808219178,63.2,0.0,0.0,0.0,0.0,0.0,5.0,5.0,3.0,15.0,1.0,0.0,0.0,0.8095238095238095,0.2698412698412698,52,5
2019,동작구,상도3동,1120055,98,7,891.3,2.441917808219178,63.2,0.0,0.0,0.0,0.0,0.0,1.0,1.0,1.0,1.0,1.0,0.0,0.0,0.16666666666666669,0.05555555555555556,273,2
2019,동작구,상도4동,1120056,98,7,891.3,2.441917808219178,63.2,0.0,0.0,0.0,0.0,0.0,2.0,2.0,1.5,3.0,1.0,0.0,0.0,0.3095238095238095,0.10317460317460315,206,3
2019,동작구,사당1동,1120063,98,7,891.3,2.441917808219178,63.2,0.0,0.0,0.0,0.0,0.0,2.0,2.0,1.5,3.0,1.0,0.0,0.0,0.3095238095238095,0.10317460317460315,206,3
2019,동작구,사당3동,1120065,98,7,891.3,2.441917808219178,63.2,0.0,0.0,0.0,0.0,0.0,1.0,1.0,1.0,1.0,1.0,0.0,0.0,0.16666666666666669,0.05555555555555556,273,2
2019,동작구,사당4동,1120066,98,7,891.3,2.441917808219178,63.2,0.0,0.0,0.0,0.0,0.0,0.0,0.0,0.0,0.0,0.0,0.0,0.0,0.0,0.0,388,1
2019,동작구,사당5동,1120067,98,7,891.3,2.441917808219178,63.2,0.0,0.0,0.0,0.0,0.0,0.0,0.0,0.0,0.0,0.0,0.0,0.0,0.0,0.0,388,1
2019,동작구,대방동,1120068,98,7,891.3,2.441917808219178,63.2,0.0,0.0,0.0,0.0,0.0,5.0,5.0,3.0,15.0,1.0,0.0,0.0,0.8095238095238095,0.2698412698412698,52,5
2019,동작구,신대방1동,1120069,98,7,891.3,2.441917808219178,63.2,0.0,0.0,0.0,0.0,0.0,2.0,2.0,1.5,3.0,1.0,0.0,0.0,0.3095238095238095,0.10317460317460315,206,3
2019,동작구,신대방2동,1120070,98,7,891.3,2.441917808219178,63.2,0.0,0.0,0.0,0.0,0.0,3.0,3.0,2.0,6.0,1.0,0.0,0.0,0.4642857142857143,0.15476190476190477,142,4
2019,동작구,흑석동,1120071,98,7,891.3,2.441917808219178,63.2,0.0,0.0,0.0,0.0,0.0,4.0,4.0,2.5,10.0,1.0,0.0,0.0,0.6309523809523809,0.21031746031746032,97,4
2019,동작구,노량진1동,1120072,98,7,891.3,2.441917808219178,63.2,0.0,0.0,0.0,0.0,0.0,1.0,1.0,1.0,1.0,1.0,0.0,0.0,0.16666666666666669,0.05555555555555556,273,2
2019,동작구,사당2동,1120073,98,7,891.3,2.441917808219178,63.2,0.0,0.0,0.0,0.0,0.0,2.0,2.0,1.5,3.0,1.0,0.0,0.0,0.3095238095238095,0.10317460317460315,206,3
2019,관악구,보라매동,1121052,98,7,891.3,2.441917808219178,63.2,0.0,0.0,0.0,0.0,0.0,4.0,4.0,2.5,10.0,1.0,0.0,0.0,0.6309523809523809,0.21031746031746032,97,4
2019,관악구,청림동,1121054,98,7,891.3,2.441917808219178,63.2,0.0,0.0,0.0,0.0,0.0,0.0,0.0,0.0,0.0,0.0,0.0,0.0,0.0,0.0,388,1
2019,관악구,행운동,1121057,98,7,891.3,2.441917808219178,63.2,0.0,0.0,0.0,0.0,0.0,1.0,1.0,1.0,1.0,1.0,0.0,0.0,0.16666666666666669,0.05555555555555556,273,2
2019,관악구,낙성대동,1121058,98,7,891.3,2.441917808219178,63.2,0.0,0.0,0.0,0.0,0.0,5.0,5.0,3.0,15.0,1.0,0.0,0.0,0.8095238095238095,0.2698412698412698,52,5
2019,관악구,중앙동,1121061,98,7,891.3,2.441917808219178,63.2,0.0,0.0,0.0,0.0,0.0,3.0,3.0,2.0,6.0,1.0,0.0,0.0,0.4642857142857143,0.15476190476190477,142,4
2019,관악구,인헌동,1121062,98,7,891.3,2.441917808219178,63.2,0.0,0.0,0.0,0.0,0.0,1.0,1.0,1.0,1.0,1.0,0.0,0.0,0.16666666666666669,0.05555555555555556,273,2
2019,관악구,남현동,1121063,98,7,891.3,2.441917808219178,63.2,0.0,0.0,0.0,0.0,0.0,1.0,1.0,1.0,1.0,1.0,0.0,0.0,0.16666666666666669,0.05555555555555556,273,2
2019,관악구,서원동,1121064,98,7,891.3,2.441917808219178,63.2,0.0,0.0,0.0,0.0,0.0,1.0,1.0,1.0,1.0,1.0,0.0,0.0,0.16666666666666669,0.05555555555555556,273,2
2019,관악구,신원동,1121065,98,7,891.3,2.441917808219178,63.2,0.0,0.0,0.0,0.0,0.0,1.0,1.0,1.0,1.0,1.0,0.0,0.0,0.16666666666666669,0.05555555555555556,273,2
2019,관악구,서림동,1121066,98,7,891.3,2.441917808219178,63.2,0.0,0.0,0.0,0.0,0.0,3.0,3.0,2.0,6.0,1.0,0.0,0.0,0.4642857142857143,0.15476190476190477,142,4
2019,관악구,신사동,1121068,98,7,891.3,2.441917808219178,63.2,0.0,0.0,0.0,0.0,0.0,1.0,1.0,1.0,1.0,1.0,0.0,0.0,0.16666666666666669,0.05555555555555556,273,2
2019,관악구,신림동,1121069,98,7,891.3,2.441917808219178,63.2,0.0,0.0,0.0,0.0,0.0,4.0,4.0,2.5,10.0,1.0,0.0,0.0,0.6309523809523809,0.21031746031746032,97,4
2019,관악구,난향동,1121071,98,7,891.3,2.441917808219178,63.2,0.0,0.0,0.0,0.0,0.0,0.0,0.0,0.0,0.0,0.0,0.0,0.0,0.0,0.0,388,1
2019,관악구,조원동,1121072,98,7,891.3,2.441917808219178,63.2,0.0,0.0,0.0,0.0,0.0,1.0,1.0,1.0,1.0,1.0,0.0,0.0,0.16666666666666669,0.05555555555555556,273,2
2019,관악구,대학동,1121073,98,7,891.3,2.441917808219178,63.2,0.0,0.0,0.0,0.0,0.0,1.0,1.0,1.0,1.0,1.0,0.0,0.0,0.16666666666666669,0.05555555555555556,273,2
2019,관악구,은천동,1121078,98,7,891.3,2.441917808219178,63.2,0.0,0.0,0.0,0.0,0.0,4.0,4.0,2.5,10.0,1.0,0.0,0.0,0.6309523809523809,0.21031746031746032,97,4
2019,관악구,성현동,1121079,98,7,891.3,2.441917808219178,63.2,0.0,0.0,0.0,0.0,0.0,1.0,1.0,1.0,1.0,1.0,0.0,0.0,0.16666666666666669,0.05555555555555556,273,2
2019,관악구,청룡동,1121080,98,7,891.3,2.441917808219178,63.2,0.0,0.0,0.0,0.0,0.0,2.0,2.0,1.5,3.0,1.0,0.0,0.0,0.3095238095238095,0.10317460317460315,206,3
2019,관악구,난곡동,1121081,98,7,891.3,2.441917808219178,63.2,0.0,0.0,0.0,0.0,0.0,1.0,1.0,1.0,1.0,1.0,0.0,0.0,0.16666666666666669,0.05555555555555556,273,2
2019,관악구,삼성동,1121082,98,7,891.3,2.441917808219178,63.2,0.0,0.0,0.0,0.0,0.0,1.0,1.0,1.0,1.0,1.0,0.0,0.0,0.16666666666666669,0.05555555555555556,273,2
2019,관악구,미성동,1121083,98,7,891.3,2.441917808219178,63.2,0.0,0.0,0.0,0.0,0.0,1.0,1.0,1.0,1.0,1.0,0.0,0.0,0.16666666666666669,0.05555555555555556,273,2
2019,서초구,서초1동,1122051,98,7,891.3,2.441917808219178,63.2,0.0,0.0,0.0,0.0,0.0,1.0,1.0,1.0,1.0,1.0,0.0,0.0,0.16666666666666669,0.05555555555555556,273,2
2019,서초구,서초2동,1122052,98,7,891.3,2.441917808219178,63.2,0.0,0.0,0.0,0.0,0.0,5.0,5.0,3.0,15.0,1.0,0.0,0.0,0.8095238095238095,0.2698412698412698,52,5
2019,서초구,서초3동,1122053,98,7,891.3,2.441917808219178,63.2,0.0,0.0,0.0,0.0,0.0,1.0,1.0,1.0,1.0,1.0,0.0,0.0,0.16666666666666669,0.05555555555555556,273,2
2019,서초구,서초4동,1122054,98,7,891.3,2.441917808219178,63.2,0.0,0.0,0.0,0.0,0.0,1.0,1.0,1.0,1.0,1.0,0.0,0.0,0.16666666666666669,0.05555555555555556,273,2
2019,서초구,잠원동,1122055,98,7,891.3,2.441917808219178,63.2,0.0,0.0,0.0,0.0,0.0,5.0,5.0,3.0,15.0,1.0,0.0,0.0,0.8095238095238095,0.2698412698412698,52,5
2019,서초구,반포본동,1122056,98,7,891.3,2.441917808219178,63.2,0.0,0.0,0.0,0.0,0.0,1.0,1.0,1.0,1.0,1.0,0.0,0.0,0.16666666666666669,0.05555555555555556,273,2
2019,서초구,반포1동,1122057,98,7,891.3,2.441917808219178,63.2,0.0,0.0,0.0,0.0,0.0,2.0,2.0,1.5,3.0,1.0,0.0,0.0,0.3095238095238095,0.10317460317460315,206,3
2019,서초구,반포2동,1122058,98,7,891.3,2.441917808219178,63.2,0.0,0.0,0.0,0.0,0.0,5.0,5.0,3.0,15.0,1.0,0.0,0.0,0.8095238095238095,0.2698412698412698,52,5
2019,서초구,반포3동,1122059,98,7,891.3,2.441917808219178,63.2,0.0,0.0,0.0,0.0,0.0,5.0,5.0,3.0,15.0,1.0,0.0,0.0,0.8095238095238095,0.2698412698412698,52,5
2019,서초구,반포4동,1122060,98,7,891.3,2.441917808219178,63.2,0.0,0.0,0.0,0.0,0.0,2.0,2.0,1.5,3.0,1.0,0.0,0.0,0.3095238095238095,0.10317460317460315,206,3
2019,서초구,방배본동,1122061,98,7,891.3,2.441917808219178,63.2,0.0,0.0,0.0,0.0,0.0,1.0,1.0,1.0,1.0,1.0,0.0,0.0,0.16666666666666669,0.05555555555555556,273,2
2019,서초구,방배1동,1122062,98,7,891.3,2.441917808219178,63.2,0.0,0.0,0.0,0.0,0.0,1.0,1.0,1.0,1.0,1.0,0.0,0.0,0.16666666666666669,0.05555555555555556,273,2
2019,서초구,방배2동,1122063,98,7,891.3,2.441917808219178,63.2,0.0,0.0,0.0,0.0,0.0,3.0,3.0,2.0,6.0,1.0,0.0,0.0,0.4642857142857143,0.15476190476190477,142,4
2019,서초구,방배3동,1122064,98,7,891.3,2.441917808219178,63.2,0.0,0.0,0.0,0.0,0.0,1.0,1.0,1.0,1.0,1.0,0.0,0.0,0.16666666666666669,0.05555555555555556,273,2
2019,서초구,방배4동,1122065,98,7,891.3,2.441917808219178,63.2,0.0,0.0,0.0,0.0,0.0,1.0,1.0,1.0,1.0,1.0,0.0,0.0,0.16666666666666669,0.05555555555555556,273,2
2019,서초구,양재1동,1122066,98,7,891.3,2.441917808219178,63.2,0.0,0.0,0.0,0.0,0.0,3.0,3.0,2.0,6.0,1.0,0.0,0.0,0.4642857142857143,0.15476190476190477,142,4
2019,서초구,양재2동,1122067,98,7,891.3,2.441917808219178,63.2,0.0,0.0,0.0,0.0,0.0,5.0,5.0,3.0,15.0,1.0,0.0,0.0,0.8095238095238095,0.2698412698412698,52,5
2019,서초구,내곡동,1122068,98,7,891.3,2.441917808219178,63.2,0.0,0.0,0.0,0.0,0.0,5.0,5.0,3.0,15.0,1.0,0.0,0.0,0.8095238095238095,0.2698412698412698,52,5
2019,강남구,신사동,1123051,98,7,891.3,2.441917808219178,63.2,0.0,0.0,0.0,0.0,0.0,5.0,5.0,3.0,15.0,1.0,0.0,0.0,0.8095238095238095,0.2698412698412698,52,5
2019,강남구,논현1동,1123052,98,7,891.3,2.441917808219178,63.2,4.0,975.9000000000001,0.26666666666666666,0.5,1.0,5.0,5.0,3.0,15.0,1.0,0.0,0.32169398522057074,0.8095238095238095,0.3770725982481267,8,5
2019,강남구,논현2동,1123053,98,7,891.3,2.441917808219178,63.2,0.0,0.0,0.0,0.0,0.0,2.0,2.0,1.5,3.0,1.0,0.0,0.0,0.3095238095238095,0.10317460317460315,206,3
2019,강남구,삼성1동,1123058,98,7,891.3,2.441917808219178,63.2,1.0,271.2,0.5,0.5,1.0,3.0,3.0,2.0,6.0,1.0,0.0,0.43104924211053364,0.4642857142857143,0.298444985465416,46,5
2019,강남구,삼성2동,1123059,98,7,891.3,2.441917808219178,63.2,0.0,0.0,0.0,0.0,0.0,2.0,2.0,1.5,3.0,1.0,0.0,0.0,0.3095238095238095,0.10317460317460315,206,3
2019,강남구,대치1동,1123060,98,7,891.3,2.441917808219178,63.2,0.0,0.0,0.0,0.0,0.0,1.0,1.0,1.0,1.0,1.0,0.0,0.0,0.16666666666666669,0.05555555555555556,273,2
2019,강남구,대치4동,1123063,98,7,891.3,2.441917808219178,63.2,1.0,184.2,0.5,0.5,1.0,3.0,3.0,2.0,6.0,1.0,0.0,0.4309517519072905,0.4642857142857143,0.2984124887310016,48,5
2019,강남구,역삼1동,1123064,98,7,891.3,2.441917808219178,63.2,0.0,0.0,0.0,0.0,0.0,5.0,5.0,3.0,15.0,1.0,0.0,0.0,0.8095238095238095,0.2698412698412698,52,5
2019,강남구,역삼2동,1123065,98,7,891.3,2.441917808219178,63.2,0.0,0.0,0.0,0.0,0.0,1.0,1.0,1.0,1.0,1.0,0.0,0.0,0.16666666666666669,0.05555555555555556,273,2
2019,강남구,도곡1동,1123066,98,7,891.3,2.441917808219178,63.2,1.0,218.0,0.1,0.1,1.0,1.0,1.0,1.0,1.0,1.0,0.0,0.0881324845543961,0.16666666666666669,0.08493305040702093,271,2
2019,강남구,도곡2동,1123067,98,7,891.3,2.441917808219178,63.2,0.0,0.0,0.0,0.0,0.0,1.0,1.0,1.0,1.0,1.0,0.0,0.0,0.16666666666666669,0.05555555555555556,273,2
2019,강남구,개포1동,1123068,98,7,891.3,2.441917808219178,63.2,0.0,0.0,0.0,0.0,0.0,2.0,2.0,1.5,3.0,1.0,0.0,0.0,0.3095238095238095,0.10317460317460315,206,3
2019,강남구,개포4동,1123071,98,7,891.3,2.441917808219178,63.2,1.0,108.0,0.5,0.5,1.0,3.0,3.0,2.0,6.0,1.0,0.0,0.43086636393617417,0.4642857142857143,0.2983840260739628,49,5
2019,강남구,일원본동,1123072,98,7,891.3,2.441917808219178,63.2,0.0,0.0,0.0,0.0,0.0,1.0,1.0,1.0,1.0,1.0,0.0,0.0,0.16666666666666669,0.05555555555555556,273,2
2019,강남구,일원1동,1123073,98,7,891.3,2.441917808219178,63.2,0.0,0.0,0.0,0.0,0.0,2.0,2.0,1.5,3.0,1.0,0.0,0.0,0.3095238095238095,0.10317460317460315,206,3
2019,강남구,일원2동,1123074,98,7,891.3,2.441917808219178,63.2,0.0,0.0,0.0,0.0,0.0,2.0,2.0,1.5,3.0,1.0,0.0,0.0,0.3095238095238095,0.10317460317460315,206,3
2019,강남구,수서동,1123075,98,7,891.3,2.441917808219178,63.2,0.0,0.0,0.0,0.0,0.0,2.0,2.0,1.5,3.0,1.0,0.0,0.0,0.3095238095238095,0.10317460317460315,206,3
2019,강남구,세곡동,1123076,98,7,891.3,2.441917808219178,63.2,1.0,315.0,0.3,0.3,1.0,2.0,2.0,1.5,3.0,1.0,0.0,0.25966975195669834,0.3095238095238095,0.18973118716016926,130,4
2019,강남구,압구정동,1123077,98,7,891.3,2.441917808219178,63.2,1.0,295.0,0.3,0.3,1.0,3.0,3.0,2.0,6.0,1.0,0.0,0.2596473404157229,0.4642857142857143,0.2413110182338124,87,4
2019,강남구,청담동,1123078,98,7,891.3,2.441917808219178,63.2,0.0,0.0,0.0,0.0,0.0,3.0,3.0,2.0,6.0,1.0,0.0,0.0,0.4642857142857143,0.15476190476190477,142,4
2019,강남구,대치2동,1123079,98,7,891.3,2.441917808219178,63.2,0.0,0.0,0.0,0.0,0.0,1.0,1.0,1.0,1.0,1.0,0.0,0.0,0.16666666666666669,0.05555555555555556,273,2
2019,강남구,개포2동,1123080,98,7,891.3,2.441917808219178,63.2,0.0,0.0,0.0,0.0,0.0,3.0,3.0,2.0,6.0,1.0,0.0,0.0,0.4642857142857143,0.15476190476190477,142,4
2019,송파구,풍납1동,1124051,98,7,891.3,2.441917808219178,63.2,0.0,0.0,0.0,0.0,0.0,2.0,2.0,1.5,3.0,1.0,0.0,0.0,0.3095238095238095,0.10317460317460315,206,3
2019,송파구,풍납2동,1124052,98,7,891.3,2.441917808219178,63.2,0.0,0.0,0.0,0.0,0.0,1.0,1.0,1.0,1.0,1.0,0.0,0.0,0.16666666666666669,0.05555555555555556,273,2
2019,송파구,거여1동,1124053,98,7,891.3,2.441917808219178,63.2,0.0,0.0,0.0,0.0,0.0,0.0,0.0,0.0,0.0,0.0,0.0,0.0,0.0,0.0,388,1
2019,송파구,거여2동,1124054,98,7,891.3,2.441917808219178,63.2,0.0,0.0,0.0,0.0,0.0,0.0,0.0,0.0,0.0,0.0,0.0,0.0,0.0,0.0,388,1
2019,송파구,마천1동,1124055,98,7,891.3,2.441917808219178,63.2,0.0,0.0,0.0,0.0,0.0,0.0,0.0,0.0,0.0,0.0,0.0,0.0,0.0,0.0,388,1
2019,송파구,마천2동,1124056,98,7,891.3,2.441917808219178,63.2,0.0,0.0,0.0,0.0,0.0,0.0,0.0,0.0,0.0,0.0,0.0,0.0,0.0,0.0,388,1
2019,송파구,방이1동,1124057,98,7,891.3,2.441917808219178,63.2,0.0,0.0,0.0,0.0,0.0,2.0,2.0,1.5,3.0,1.0,0.0,0.0,0.3095238095238095,0.10317460317460315,206,3
2019,송파구,방이2동,1124058,98,7,891.3,2.441917808219178,63.2,0.0,0.0,0.0,0.0,0.0,1.0,1.0,1.0,1.0,1.0,0.0,0.0,0.16666666666666669,0.05555555555555556,273,2
2019,송파구,오륜동,1124059,98,7,891.3,2.441917808219178,63.2,0.0,0.0,0.0,0.0,0.0,3.0,3.0,2.0,6.0,1.0,0.0,0.0,0.4642857142857143,0.15476190476190477,142,4
2019,송파구,오금동,1124060,98,7,891.3,2.441917808219178,63.2,0.0,0.0,0.0,0.0,0.0,3.0,3.0,2.0,6.0,1.0,0.0,0.0,0.4642857142857143,0.15476190476190477,142,4
2019,송파구,송파1동,1124061,98,7,891.3,2.441917808219178,63.2,0.0,0.0,0.0,0.0,0.0,3.0,3.0,2.0,6.0,1.0,0.0,0.0,0.4642857142857143,0.15476190476190477,142,4
2019,송파구,송파2동,1124062,98,7,891.3,2.441917808219178,63.2,0.0,0.0,0.0,0.0,0.0,3.0,3.0,2.0,6.0,1.0,0.0,0.0,0.4642857142857143,0.15476190476190477,142,4
2019,송파구,석촌동,1124063,98,7,891.3,2.441917808219178,63.2,0.0,0.0,0.0,0.0,0.0,1.0,1.0,1.0,1.0,1.0,0.0,0.0,0.16666666666666669,0.05555555555555556,273,2
2019,송파구,삼전동,1124064,98,7,891.3,2.441917808219178,63.2,0.0,0.0,0.0,0.0,0.0,1.0,1.0,1.0,1.0,1.0,0.0,0.0,0.16666666666666669,0.05555555555555556,273,2
2019,송파구,가락본동,1124065,98,7,891.3,2.441917808219178,63.2,0.0,0.0,0.0,0.0,0.0,1.0,1.0,1.0,1.0,1.0,0.0,0.0,0.16666666666666669,0.05555555555555556,273,2
2019,송파구,가락1동,1124066,98,7,891.3,2.441917808219178,63.2,0.0,0.0,0.0,0.0,0.0,3.0,3.0,2.0,6.0,1.0,0.0,0.0,0.4642857142857143,0.15476190476190477,142,4
2019,송파구,가락2동,1124067,98,7,891.3,2.441917808219178,63.2,0.0,0.0,0.0,0.0,0.0,1.0,1.0,1.0,1.0,1.0,0.0,0.0,0.16666666666666669,0.05555555555555556,273,2
2019,송파구,문정1동,1124068,98,7,891.3,2.441917808219178,63.2,0.0,0.0,0.0,0.0,0.0,2.0,2.0,1.5,3.0,1.0,0.0,0.0,0.3095238095238095,0.10317460317460315,206,3
2019,송파구,문정2동,1124069,98,7,891.3,2.441917808219178,63.2,0.0,0.0,0.0,0.0,0.0,4.0,4.0,2.5,10.0,1.0,0.0,0.0,0.6309523809523809,0.21031746031746032,97,4
2019,송파구,잠실본동,1124071,98,7,891.3,2.441917808219178,63.2,0.0,0.0,0.0,0.0,0.0,1.0,1.0,1.0,1.0,1.0,0.0,0.0,0.16666666666666669,0.05555555555555556,273,2
2019,송파구,잠실4동,1124075,98,7,891.3,2.441917808219178,63.2,0.0,0.0,0.0,0.0,0.0,1.0,1.0,1.0,1.0,1.0,0.0,0.0,0.16666666666666669,0.05555555555555556,273,2
2019,송파구,잠실6동,1124077,98,7,891.3,2.441917808219178,63.2,0.0,0.0,0.0,0.0,0.0,1.0,1.0,1.0,1.0,1.0,0.0,0.0,0.16666666666666669,0.05555555555555556,273,2
2019,송파구,잠실7동,1124078,98,7,891.3,2.441917808219178,63.2,0.0,0.0,0.0,0.0,0.0,0.0,0.0,0.0,0.0,0.0,0.0,0.0,0.0,0.0,388,1
2019,송파구,잠실2동,1124079,98,7,891.3,2.441917808219178,63.2,0.0,0.0,0.0,0.0,0.0,1.0,1.0,1.0,1.0,1.0,0.0,0.0,0.16666666666666669,0.05555555555555556,273,2
2019,송파구,잠실3동,1124080,98,7,891.3,2.441917808219178,63.2,0.0,0.0,0.0,0.0,0.0,1.0,1.0,1.0,1.0,1.0,0.0,0.0,0.16666666666666669,0.05555555555555556,273,2
2019,송파구,장지동,1124081,98,7,891.3,2.441917808219178,63.2,0.0,0.0,0.0,0.0,0.0,3.0,3.0,2.0,6.0,1.0,0.0,0.0,0.4642857142857143,0.15476190476190477,142,4
2019,송파구,위례동,1124082,98,7,891.3,2.441917808219178,63.2,0.0,0.0,0.0,0.0,0.0,0.0,0.0,0.0,0.0,0.0,0.0,0.0,0.0,0.0,388,1
2019,강동구,강일동,1125051,98,7,891.3,2.441917808219178,63.2,2.0,660.0,0.3,0.3,1.0,2.0,2.0,1.5,3.0,1.0,0.0,0.2622302640820027,0.3095238095238095,0.1905846912019374,127,4
2019,강동구,상일동,1125052,98,7,891.3,2.441917808219178,63.2,0.0,0.0,0.0,0.0,0.0,3.0,3.0,2.0,6.0,1.0,0.0,0.0,0.4642857142857143,0.15476190476190477,142,4
2019,강동구,명일1동,1125053,98,7,891.3,2.441917808219178,63.2,0.0,0.0,0.0,0.0,0.0,2.0,2.0,1.5,3.0,1.0,0.0,0.0,0.3095238095238095,0.10317460317460315,206,3
2019,강동구,명일2동,1125054,98,7,891.3,2.441917808219178,63.2,0.0,0.0,0.0,0.0,0.0,2.0,2.0,1.5,3.0,1.0,0.0,0.0,0.3095238095238095,0.10317460317460315,206,3
2019,강동구,고덕1동,1125055,98,7,891.3,2.441917808219178,63.2,1.0,227.6,0.5,0.5,1.0,3.0,3.0,2.0,6.0,1.0,0.0,0.4310003849512072,0.4642857142857143,0.2984286997456405,47,5
2019,강동구,고덕2동,1125056,98,7,891.3,2.441917808219178,63.2,6.0,1159.3,0.3,0.3,1.0,3.0,3.0,2.0,6.0,1.0,0.0,0.27148542037636714,0.4642857142857143,0.24525704488736047,83,5
2019,강동구,암사2동,1125058,98,7,891.3,2.441917808219178,63.2,0.0,0.0,0.0,0.0,0.0,1.0,1.0,1.0,1.0,1.0,0.0,0.0,0.16666666666666669,0.05555555555555556,273,2
2019,강동구,암사3동,1125059,98,7,891.3,2.441917808219178,63.2,0.0,0.0,0.0,0.0,0.0,3.0,3.0,2.0,6.0,1.0,0.0,0.0,0.4642857142857143,0.15476190476190477,142,4
2019,강동구,천호1동,1125061,98,7,891.3,2.441917808219178,63.2,2.0,445.90000000000003,0.2,0.3,1.0,1.0,1.0,1.0,1.0,1.0,0.0,0.21199034853586074,0.16666666666666669,0.12621900506750913,205,3
2019,강동구,천호3동,1125063,98,7,891.3,2.441917808219178,63.2,0.0,0.0,0.0,0.0,0.0,2.0,2.0,1.5,3.0,1.0,0.0,0.0,0.3095238095238095,0.10317460317460315,206,3
2019,강동구,성내1동,1125065,98,7,891.3,2.441917808219178,63.2,0.0,0.0,0.0,0.0,0.0,1.0,1.0,1.0,1.0,1.0,0.0,0.0,0.16666666666666669,0.05555555555555556,273,2
2019,강동구,성내2동,1125066,98,7,891.3,2.441917808219178,63.2,3.0,361.0,0.3666666666666667,0.5,1.0,1.0,1.0,1.0,1.0,1.0,0.0,0.3688310293498031,0.16666666666666669,0.17849923200548992,139,4
2019,강동구,성내3동,1125067,98,7,891.3,2.441917808219178,63.2,0.0,0.0,0.0,0.0,0.0,1.0,1.0,1.0,1.0,1.0,0.0,0.0,0.16666666666666669,0.05555555555555556,273,2
2019,강동구,둔촌1동,1125070,98,7,891.3,2.441917808219178,63.2,0.0,0.0,0.0,0.0,0.0,1.0,1.0,1.0,1.0,1.0,0.0,0.0,0.16666666666666669,0.05555555555555556,273,2
2019,강동구,둔촌2동,1125071,98,7,891.3,2.441917808219178,63.2,1.0,641.0,0.3,0.3,1.0,1.0,1.0,1.0,1.0,1.0,0.0,0.26003506007459776,0.16666666666666669,0.14223390891375481,196,3
2019,강동구,암사1동,1125072,98,7,891.3,2.441917808219178,63.2,1.0,168.9,0.3,0.3,1.0,1.0,1.0,1.0,1.0,1.0,0.0,0.25950603564987285,0.16666666666666669,0.1420575674388465,198,3
2019,강동구,천호2동,1125073,98,7,891.3,2.441917808219178,63.2,4.0,734.4,0.4,0.5,1.0,2.0,2.0,1.5,3.0,1.0,0.0,0.3880900325299592,0.3095238095238095,0.23253794735125624,92,4
2019,강동구,길동,1125074,98,7,891.3,2.441917808219178,63.2,0.0,0.0,0.0,0.0,0.0,3.0,3.0,2.0,6.0,1.0,0.0,0.0,0.4642857142857143,0.15476190476190477,142,4
2019,구로구,오류2동,1117073,98,7,891.3,2.441917808219178,63.2,0.0,0.0,0.0,0.0,0.0,5.0,5.0,3.0,15.0,1.0,0.0,0.0,0.8095238095238095,0.2698412698412698,52,5
2020,종로구,사직동,1101053,106,20,1651.1,4.511202185792349,103.1,1.0,66.1,0.3,0.3,1.0,3.0,3.0,2.0,6.0,1.0,0.8552631578947368,0.2593908403292592,0.4642857142857143,0.5263132375032368,96,4
2020,종로구,삼청동,1101054,106,20,1651.1,4.511202185792349,103.1,0.0,0.0,0.0,0.0,0.0,1.0,1.0,1.0,1.0,1.0,0.8552631578947368,0.0,0.16666666666666669,0.34064327485380114,284,1
2020,종로구,부암동,1101055,106,20,1651.1,4.511202185792349,103.1,0.0,0.0,0.0,0.0,0.0,4.0,4.0,2.5,10.0,1.0,0.8552631578947368,0.0,0.6309523809523809,0.4954051796157059,108,4
2020,종로구,평창동,1101056,106,20,1651.1,4.511202185792349,103.1,0.0,0.0,0.0,0.0,0.0,3.0,3.0,2.0,6.0,1.0,0.8552631578947368,0.0,0.4642857142857143,0.4398496240601504,160,3
2020,종로구,무악동,1101057,106,20,1651.1,4.511202185792349,103.1,0.0,0.0,0.0,0.0,0.0,0.0,0.0,0.0,0.0,0.0,0.8552631578947368,0.0,0.0,0.2850877192982456,391,1
2020,종로구,교남동,1101058,106,20,1651.1,4.511202185792349,103.1,0.0,0.0,0.0,0.0,0.0,0.0,0.0,0.0,0.0,0.0,0.8552631578947368,0.0,0.0,0.2850877192982456,391,1
2020,종로구,가회동,1101060,106,20,1651.1,4.511202185792349,103.1,1.0,193.7,0.3,0.3,1.0,4.0,4.0,2.5,10.0,1.0,0.8552631578947368,0.2595338259606824,0.6309523809523809,0.5819164549359334,52,5
2020,종로구,종로1·2·3·4가동,1101061,106,20,1651.1,4.511202185792349,103.1,0.0,0.0,0.0,0.0,0.0,3.0,3.0,2.0,6.0,1.0,0.8552631578947368,0.0,0.4642857142857143,0.4398496240601504,160,3
2020,종로구,종로5·6가동,1101063,106,20,1651.1,4.511202185792349,103.1,1.0,49.6,0.3,0.3,1.0,2.0,2.0,1.5,3.0,1.0,0.8552631578947368,0.25937235080795445,0.3095238095238095,0.474719772742167,146,4
2020,종로구,이화동,1101064,106,20,1651.1,4.511202185792349,103.1,0.0,0.0,0.0,0.0,0.0,2.0,2.0,1.5,3.0,1.0,0.8552631578947368,0.0,0.3095238095238095,0.38826232247284875,219,2
2020,종로구,창신1동,1101067,106,20,1651.1,4.511202185792349,103.1,0.0,0.0,0.0,0.0,0.0,2.0,2.0,1.5,3.0,1.0,0.8552631578947368,0.0,0.3095238095238095,0.38826232247284875,219,2
2020,종로구,창신2동,1101068,106,20,1651.1,4.511202185792349,103.1,0.0,0.0,0.0,0.0,0.0,1.0,1.0,1.0,1.0,1.0,0.8552631578947368,0.0,0.16666666666666669,0.34064327485380114,284,1
2020,종로구,창신3동,1101069,106,20,1651.1,4.511202185792349,103.1,0.0,0.0,0.0,0.0,0.0,0.0,0.0,0.0,0.0,0.0,0.8552631578947368,0.0,0.0,0.2850877192982456,391,1
2020,종로구,숭인1동,1101070,106,20,1651.1,4.511202185792349,103.1,0.0,0.0,0.0,0.0,0.0,1.0,1.0,1.0,1.0,1.0,0.8552631578947368,0.0,0.16666666666666669,0.34064327485380114,284,1
2020,종로구,숭인2동,1101071,106,20,1651.1,4.511202185792349,103.1,0.0,0.0,0.0,0.0,0.0,2.0,2.0,1.5,3.0,1.0,0.8552631578947368,0.0,0.3095238095238095,0.38826232247284875,219,2
2020,종로구,청운효자동,1101072,106,20,1651.1,4.511202185792349,103.1,0.0,0.0,0.0,0.0,0.0,6.0,6.0,3.5,21.0,1.0,0.8552631578947368,0.0,1.0,0.6184210526315789,22,5
2020,종로구,혜화동,1101073,106,20,1651.1,4.511202185792349,103.1,0.0,0.0,0.0,0.0,0.0,3.0,3.0,2.0,6.0,1.0,0.8552631578947368,0.0,0.4642857142857143,0.4398496240601504,160,3
2020,중구,소공동,1102052,106,20,1651.1,4.511202185792349,103.1,0.0,0.0,0.0,0.0,0.0,2.0,2.0,1.5,3.0,1.0,0.8552631578947368,0.0,0.3095238095238095,0.38826232247284875,219,2
2020,중구,회현동,1102054,106,20,1651.1,4.511202185792349,103.1,0.0,0.0,0.0,0.0,0.0,1.0,1.0,1.0,1.0,1.0,0.8552631578947368,0.0,0.16666666666666669,0.34064327485380114,284,1
2020,중구,명동,1102055,106,20,1651.1,4.511202185792349,103.1,0.0,0.0,0.0,0.0,0.0,3.0,3.0,2.0,6.0,1.0,0.8552631578947368,0.0,0.4642857142857143,0.4398496240601504,160,3
2020,중구,필동,1102057,106,20,1651.1,4.511202185792349,103.1,0.0,0.0,0.0,0.0,0.0,2.0,2.0,1.5,3.0,1.0,0.8552631578947368,0.0,0.3095238095238095,0.38826232247284875,219,2
2020,중구,장충동,1102058,106,20,1651.1,4.511202185792349,103.1,0.0,0.0,0.0,0.0,0.0,4.0,4.0,2.5,10.0,1.0,0.8552631578947368,0.0,0.6309523809523809,0.4954051796157059,108,4
2020,중구,광희동,1102059,106,20,1651.1,4.511202185792349,103.1,0.0,0.0,0.0,0.0,0.0,6.0,6.0,3.5,21.0,1.0,0.8552631578947368,0.0,1.0,0.6184210526315789,22,5
2020,중구,을지로동,1102060,106,20,1651.1,4.511202185792349,103.1,0.0,0.0,0.0,0.0,0.0,2.0,2.0,1.5,3.0,1.0,0.8552631578947368,0.0,0.3095238095238095,0.38826232247284875,219,2
2020,중구,신당5동,1102065,106,20,1651.1,4.511202185792349,103.1,0.0,0.0,0.0,0.0,0.0,2.0,2.0,1.5,3.0,1.0,0.8552631578947368,0.0,0.3095238095238095,0.38826232247284875,219,2
2020,중구,황학동,1102067,106,20,1651.1,4.511202185792349,103.1,0.0,0.0,0.0,0.0,0.0,5.0,6.0,3.4,17.0,1.0,0.8552631578947368,0.0,0.9035714285714287,0.5862781954887218,41,5
2020,중구,중림동,1102068,106,20,1651.1,4.511202185792349,103.1,0.0,0.0,0.0,0.0,0.0,0.0,0.0,0.0,0.0,0.0,0.8552631578947368,0.0,0.0,0.2850877192982456,391,1
2020,중구,신당동,1102069,106,20,1651.1,4.511202185792349,103.1,0.0,0.0,0.0,0.0,0.0,4.0,4.0,2.5,10.0,1.0,0.8552631578947368,0.0,0.6309523809523809,0.4954051796157059,108,4
2020,중구,다산동,1102070,106,20,1651.1,4.511202185792349,103.1,0.0,0.0,0.0,0.0,0.0,2.0,2.0,1.5,3.0,1.0,0.8552631578947368,0.0,0.3095238095238095,0.38826232247284875,219,2
2020,중구,약수동,1102071,106,20,1651.1,4.511202185792349,103.1,0.0,0.0,0.0,0.0,0.0,2.0,2.0,1.5,3.0,1.0,0.8552631578947368,0.0,0.3095238095238095,0.38826232247284875,219,2
2020,중구,청구동,1102072,106,20,1651.1,4.511202185792349,103.1,0.0,0.0,0.0,0.0,0.0,2.0,2.0,1.5,3.0,1.0,0.8552631578947368,0.0,0.3095238095238095,0.38826232247284875,219,2
2020,중구,동화동,1102073,106,20,1651.1,4.511202185792349,103.1,0.0,0.0,0.0,0.0,0.0,2.0,2.0,1.5,3.0,1.0,0.8552631578947368,0.0,0.3095238095238095,0.38826232247284875,219,2
2020,용산구,후암동,1103051,106,20,1651.1,4.511202185792349,103.1,0.0,0.0,0.0,0.0,0.0,2.0,2.0,1.5,3.0,1.0,0.8552631578947368,0.0,0.3095238095238095,0.38826232247284875,219,2
2020,용산구,용산2가동,1103052,106,20,1651.1,4.511202185792349,103.1,0.0,0.0,0.0,0.0,0.0,3.0,3.0,2.0,6.0,1.0,0.8552631578947368,0.0,0.4642857142857143,0.4398496240601504,160,3
2020,용산구,남영동,1103053,106,20,1651.1,4.511202185792349,103.1,0.0,0.0,0.0,0.0,0.0,2.0,2.0,1.5,3.0,1.0,0.8552631578947368,0.0,0.3095238095238095,0.38826232247284875,219,2
2020,용산구,원효로2동,1103057,106,20,1651.1,4.511202185792349,103.1,0.0,0.0,0.0,0.0,0.0,5.0,5.0,3.0,15.0,1.0,0.8552631578947368,0.0,0.8095238095238095,0.5549289891395155,60,5
2020,용산구,효창동,1103058,106,20,1651.1,4.511202185792349,103.1,0.0,0.0,0.0,0.0,0.0,1.0,1.0,1.0,1.0,1.0,0.8552631578947368,0.0,0.16666666666666669,0.34064327485380114,284,1
2020,용산구,용문동,1103059,106,20,1651.1,4.511202185792349,103.1,0.0,0.0,0.0,0.0,0.0,2.0,2.0,1.5,3.0,1.0,0.8552631578947368,0.0,0.3095238095238095,0.38826232247284875,219,2
2020,용산구,이촌1동,1103063,106,20,1651.1,4.511202185792349,103.1,0.0,0.0,0.0,0.0,0.0,5.0,6.0,3.2,16.0,1.0,0.8552631578947368,0.0,0.8773809523809524,0.577548036758563,55,5
2020,용산구,이촌2동,1103064,106,20,1651.1,4.511202185792349,103.1,0.0,0.0,0.0,0.0,0.0,0.0,0.0,0.0,0.0,0.0,0.8552631578947368,0.0,0.0,0.2850877192982456,391,1
2020,용산구,이태원1동,1103065,106,20,1651.1,4.511202185792349,103.1,0.0,0.0,0.0,0.0,0.0,3.0,3.0,2.0,6.0,1.0,0.8552631578947368,0.0,0.4642857142857143,0.4398496240601504,160,3
2020,용산구,이태원2동,1103066,106,20,1651.1,4.511202185792349,103.1,0.0,0.0,0.0,0.0,0.0,3.0,3.0,2.0,6.0,1.0,0.8552631578947368,0.0,0.4642857142857143,0.4398496240601504,160,3
2020,용산구,서빙고동,1103069,106,20,1651.1,4.511202185792349,103.1,0.0,0.0,0.0,0.0,0.0,6.0,6.0,3.5,21.0,1.0,0.8552631578947368,0.0,1.0,0.6184210526315789,22,5
2020,용산구,보광동,1103070,106,20,1651.1,4.511202185792349,103.1,0.0,0.0,0.0,0.0,0.0,6.0,6.0,3.5,21.0,1.0,0.8552631578947368,0.0,1.0,0.6184210526315789,22,5
2020,용산구,청파동,1103071,106,20,1651.1,4.511202185792349,103.1,0.0,0.0,0.0,0.0,0.0,0.0,0.0,0.0,0.0,0.0,0.8552631578947368,0.0,0.0,0.2850877192982456,391,1
2020,용산구,원효로1동,1103072,106,20,1651.1,4.511202185792349,103.1,0.0,0.0,0.0,0.0,0.0,2.0,2.0,1.5,3.0,1.0,0.8552631578947368,0.0,0.3095238095238095,0.38826232247284875,219,2
2020,용산구,한강로동,1103073,106,20,1651.1,4.511202185792349,103.1,0.0,0.0,0.0,0.0,0.0,6.0,6.0,3.5,21.0,1.0,0.8552631578947368,0.0,1.0,0.6184210526315789,22,5
2020,용산구,한남동,1103074,106,20,1651.1,4.511202185792349,103.1,0.0,0.0,0.0,0.0,0.0,6.0,6.0,3.5,21.0,1.0,0.8552631578947368,0.0,1.0,0.6184210526315789,22,5
2020,성동구,왕십리2동,1104052,106,20,1651.1,4.511202185792349,103.1,0.0,0.0,0.0,0.0,0.0,1.0,1.0,1.0,1.0,1.0,0.8552631578947368,0.0,0.16666666666666669,0.34064327485380114,284,1
2020,성동구,마장동,1104054,106,20,1651.1,4.511202185792349,103.1,0.0,0.0,0.0,0.0,0.0,5.0,5.0,3.0,15.0,1.0,0.8552631578947368,0.0,0.8095238095238095,0.5549289891395155,60,5
2020,성동구,사근동,1104055,106,20,1651.1,4.511202185792349,103.1,0.0,0.0,0.0,0.0,0.0,2.0,2.0,1.5,3.0,1.0,0.8552631578947368,0.0,0.3095238095238095,0.38826232247284875,219,2
2020,성동구,행당1동,1104056,106,20,1651.1,4.511202185792349,103.1,0.0,0.0,0.0,0.0,0.0,4.0,4.0,2.5,10.0,1.0,0.8552631578947368,0.0,0.6309523809523809,0.4954051796157059,108,4
2020,성동구,행당2동,1104057,106,20,1651.1,4.511202185792349,103.1,0.0,0.0,0.0,0.0,0.0,1.0,1.0,1.0,1.0,1.0,0.8552631578947368,0.0,0.16666666666666669,0.34064327485380114,284,1
2020,성동구,응봉동,1104058,106,20,1651.1,4.511202185792349,103.1,0.0,0.0,0.0,0.0,0.0,2.0,2.0,1.5,3.0,1.0,0.8552631578947368,0.0,0.3095238095238095,0.38826232247284875,219,2
2020,성동구,금호1가동,1104059,106,20,1651.1,4.511202185792349,103.1,0.0,0.0,0.0,0.0,0.0,6.0,6.0,3.5,21.0,1.0,0.8552631578947368,0.0,1.0,0.6184210526315789,22,5
2020,성동구,금호4가동,1104062,106,20,1651.1,4.511202185792349,103.1,0.0,0.0,0.0,0.0,0.0,6.0,6.0,3.5,21.0,1.0,0.8552631578947368,0.0,1.0,0.6184210526315789,22,5
2020,성동구,성수1가1동,1104065,106,20,1651.1,4.511202185792349,103.1,0.0,0.0,0.0,0.0,0.0,1.0,1.0,1.0,1.0,1.0,0.8552631578947368,0.0,0.16666666666666669,0.34064327485380114,284,1
2020,성동구,성수1가2동,1104066,106,20,1651.1,4.511202185792349,103.1,0.0,0.0,0.0,0.0,0.0,1.0,1.0,1.0,1.0,1.0,0.8552631578947368,0.0,0.16666666666666669,0.34064327485380114,284,1
2020,성동구,성수2가1동,1104067,106,20,1651.1,4.511202185792349,103.1,0.0,0.0,0.0,0.0,0.0,2.0,2.0,1.5,3.0,1.0,0.8552631578947368,0.0,0.3095238095238095,0.38826232247284875,219,2
2020,성동구,성수2가3동,1104068,106,20,1651.1,4.511202185792349,103.1,0.0,0.0,0.0,0.0,0.0,2.0,2.0,1.5,3.0,1.0,0.8552631578947368,0.0,0.3095238095238095,0.38826232247284875,219,2
2020,성동구,송정동,1104069,106,20,1651.1,4.511202185792349,103.1,0.0,0.0,0.0,0.0,0.0,3.0,3.0,2.0,6.0,1.0,0.8552631578947368,0.0,0.4642857142857143,0.4398496240601504,160,3
2020,성동구,용답동,1104070,106,20,1651.1,4.511202185792349,103.1,0.0,0.0,0.0,0.0,0.0,2.0,2.0,1.5,3.0,1.0,0.8552631578947368,0.0,0.3095238095238095,0.38826232247284875,219,2
2020,성동구,왕십리도선동,1104071,106,20,1651.1,4.511202185792349,103.1,0.0,0.0,0.0,0.0,0.0,3.0,3.0,2.0,6.0,1.0,0.8552631578947368,0.0,0.4642857142857143,0.4398496240601504,160,3
2020,성동구,금호2·3가동,1104072,106,20,1651.1,4.511202185792349,103.1,0.0,0.0,0.0,0.0,0.0,3.0,3.0,2.0,6.0,1.0,0.8552631578947368,0.0,0.4642857142857143,0.4398496240601504,160,3
2020,성동구,옥수동,1104073,106,20,1651.1,4.511202185792349,103.1,0.0,0.0,0.0,0.0,0.0,5.0,5.0,3.0,15.0,1.0,0.8552631578947368,0.0,0.8095238095238095,0.5549289891395155,60,5
2020,광진구,화양동,1105053,106,20,1651.1,4.511202185792349,103.1,0.0,0.0,0.0,0.0,0.0,2.0,2.0,1.5,3.0,1.0,0.8552631578947368,0.0,0.3095238095238095,0.38826232247284875,219,2
2020,광진구,군자동,1105054,106,20,1651.1,4.511202185792349,103.1,0.0,0.0,0.0,0.0,0.0,3.0,3.0,2.0,6.0,1.0,0.8552631578947368,0.0,0.4642857142857143,0.4398496240601504,160,3
2020,광진구,중곡1동,1105055,106,20,1651.1,4.511202185792349,103.1,0.0,0.0,0.0,0.0,0.0,6.0,6.0,3.5,21.0,1.0,0.8552631578947368,0.0,1.0,0.6184210526315789,22,5
2020,광진구,중곡2동,1105056,106,20,1651.1,4.511202185792349,103.1,0.0,0.0,0.0,0.0,0.0,1.0,1.0,1.0,1.0,1.0,0.8552631578947368,0.0,0.16666666666666669,0.34064327485380114,284,1
2020,광진구,중곡3동,1105057,106,20,1651.1,4.511202185792349,103.1,0.0,0.0,0.0,0.0,0.0,3.0,3.0,2.0,6.0,1.0,0.8552631578947368,0.0,0.4642857142857143,0.4398496240601504,160,3
2020,광진구,중곡4동,1105058,106,20,1651.1,4.511202185792349,103.1,0.0,0.0,0.0,0.0,0.0,1.0,1.0,1.0,1.0,1.0,0.8552631578947368,0.0,0.16666666666666669,0.34064327485380114,284,1
2020,광진구,능동,1105059,106,20,1651.1,4.511202185792349,103.1,0.0,0.0,0.0,0.0,0.0,2.0,2.0,1.5,3.0,1.0,0.8552631578947368,0.0,0.3095238095238095,0.38826232247284875,219,2
2020,광진구,구의1동,1105060,106,20,1651.1,4.511202185792349,103.1,0.0,0.0,0.0,0.0,0.0,2.0,2.0,1.5,3.0,1.0,0.8552631578947368,0.0,0.3095238095238095,0.38826232247284875,219,2
2020,광진구,구의2동,1105061,106,20,1651.1,4.511202185792349,103.1,0.0,0.0,0.0,0.0,0.0,2.0,2.0,1.5,3.0,1.0,0.8552631578947368,0.0,0.3095238095238095,0.38826232247284875,219,2
2020,광진구,구의3동,1105062,106,20,1651.1,4.511202185792349,103.1,0.0,0.0,0.0,0.0,0.0,3.0,3.0,2.0,6.0,1.0,0.8552631578947368,0.0,0.4642857142857143,0.4398496240601504,160,3
2020,광진구,광장동,1105063,106,20,1651.1,4.511202185792349,103.1,0.0,0.0,0.0,0.0,0.0,6.0,6.0,3.5,21.0,1.0,0.8552631578947368,0.0,1.0,0.6184210526315789,22,5
2020,광진구,자양1동,1105064,106,20,1651.1,4.511202185792349,103.1,0.0,0.0,0.0,0.0,0.0,2.0,2.0,1.5,3.0,1.0,0.8552631578947368,0.0,0.3095238095238095,0.38826232247284875,219,3
2020,광진구,자양2동,1105065,106,20,1651.1,4.511202185792349,103.1,0.0,0.0,0.0,0.0,0.0,6.0,6.0,3.5,21.0,1.0,0.8552631578947368,0.0,1.0,0.6184210526315789,22,5
2020,광진구,자양3동,1105066,106,20,1651.1,4.511202185792349,103.1,0.0,0.0,0.0,0.0,0.0,2.0,2.0,1.5,3.0,1.0,0.8552631578947368,0.0,0.3095238095238095,0.38826232247284875,219,3
2020,광진구,자양4동,1105067,106,20,1651.1,4.511202185792349,103.1,0.0,0.0,0.0,0.0,0.0,2.0,2.0,1.5,3.0,1.0,0.8552631578947368,0.0,0.3095238095238095,0.38826232247284875,219,3
2020,동대문구,회기동,1106071,106,20,1651.1,4.511202185792349,103.1,0.0,0.0,0.0,0.0,0.0,1.0,1.0,1.0,1.0,1.0,0.8552631578947368,0.0,0.16666666666666669,0.34064327485380114,284,1
2020,동대문구,휘경1동,1106072,106,20,1651.1,4.511202185792349,103.1,1.0,102.0,0.5,0.5,1.0,0.0,0.0,0.0,0.0,0.0,0.8552631578947368,0.4308596404738815,0.0,0.4287075994562061,205,3
2020,동대문구,휘경2동,1106073,106,20,1651.1,4.511202185792349,103.1,13.0,2427.0,0.4409090909090909,0.5,1.0,2.0,2.0,1.5,3.0,1.0,0.8552631578947368,0.4300064840885591,0.3095238095238095,0.5315978171690351,89,4
2020,동대문구,청량리동,1106080,106,20,1651.1,4.511202185792349,103.1,0.0,0.0,0.0,0.0,0.0,1.0,1.0,1.0,1.0,1.0,0.8552631578947368,0.0,0.16666666666666669,0.34064327485380114,284,1
2020,동대문구,용신동,1106081,106,20,1651.1,4.511202185792349,103.1,0.0,0.0,0.0,0.0,0.0,5.0,5.0,3.0,15.0,1.0,0.8552631578947368,0.0,0.8095238095238095,0.5549289891395155,60,5
2020,동대문구,제기동,1106082,106,20,1651.1,4.511202185792349,103.1,0.0,0.0,0.0,0.0,0.0,4.0,4.0,2.5,10.0,1.0,0.8552631578947368,0.0,0.6309523809523809,0.4954051796157059,108,4
2020,동대문구,전농1동,1106083,106,20,1651.1,4.511202185792349,103.1,1.0,335.0,0.3,0.3,1.0,6.0,6.0,3.5,21.0,1.0,0.8552631578947368,0.25969216349767377,1.0,0.7049851071308035,7,5
2020,동대문구,전농2동,1106084,106,20,1651.1,4.511202185792349,103.1,0.0,0.0,0.0,0.0,0.0,6.0,6.0,3.5,21.0,1.0,0.8552631578947368,0.0,1.0,0.6184210526315789,22,5
2020,동대문구,답십리2동,1106086,106,20,1651.1,4.511202185792349,103.1,1.0,116.0,0.3,0.3,1.0,6.0,6.0,3.5,21.0,1.0,0.8552631578947368,0.2594467571239929,1.0,0.7049033050062432,9,5
2020,동대문구,장안1동,1106087,106,20,1651.1,4.511202185792349,103.1,2.0,990.8,0.4,0.5,1.0,6.0,6.0,3.5,21.0,1.0,0.8552631578947368,0.38402952239830757,1.0,0.7464308934310148,5,5
2020,동대문구,장안2동,1106088,106,20,1651.1,4.511202185792349,103.1,0.0,0.0,0.0,0.0,0.0,6.0,6.0,3.5,21.0,1.0,0.8552631578947368,0.0,1.0,0.6184210526315789,22,5
2020,동대문구,이문1동,1106089,106,20,1651.1,4.511202185792349,103.1,0.0,0.0,0.0,0.0,0.0,1.0,1.0,1.0,1.0,1.0,0.8552631578947368,0.0,0.16666666666666669,0.34064327485380114,284,1
2020,동대문구,이문2동,1106090,106,20,1651.1,4.511202185792349,103.1,0.0,0.0,0.0,0.0,0.0,2.0,2.0,1.5,3.0,1.0,0.8552631578947368,0.0,0.3095238095238095,0.38826232247284875,219,3
2020,동대문구,답십리1동,1106091,106,20,1651.1,4.511202185792349,103.1,2.0,503.3,0.5,0.5,1.0,6.0,6.0,3.5,21.0,1.0,0.8552631578947368,0.4334832410870316,1.0,0.762915466327256,4,5
2020,중랑구,면목2동,1107052,106,20,1651.1,4.511202185792349,103.1,0.0,0.0,0.0,0.0,0.0,2.0,2.0,1.5,3.0,1.0,0.8552631578947368,0.0,0.3095238095238095,0.38826232247284875,219,3
2020,중랑구,면목4동,1107054,106,20,1651.1,4.511202185792349,103.1,0.0,0.0,0.0,0.0,0.0,5.0,5.0,3.0,15.0,1.0,0.8552631578947368,0.0,0.8095238095238095,0.5549289891395155,60,5
2020,중랑구,면목5동,1107055,106,20,1651.1,4.511202185792349,103.1,0.0,0.0,0.0,0.0,0.0,1.0,1.0,1.0,1.0,1.0,0.8552631578947368,0.0,0.16666666666666669,0.34064327485380114,284,1
2020,중랑구,면목7동,1107057,106,20,1651.1,4.511202185792349,103.1,0.0,0.0,0.0,0.0,0.0,0.0,0.0,0.0,0.0,0.0,0.8552631578947368,0.0,0.0,0.2850877192982456,391,1
2020,중랑구,상봉1동,1107059,106,20,1651.1,4.511202185792349,103.1,0.0,0.0,0.0,0.0,0.0,4.0,4.0,2.5,10.0,1.0,0.8552631578947368,0.0,0.6309523809523809,0.4954051796157059,108,4
2020,중랑구,상봉2동,1107060,106,20,1651.1,4.511202185792349,103.1,0.0,0.0,0.0,0.0,0.0,2.0,2.0,1.5,3.0,1.0,0.8552631578947368,0.0,0.3095238095238095,0.38826232247284875,219,3
2020,중랑구,중화1동,1107061,106,20,1651.1,4.511202185792349,103.1,0.0,0.0,0.0,0.0,0.0,2.0,2.0,1.5,3.0,1.0,0.8552631578947368,0.0,0.3095238095238095,0.38826232247284875,219,3
2020,중랑구,중화2동,1107062,106,20,1651.1,4.511202185792349,103.1,0.0,0.0,0.0,0.0,0.0,1.0,1.0,1.0,1.0,1.0,0.8552631578947368,0.0,0.16666666666666669,0.34064327485380114,284,1
2020,중랑구,묵1동,1107064,106,20,1651.1,4.511202185792349,103.1,0.0,0.0,0.0,0.0,0.0,4.0,4.0,2.5,10.0,1.0,0.8552631578947368,0.0,0.6309523809523809,0.4954051796157059,108,4
2020,중랑구,묵2동,1107065,106,20,1651.1,4.511202185792349,103.1,0.0,0.0,0.0,0.0,0.0,1.0,1.0,1.0,1.0,1.0,0.8552631578947368,0.0,0.16666666666666669,0.34064327485380114,284,1
2020,중랑구,망우3동,1107068,106,20,1651.1,4.511202185792349,103.1,0.0,0.0,0.0,0.0,0.0,2.0,2.0,1.5,3.0,1.0,0.8552631578947368,0.0,0.3095238095238095,0.38826232247284875,219,3
2020,중랑구,신내1동,1107069,106,20,1651.1,4.511202185792349,103.1,0.0,0.0,0.0,0.0,0.0,6.0,6.0,3.5,21.0,1.0,0.8552631578947368,0.0,1.0,0.6184210526315789,22,5
2020,중랑구,신내2동,1107070,106,20,1651.1,4.511202185792349,103.1,0.0,0.0,0.0,0.0,0.0,6.0,6.0,3.5,21.0,1.0,0.8552631578947368,0.0,1.0,0.6184210526315789,22,5
2020,중랑구,면목본동,1107071,106,20,1651.1,4.511202185792349,103.1,0.0,0.0,0.0,0.0,0.0,1.0,1.0,1.0,1.0,1.0,0.8552631578947368,0.0,0.16666666666666669,0.34064327485380114,284,1
2020,중랑구,면목3·8동,1107072,106,20,1651.1,4.511202185792349,103.1,0.0,0.0,0.0,0.0,0.0,0.0,0.0,0.0,0.0,0.0,0.8552631578947368,0.0,0.0,0.2850877192982456,391,1
2020,중랑구,망우본동,1107073,106,20,1651.1,4.511202185792349,103.1,0.0,0.0,0.0,0.0,0.0,3.0,3.0,2.0,6.0,1.0,0.8552631578947368,0.0,0.4642857142857143,0.4398496240601504,160,3
2020,성북구,돈암1동,1108058,106,20,1651.1,4.511202185792349,103.1,0.0,0.0,0.0,0.0,0.0,0.0,0.0,0.0,0.0,0.0,0.8552631578947368,0.0,0.0,0.2850877192982456,391,1
2020,성북구,돈암2동,1108059,106,20,1651.1,4.511202185792349,103.1,0.0,0.0,0.0,0.0,0.0,0.0,0.0,0.0,0.0,0.0,0.8552631578947368,0.0,0.0,0.2850877192982456,391,1
2020,성북구,안암동,1108060,106,20,1651.1,4.511202185792349,103.1,0.0,0.0,0.0,0.0,0.0,2.0,2.0,1.5,3.0,1.0,0.8552631578947368,0.0,0.3095238095238095,0.38826232247284875,219,3
2020,성북구,보문동,1108061,106,20,1651.1,4.511202185792349,103.1,2.0,137.84,0.1,0.1,1.0,2.0,2.0,1.5,3.0,1.0,0.8552631578947368,0.09021657214164486,0.3095238095238095,0.41833451318673043,215,3
2020,성북구,정릉1동,1108062,106,20,1651.1,4.511202185792349,103.1,0.0,0.0,0.0,0.0,0.0,0.0,0.0,0.0,0.0,0.0,0.8552631578947368,0.0,0.0,0.2850877192982456,391,1
2020,성북구,정릉2동,1108063,106,20,1651.1,4.511202185792349,103.1,1.0,63.95,0.1,0.1,1.0,3.0,3.0,2.0,6.0,1.0,0.8552631578947368,0.08795985966003289,0.4642857142857143,0.4691695772801614,154,4
2020,성북구,정릉3동,1108064,106,20,1651.1,4.511202185792349,103.1,6.0,679.94,0.1,0.1,1.0,6.0,6.0,3.5,21.0,1.0,0.8552631578947368,0.09951968913369677,1.0,0.6515942823428112,15,5
2020,성북구,정릉4동,1108065,106,20,1651.1,4.511202185792349,103.1,0.0,0.0,0.0,0.0,0.0,4.0,5.0,3.5,14.0,1.0,0.8552631578947368,0.0,0.7916666666666666,0.5489766081871345,87,4
2020,성북구,길음1동,1108066,106,20,1651.1,4.511202185792349,103.1,0.0,0.0,0.0,0.0,0.0,2.0,2.0,1.5,3.0,1.0,0.8552631578947368,0.0,0.3095238095238095,0.38826232247284875,219,3
2020,성북구,길음2동,1108068,106,20,1651.1,4.511202185792349,103.1,0.0,0.0,0.0,0.0,0.0,1.0,1.0,1.0,1.0,1.0,0.8552631578947368,0.0,0.16666666666666669,0.34064327485380114,284,1
2020,성북구,월곡1동,1108071,106,20,1651.1,4.511202185792349,103.1,0.0,0.0,0.0,0.0,0.0,2.0,2.0,1.5,3.0,1.0,0.8552631578947368,0.0,0.3095238095238095,0.38826232247284875,219,3
2020,성북구,월곡2동,1108072,106,20,1651.1,4.511202185792349,103.1,10.0,525.58,0.1,0.1,1.0,5.0,5.0,3.0,15.0,1.0,0.8552631578947368,0.10804236903436149,0.8095238095238095,0.5909431121509693,39,5
2020,성북구,장위1동,1108076,106,20,1651.1,4.511202185792349,103.1,1.0,69.85,0.1,0.1,1.0,3.0,3.0,2.0,6.0,1.0,0.8552631578947368,0.08796647106462066,0.4642857142857143,0.4691717810816906,153,4
2020,성북구,장위2동,1108077,106,20,1651.1,4.511202185792349,103.1,10.0,604.85,0.1,0.1,1.0,2.0,2.0,1.5,3.0,1.0,0.8552631578947368,0.10813119717701758,0.3095238095238095,0.42430605486518796,212,3
2020,성북구,장위3동,1108078,106,20,1651.1,4.511202185792349,103.1,1.0,48.93,0.1,0.1,1.0,2.0,2.0,1.5,3.0,1.0,0.8552631578947368,0.08794302859276035,0.3095238095238095,0.41757666533710225,217,3
2020,성북구,성북동,1108081,106,20,1651.1,4.511202185792349,103.1,2.0,80.39,0.1,0.1,1.0,6.0,6.0,3.5,21.0,1.0,0.8552631578947368,0.09015219499019296,1.0,0.6484717842949766,16,5
2020,성북구,삼선동,1108082,106,20,1651.1,4.511202185792349,103.1,1.0,28.92,0.1,0.1,1.0,1.0,1.0,1.0,1.0,1.0,0.8552631578947368,0.08792060584601444,0.16666666666666669,0.3699501434691393,283,2
2020,성북구,동선동,1108083,106,20,1651.1,4.511202185792349,103.1,1.0,75.46,0.1,0.1,1.0,1.0,1.0,1.0,1.0,1.0,0.8552631578947368,0.08797275750186426,0.16666666666666669,0.36996752735442257,282,2
2020,성북구,종암동,1108084,106,20,1651.1,4.511202185792349,103.1,1.0,48.03,0.1,0.1,1.0,5.0,5.0,3.0,15.0,1.0,0.8552631578947368,0.08794202007341646,0.8095238095238095,0.5842429958306542,45,5
2020,성북구,석관동,1108085,106,20,1651.1,4.511202185792349,103.1,1.0,25.79,0.1,0.1,1.0,3.0,3.0,2.0,6.0,1.0,0.8552631578947368,0.08791709843985179,0.4642857142857143,0.469155323540101,155,4
2020,강북구,번1동,1109060,106,20,1651.1,4.511202185792349,103.1,4.0,645.69,0.45,0.45,1.0,3.0,3.0,2.0,6.0,1.0,0.8552631578947368,0.39513348328281983,0.4642857142857143,0.5715607851544237,56,5
2020,강북구,번2동,1109061,106,20,1651.1,4.511202185792349,103.1,2.0,218.05,0.45,0.45,1.0,2.0,2.0,1.5,3.0,1.0,0.8552631578947368,0.3903064536267268,0.3095238095238095,0.5183644736817578,103,4
2020,강북구,번3동,1109062,106,20,1651.1,4.511202185792349,103.1,0.0,0.0,0.0,0.0,0.0,2.0,2.0,1.5,3.0,1.0,0.8552631578947368,0.0,0.3095238095238095,0.38826232247284875,219,3
2020,강북구,수유1동,1109063,106,20,1651.1,4.511202185792349,103.1,5.0,703.64,0.45,0.45,1.0,1.0,1.0,1.0,1.0,1.0,0.8552631578947368,0.3973723337662744,0.16666666666666669,0.4731007194425593,149,4
2020,강북구,수유2동,1109064,106,20,1651.1,4.511202185792349,103.1,10.0,2244.56,0.45,0.45,1.0,2.0,2.0,1.5,3.0,1.0,0.8552631578947368,0.40996861856965816,0.3095238095238095,0.5249185286627348,97,4
2020,강북구,수유3동,1109065,106,20,1651.1,4.511202185792349,103.1,28.0,5400.2,0.45,0.45,1.0,2.0,2.0,1.5,3.0,1.0,0.8552631578947368,0.45263519111045125,0.3095238095238095,0.5391407195096659,88,4
2020,강북구,삼양동,1109069,106,20,1651.1,4.511202185792349,103.1,2.0,348.65999999999997,0.45,0.45,1.0,1.0,1.0,1.0,1.0,1.0,0.8552631578947368,0.3904528121950668,0.16666666666666669,0.47079421225215684,152,4
2020,강북구,미아동,1109070,106,20,1651.1,4.511202185792349,103.1,2.0,152.44,0.45,0.45,1.0,3.0,3.0,2.0,6.0,1.0,0.8552631578947368,0.39023293256655694,0.4642857142857143,0.5699272682490027,57,5
2020,강북구,송중동,1109071,106,20,1651.1,4.511202185792349,103.1,9.0,845.59,0.45,0.45,1.0,2.0,2.0,1.5,3.0,1.0,0.8552631578947368,0.4062270518522605,0.3095238095238095,0.5236713397569356,100,4
2020,강북구,송천동,1109072,106,20,1651.1,4.511202185792349,103.1,3.0,422.75,0.45,0.45,1.0,2.0,2.0,1.5,3.0,1.0,0.8552631578947368,0.39270974879208853,0.3095238095238095,0.5191655720702116,102,4
2020,강북구,삼각산동,1109073,106,20,1651.1,4.511202185792349,103.1,0.0,0.0,0.0,0.0,0.0,0.0,0.0,0.0,0.0,0.0,0.8552631578947368,0.0,0.0,0.2850877192982456,391,1
2020,강북구,우이동,1109074,106,20,1651.1,4.511202185792349,103.1,15.0,4106.2,0.45,0.45,1.0,1.0,1.0,1.0,1.0,1.0,0.8552631578947368,0.42292429484412386,0.16666666666666669,0.4816180398018424,137,4
2020,강북구,인수동,1109075,106,20,1651.1,4.511202185792349,103.1,17.0,4023.26,0.45,0.45,1.0,2.0,2.0,1.5,3.0,1.0,0.8552631578947368,0.4271791802706554,0.3095238095238095,0.5306553825630672,90,4
2020,도봉구,쌍문1동,1110051,106,20,1651.1,4.511202185792349,103.1,6.0,1104.0,0.3,0.3,1.0,1.0,1.0,1.0,1.0,1.0,0.8552631578947368,0.2714234524655701,0.16666666666666669,0.43111775900899124,201,3
2020,도봉구,쌍문2동,1110052,106,20,1651.1,4.511202185792349,103.1,9.0,1493.55,0.3,0.3,1.0,4.0,4.0,2.5,10.0,1.0,0.8552631578947368,0.2783817123853537,0.6309523809523809,0.5881990837441572,40,5
2020,도봉구,쌍문3동,1110053,106,20,1651.1,4.511202185792349,103.1,0.0,0.0,0.0,0.0,0.0,1.0,1.0,1.0,1.0,1.0,0.8552631578947368,0.0,0.16666666666666669,0.34064327485380114,284,1
2020,도봉구,쌍문4동,1110054,106,20,1651.1,4.511202185792349,103.1,3.0,1022.51,0.3,0.3,1.0,2.0,2.0,1.5,3.0,1.0,0.8552631578947368,0.264810397511431,0.3095238095238095,0.47653245497665914,141,4
2020,도봉구,방학1동,1110055,106,20,1651.1,4.511202185792349,103.1,56.0,8449.95,0.3,0.3,1.0,4.0,4.0,2.5,10.0,1.0,0.8552631578947368,0.38835080761090385,0.6309523809523809,0.6248554488193405,21,5
2020,도봉구,방학2동,1110056,106,20,1651.1,4.511202185792349,103.1,41.0,18883.9,0.3,0.3,1.0,2.0,2.0,1.5,3.0,1.0,0.8552631578947368,0.3674341568567561,0.3095238095238095,0.5107403747584341,104,4
2020,도봉구,방학3동,1110057,106,20,1651.1,4.511202185792349,103.1,2.0,659.77,0.3,0.3,1.0,2.0,2.0,1.5,3.0,1.0,0.8552631578947368,0.2622300063492814,0.3095238095238095,0.47567232458927594,143,4
2020,도봉구,창1동,1110059,106,20,1651.1,4.511202185792349,103.1,0.0,0.0,0.0,0.0,0.0,5.0,5.0,3.0,15.0,1.0,0.8552631578947368,0.0,0.8095238095238095,0.5549289891395155,60,5
2020,도봉구,창2동,1110060,106,20,1651.1,4.511202185792349,103.1,1.0,219.55,0.3,0.3,1.0,1.0,1.0,1.0,1.0,1.0,0.8552631578947368,0.25956279287739314,0.16666666666666669,0.4271642058129323,210,3
2020,도봉구,창3동,1110061,106,20,1651.1,4.511202185792349,103.1,4.0,467.91,0.3375,0.45,1.0,2.0,2.0,1.5,3.0,1.0,0.8552631578947368,0.3386842670950893,0.3095238095238095,0.5011570781712119,106,4
2020,도봉구,창4동,1110062,106,20,1651.1,4.511202185792349,103.1,0.0,0.0,0.0,0.0,0.0,4.0,4.0,2.5,10.0,1.0,0.8552631578947368,0.0,0.6309523809523809,0.4954051796157059,108,4
2020,도봉구,창5동,1110063,106,20,1651.1,4.511202185792349,103.1,1.0,183.14,0.3,0.3,1.0,6.0,6.0,3.5,21.0,1.0,0.8552631578947368,0.25952199266704734,1.0,0.7049283835205947,8,5
2020,도봉구,도봉1동,1110064,106,20,1651.1,4.511202185792349,103.1,66.0,223099.34,0.3,0.3,1.0,2.0,2.0,1.5,3.0,1.0,0.8552631578947368,0.6506211180124224,0.3095238095238095,0.6051360284769897,38,5
2020,도봉구,도봉2동,1110065,106,20,1651.1,4.511202185792349,103.1,5.0,1363.3700000000001,0.3,0.3,1.0,5.0,5.0,3.0,15.0,1.0,0.8552631578947368,0.26954018349123166,0.8095238095238095,0.644775716969926,17,5
2020,노원구,월계1동,1111051,106,20,1651.1,4.511202185792349,103.1,8.0,769.55,0.5,0.5,1.0,6.0,6.0,3.5,21.0,1.0,0.8552631578947368,0.4468250729871366,1.0,0.7673627436272912,2,5
2020,노원구,월계2동,1111052,106,20,1651.1,4.511202185792349,103.1,11.0,863.05,0.5,0.5,1.0,6.0,6.0,3.5,21.0,1.0,0.8552631578947368,0.4534515860716314,1.0,0.7695715813221228,1,5
2020,노원구,월계3동,1111053,106,20,1651.1,4.511202185792349,103.1,0.0,0.0,0.0,0.0,0.0,5.0,5.0,3.0,15.0,1.0,0.8552631578947368,0.0,0.8095238095238095,0.5549289891395155,60,5
2020,노원구,공릉2동,1111056,106,20,1651.1,4.511202185792349,103.1,1.0,123.87,0.5,0.5,1.0,3.0,3.0,2.0,6.0,1.0,0.8552631578947368,0.4308841474939381,0.4642857142857143,0.5834776732247965,50,5
2020,노원구,하계1동,1111058,106,20,1651.1,4.511202185792349,103.1,1.0,84.39,0.5,0.5,1.0,0.0,0.0,0.0,0.0,0.0,0.8552631578947368,0.43083990711205267,0.0,0.4287010216689298,206,3
2020,노원구,하계2동,1111059,106,20,1651.1,4.511202185792349,103.1,0.0,0.0,0.0,0.0,0.0,0.0,0.0,0.0,0.0,0.0,0.8552631578947368,0.0,0.0,0.2850877192982456,391,1
2020,노원구,중계본동,1111060,106,20,1651.1,4.511202185792349,103.1,1.0,22.0,0.5,0.5,1.0,0.0,0.0,0.0,0.0,0.0,0.8552631578947368,0.43076999430997975,0.0,0.4286777174015722,207,3
2020,노원구,중계1동,1111061,106,20,1651.1,4.511202185792349,103.1,0.0,0.0,0.0,0.0,0.0,0.0,0.0,0.0,0.0,0.0,0.8552631578947368,0.0,0.0,0.2850877192982456,391,1
2020,노원구,중계4동,1111064,106,20,1651.1,4.511202185792349,103.1,2.0,116.25,0.5,0.5,1.0,0.0,0.0,0.0,0.0,0.0,0.8552631578947368,0.43304952174030475,0.0,0.42943755987834714,203,3
2020,노원구,상계1동,1111065,106,20,1651.1,4.511202185792349,103.1,4.0,435.75,0.5,0.5,1.0,6.0,6.0,3.5,21.0,1.0,0.8552631578947368,0.4377553721943437,1.0,0.7643395100296936,3,5
2020,노원구,상계2동,1111066,106,20,1651.1,4.511202185792349,103.1,0.0,0.0,0.0,0.0,0.0,3.0,3.0,2.0,6.0,1.0,0.8552631578947368,0.0,0.4642857142857143,0.4398496240601504,160,3
2020,노원구,상계5동,1111069,106,20,1651.1,4.511202185792349,103.1,5.0,362.68,0.5,0.5,1.0,1.0,1.0,1.0,1.0,1.0,0.8552631578947368,0.4398474046728682,0.16666666666666669,0.48725907641142396,128,4
2020,노원구,상계8동,1111072,106,20,1651.1,4.511202185792349,103.1,0.0,0.0,0.0,0.0,0.0,3.0,3.0,2.0,6.0,1.0,0.8552631578947368,0.0,0.4642857142857143,0.4398496240601504,160,3
2020,노원구,상계9동,1111073,106,20,1651.1,4.511202185792349,103.1,0.0,0.0,0.0,0.0,0.0,2.0,2.0,1.5,3.0,1.0,0.8552631578947368,0.0,0.3095238095238095,0.38826232247284875,219,3
2020,노원구,상계10동,1111074,106,20,1651.1,4.511202185792349,103.1,3.0,218.55,0.5,0.5,1.0,3.0,3.0,2.0,6.0,1.0,0.8552631578947368,0.4353380698158723,0.4642857142857143,0.5849623139987745,44,5
2020,노원구,상계3·4동,1111076,106,20,1651.1,4.511202185792349,103.1,28.0,2576.02,0.5,0.5,1.0,0.0,0.0,0.0,0.0,0.0,0.8552631578947368,0.49232762267799546,0.0,0.44919692685757745,159,4
2020,노원구,상계6·7동,1111077,106,20,1651.1,4.511202185792349,103.1,0.0,0.0,0.0,0.0,0.0,4.0,4.0,2.5,10.0,1.0,0.8552631578947368,0.0,0.6309523809523809,0.4954051796157059,108,4
2020,노원구,중계2·3동,1111078,106,20,1651.1,4.511202185792349,103.1,0.0,0.0,0.0,0.0,0.0,0.0,0.0,0.0,0.0,0.0,0.8552631578947368,0.0,0.0,0.2850877192982456,391,1
2020,노원구,공릉1동,1111079,106,20,1651.1,4.511202185792349,103.1,5.0,437.5,0.5,0.5,1.0,4.0,4.0,2.5,10.0,1.0,0.8552631578947368,0.4399312462476572,0.6309523809523809,0.642048928364925,19,5
2020,은평구,녹번동,1112051,106,20,1651.1,4.511202185792349,103.1,6.0,675.0,0.3,0.3,1.0,3.0,3.0,2.0,6.0,1.0,0.8552631578947368,0.2709427249116473,0.4642857142857143,0.5301638656973662,92,4
2020,은평구,불광1동,1112052,106,20,1651.1,4.511202185792349,103.1,59.0,9514.0,0.3,0.3,1.0,4.0,4.0,2.5,10.0,1.0,0.8552631578947368,0.39606489675008366,0.6309523809523809,0.6274268118657338,20,5
2020,은평구,갈현1동,1112055,106,20,1651.1,4.511202185792349,103.1,2.0,297.0,0.3,0.3,1.0,2.0,2.0,1.5,3.0,1.0,0.8552631578947368,0.2618234946132987,0.3095238095238095,0.4755368206772817,144,4
2020,은평구,갈현2동,1112056,106,20,1651.1,4.511202185792349,103.1,3.0,731.6,0.3,0.3,1.0,5.0,5.0,3.0,15.0,1.0,0.8552631578947368,0.26448441044217297,0.8095238095238095,0.6430904592869064,18,5
2020,은평구,구산동,1112057,106,20,1651.1,4.511202185792349,103.1,4.0,620.2,0.3,0.3,1.0,2.0,2.0,1.5,3.0,1.0,0.8552631578947368,0.2665334912024181,0.3095238095238095,0.47710681954032147,139,4
2020,은평구,대조동,1112058,106,20,1651.1,4.511202185792349,103.1,44.0,7004.5,0.3,0.3,1.0,2.0,2.0,1.5,3.0,1.0,0.8552631578947368,0.3606441129940184,0.3095238095238095,0.5084770268041883,105,4
2020,은평구,응암1동,1112059,106,20,1651.1,4.511202185792349,103.1,7.0,1040.4,0.3,0.3,1.0,2.0,2.0,1.5,3.0,1.0,0.8552631578947368,0.2735260968087465,0.3095238095238095,0.4794376880757643,138,4
2020,은평구,응암2동,1112060,106,20,1651.1,4.511202185792349,103.1,4.0,540.0,0.3,0.3,1.0,1.0,1.0,1.0,1.0,1.0,0.8552631578947368,0.26644362092310664,0.16666666666666669,0.4294578151615034,202,3
2020,은평구,신사1동,1112065,106,20,1651.1,4.511202185792349,103.1,0.0,0.0,0.0,0.0,0.0,1.0,1.0,1.0,1.0,1.0,0.8552631578947368,0.0,0.16666666666666669,0.34064327485380114,284,1
2020,은평구,신사2동,1112066,106,20,1651.1,4.511202185792349,103.1,4.0,463.79999999999995,0.3,0.3,1.0,4.0,4.0,2.5,10.0,1.0,0.8552631578947368,0.26635823295199024,0.6309523809523809,0.5841912572663693,46,5
2020,은평구,증산동,1112067,106,20,1651.1,4.511202185792349,103.1,18.0,3080.4,0.3,0.3,1.0,5.0,5.0,3.0,15.0,1.0,0.8552631578947368,0.2997251174665006,0.8095238095238095,0.654837361628349,13,5
2020,은평구,수색동,1112068,106,20,1651.1,4.511202185792349,103.1,0.0,0.0,0.0,0.0,0.0,3.0,3.0,2.0,6.0,1.0,0.8552631578947368,0.0,0.4642857142857143,0.4398496240601504,160,3
2020,은평구,진관동,1112071,106,20,1651.1,4.511202185792349,103.1,1.0,700.0,0.3,0.3,1.0,0.0,0.0,0.0,0.0,0.0,0.8552631578947368,0.26010117412047523,0.0,0.37178811067173734,280,2
2020,은평구,불광2동,1112072,106,20,1651.1,4.511202185792349,103.1,18.0,2968.0,0.3,0.3,1.0,2.0,2.0,1.5,3.0,1.0,0.8552631578947368,0.2995991646062187,0.3095238095238095,0.4881287106749217,127,4
2020,은평구,응암3동,1112073,106,20,1651.1,4.511202185792349,103.1,115.0,20166.81,0.2895652173913043,0.3,1.0,5.0,5.0,3.0,15.0,1.0,0.8552631578947368,0.5245239302714386,0.8095238095238095,0.7297702992299951,6,5
2020,은평구,역촌동,1112074,106,20,1651.1,4.511202185792349,103.1,15.0,2786.9,0.3,0.3,1.0,2.0,2.0,1.5,3.0,1.0,0.8552631578947368,0.2928744889722515,0.3095238095238095,0.48588715213026595,131,4
2020,서대문구,천연동,1113052,106,20,1651.1,4.511202185792349,103.1,0.0,0.0,0.0,0.0,0.0,0.0,0.0,0.0,0.0,0.0,0.8552631578947368,0.0,0.0,0.2850877192982456,391,1
2020,서대문구,홍제1동,1113062,106,20,1651.1,4.511202185792349,103.1,0.0,0.0,0.0,0.0,0.0,4.0,4.0,2.5,10.0,1.0,0.8552631578947368,0.0,0.6309523809523809,0.4954051796157059,108,4
2020,서대문구,홍제3동,1113064,106,20,1651.1,4.511202185792349,103.1,2.0,131.04000000000002,0.1,0.1,1.0,2.0,2.0,1.5,3.0,1.0,0.8552631578947368,0.09020895221771322,0.3095238095238095,0.4183319732120865,216,3
2020,서대문구,홍제2동,1113065,106,20,1651.1,4.511202185792349,103.1,0.0,0.0,0.0,0.0,0.0,3.0,3.0,2.0,6.0,1.0,0.8552631578947368,0.0,0.4642857142857143,0.4398496240601504,160,3
2020,서대문구,홍은1동,1113066,106,20,1651.1,4.511202185792349,103.1,6.0,666.48,0.10000000000000002,0.1,1.0,2.0,2.0,1.5,3.0,1.0,0.8552631578947368,0.09950460616662032,0.3095238095238095,0.4214305245283889,213,3
2020,서대문구,홍은2동,1113068,106,20,1651.1,4.511202185792349,103.1,1.0,80.95,0.1,0.1,1.0,0.0,0.0,0.0,0.0,0.0,0.8552631578947368,0.087978909469862,0.0,0.31441402245486627,390,1
2020,서대문구,남가좌1동,1113069,106,20,1651.1,4.511202185792349,103.1,0.0,0.0,0.0,0.0,0.0,0.0,0.0,0.0,0.0,0.0,0.8552631578947368,0.0,0.0,0.2850877192982456,391,1
2020,서대문구,남가좌2동,1113070,106,20,1651.1,4.511202185792349,103.1,7.0,573.68,0.1,0.1,1.0,0.0,0.0,0.0,0.0,0.0,0.8552631578947368,0.1015745296599726,0.0,0.3189458958515698,389,1
2020,서대문구,북가좌1동,1113071,106,20,1651.1,4.511202185792349,103.1,5.0,477.98,0.1,0.1,1.0,3.0,3.0,2.0,6.0,1.0,0.8552631578947368,0.09711946434944868,0.4642857142857143,0.4722227788433,150,4
2020,서대문구,북가좌2동,1113072,106,20,1651.1,4.511202185792349,103.1,26.0,2071.43,0.1,0.1,1.0,2.0,2.0,1.5,3.0,1.0,0.8552631578947368,0.1445572217608566,0.3095238095238095,0.43644806305980094,200,3
2020,서대문구,충현동,1113073,106,20,1651.1,4.511202185792349,103.1,5.0,367.38,0.1,0.1,1.0,3.0,3.0,2.0,6.0,1.0,0.8552631578947368,0.09699552852785459,0.4642857142857143,0.4721814669027686,151,4
2020,서대문구,북아현동,1113074,106,20,1651.1,4.511202185792349,103.1,0.0,0.0,0.0,0.0,0.0,1.0,1.0,1.0,1.0,1.0,0.8552631578947368,0.0,0.16666666666666669,0.34064327485380114,284,1
2020,서대문구,신촌동,1113075,106,20,1651.1,4.511202185792349,103.1,3.0,806.89,0.10000000000000002,0.1,1.0,5.0,5.0,3.0,15.0,1.0,0.8552631578947368,0.0931402072596035,0.8095238095238095,0.5859757248927165,42,5
2020,서대문구,연희동,1113076,106,20,1651.1,4.511202185792349,103.1,3.0,430.39,0.10000000000000002,0.1,1.0,2.0,2.0,1.5,3.0,1.0,0.8552631578947368,0.09271831000074114,0.3095238095238095,0.41916842580642916,214,3
2020,마포구,용강동,1114059,106,20,1651.1,4.511202185792349,103.1,0.0,0.0,0.0,0.0,0.0,3.0,3.0,2.0,6.0,1.0,0.8552631578947368,0.0,0.4642857142857143,0.4398496240601504,160,3
2020,마포구,대흥동,1114060,106,20,1651.1,4.511202185792349,103.1,1.0,62.94,0.2,0.2,1.0,3.0,3.0,2.0,6.0,1.0,0.8552631578947368,0.17367301359149936,0.4642857142857143,0.4977406285906502,107,4
2020,마포구,염리동,1114061,106,20,1651.1,4.511202185792349,103.1,0.0,0.0,0.0,0.0,0.0,2.0,2.0,1.5,3.0,1.0,0.8552631578947368,0.0,0.3095238095238095,0.38826232247284875,219,3
2020,마포구,신수동,1114063,106,20,1651.1,4.511202185792349,103.1,1.0,50.05,0.25,0.25,1.0,4.0,4.0,2.5,10.0,1.0,0.8552631578947368,0.21651571221048355,0.6309523809523809,0.5675770836858671,58,5
2020,마포구,서교동,1114066,106,20,1651.1,4.511202185792349,103.1,1.0,10.0,0.05,0.05,1.0,3.0,3.0,2.0,6.0,1.0,0.8552631578947368,0.045042261671108835,0.4642857142857143,0.45486371128385333,158,4
2020,마포구,합정동,1114068,106,20,1651.1,4.511202185792349,103.1,0.0,0.0,0.0,0.0,0.0,2.0,2.0,1.5,3.0,1.0,0.8552631578947368,0.0,0.3095238095238095,0.38826232247284875,219,3
2020,마포구,망원1동,1114069,106,20,1651.1,4.511202185792349,103.1,0.0,0.0,0.0,0.0,0.0,0.0,0.0,0.0,0.0,0.0,0.8552631578947368,0.0,0.0,0.2850877192982456,391,1
2020,마포구,망원2동,1114070,106,20,1651.1,4.511202185792349,103.1,0.0,0.0,0.0,0.0,0.0,3.0,3.0,2.0,6.0,1.0,0.8552631578947368,0.0,0.4642857142857143,0.4398496240601504,160,3
2020,마포구,연남동,1114071,106,20,1651.1,4.511202185792349,103.1,0.0,0.0,0.0,0.0,0.0,2.0,2.0,1.5,3.0,1.0,0.8552631578947368,0.0,0.3095238095238095,0.38826232247284875,219,3
2020,마포구,성산1동,1114072,106,20,1651.1,4.511202185792349,103.1,0.0,0.0,0.0,0.0,0.0,3.0,3.0,2.0,6.0,1.0,0.8552631578947368,0.0,0.4642857142857143,0.4398496240601504,160,3
2020,마포구,성산2동,1114073,106,20,1651.1,4.511202185792349,103.1,1.0,30.75,0.2,0.2,1.0,1.0,1.0,1.0,1.0,1.0,0.8552631578947368,0.17363694221629944,0.16666666666666669,0.39852225559256765,218,3
2020,마포구,상암동,1114074,106,20,1651.1,4.511202185792349,103.1,0.0,0.0,0.0,0.0,0.0,3.0,3.0,2.0,6.0,1.0,0.8552631578947368,0.0,0.4642857142857143,0.4398496240601504,160,3
2020,마포구,도화동,1114075,106,20,1651.1,4.511202185792349,103.1,0.0,0.0,0.0,0.0,0.0,1.0,1.0,1.0,1.0,1.0,0.8552631578947368,0.0,0.16666666666666669,0.34064327485380114,284,1
2020,마포구,서강동,1114076,106,20,1651.1,4.511202185792349,103.1,1.0,27.0,0.3,0.3,1.0,6.0,6.0,3.5,21.0,1.0,0.8552631578947368,0.25934702576665225,1.0,0.704870061220463,10,5
2020,마포구,공덕동,1114077,106,20,1651.1,4.511202185792349,103.1,2.0,188.03,0.15000000000000002,0.2,1.0,3.0,3.0,2.0,6.0,1.0,0.8552631578947368,0.15098709961800844,0.4642857142857143,0.4901786572661531,126,4
2020,마포구,아현동,1114078,106,20,1651.1,4.511202185792349,103.1,0.0,0.0,0.0,0.0,0.0,3.0,3.0,2.0,6.0,1.0,0.8552631578947368,0.0,0.4642857142857143,0.4398496240601504,160,3
2020,양천구,목1동,1115051,106,20,1651.1,4.511202185792349,103.1,0.0,0.0,0.0,0.0,0.0,0.0,0.0,0.0,0.0,0.0,0.8552631578947368,0.0,0.0,0.2850877192982456,391,1
2020,양천구,목2동,1115052,106,20,1651.1,4.511202185792349,103.1,0.0,0.0,0.0,0.0,0.0,1.0,1.0,1.0,1.0,1.0,0.8552631578947368,0.0,0.16666666666666669,0.34064327485380114,284,1
2020,양천구,목3동,1115053,106,20,1651.1,4.511202185792349,103.1,0.0,0.0,0.0,0.0,0.0,1.0,1.0,1.0,1.0,1.0,0.8552631578947368,0.0,0.16666666666666669,0.34064327485380114,284,1
2020,양천구,목4동,1115054,106,20,1651.1,4.511202185792349,103.1,0.0,0.0,0.0,0.0,0.0,0.0,0.0,0.0,0.0,0.0,0.8552631578947368,0.0,0.0,0.2850877192982456,391,1
2020,양천구,신월1동,1115057,106,20,1651.1,4.511202185792349,103.1,38.0,2723.77,0.20210526315789473,0.7,1.0,1.0,1.0,1.0,1.0,1.0,0.8552631578947368,0.4367135213792528,0.16666666666666669,0.4862144486468854,129,4
2020,양천구,신월2동,1115058,106,20,1651.1,4.511202185792349,103.1,0.0,0.0,0.0,0.0,0.0,5.0,5.0,3.0,15.0,1.0,0.8552631578947368,0.0,0.8095238095238095,0.5549289891395155,60,5
2020,양천구,신월3동,1115059,106,20,1651.1,4.511202185792349,103.1,0.0,0.0,0.0,0.0,0.0,0.0,0.0,0.0,0.0,0.0,0.8552631578947368,0.0,0.0,0.2850877192982456,391,1
2020,양천구,신월4동,1115060,106,20,1651.1,4.511202185792349,103.1,0.0,0.0,0.0,0.0,0.0,1.0,1.0,1.0,1.0,1.0,0.8552631578947368,0.0,0.16666666666666669,0.34064327485380114,284,1
2020,양천구,신월5동,1115061,106,20,1651.1,4.511202185792349,103.1,27.0,2104.08,0.24814814814814815,0.7,1.0,1.0,1.0,1.0,1.0,1.0,0.8552631578947368,0.43512751000476557,0.16666666666666669,0.485685778188723,132,4
2020,양천구,신월6동,1115062,106,20,1651.1,4.511202185792349,103.1,0.0,0.0,0.0,0.0,0.0,1.0,1.0,1.0,1.0,1.0,0.8552631578947368,0.0,0.16666666666666669,0.34064327485380114,284,1
2020,양천구,신월7동,1115063,106,20,1651.1,4.511202185792349,103.1,0.0,0.0,0.0,0.0,0.0,0.0,0.0,0.0,0.0,0.0,0.8552631578947368,0.0,0.0,0.2850877192982456,391,1
2020,양천구,신정1동,1115064,106,20,1651.1,4.511202185792349,103.1,0.0,0.0,0.0,0.0,0.0,1.0,1.0,1.0,1.0,1.0,0.8552631578947368,0.0,0.16666666666666669,0.34064327485380114,284,1
2020,양천구,신정2동,1115065,106,20,1651.1,4.511202185792349,103.1,0.0,0.0,0.0,0.0,0.0,0.0,0.0,0.0,0.0,0.0,0.8552631578947368,0.0,0.0,0.2850877192982456,391,1
2020,양천구,신정3동,1115066,106,20,1651.1,4.511202185792349,103.1,0.0,0.0,0.0,0.0,0.0,4.0,4.0,2.5,10.0,1.0,0.8552631578947368,0.0,0.6309523809523809,0.4954051796157059,108,4
2020,양천구,신정6동,1115069,106,20,1651.1,4.511202185792349,103.1,0.0,0.0,0.0,0.0,0.0,6.0,6.0,3.5,21.0,1.0,0.8552631578947368,0.0,1.0,0.6184210526315789,22,5
2020,양천구,신정7동,1115070,106,20,1651.1,4.511202185792349,103.1,0.0,0.0,0.0,0.0,0.0,1.0,1.0,1.0,1.0,1.0,0.8552631578947368,0.0,0.16666666666666669,0.34064327485380114,284,1
2020,양천구,목5동,1115071,106,20,1651.1,4.511202185792349,103.1,0.0,0.0,0.0,0.0,0.0,1.0,1.0,1.0,1.0,1.0,0.8552631578947368,0.0,0.16666666666666669,0.34064327485380114,284,1
2020,양천구,신정4동,1115072,106,20,1651.1,4.511202185792349,103.1,0.0,0.0,0.0,0.0,0.0,2.0,2.0,1.5,3.0,1.0,0.8552631578947368,0.0,0.3095238095238095,0.38826232247284875,219,3
2020,강서구,염창동,1116051,106,20,1651.1,4.511202185792349,103.1,0.0,0.0,0.0,0.0,0.0,1.0,1.0,1.0,1.0,1.0,0.8552631578947368,0.0,0.16666666666666669,0.34064327485380114,284,1
2020,강서구,등촌1동,1116052,106,20,1651.1,4.511202185792349,103.1,0.0,0.0,0.0,0.0,0.0,1.0,1.0,1.0,1.0,1.0,0.8552631578947368,0.0,0.16666666666666669,0.34064327485380114,284,1
2020,강서구,등촌2동,1116053,106,20,1651.1,4.511202185792349,103.1,0.0,0.0,0.0,0.0,0.0,1.0,1.0,1.0,1.0,1.0,0.8552631578947368,0.0,0.16666666666666669,0.34064327485380114,284,1
2020,강서구,등촌3동,1116054,106,20,1651.1,4.511202185792349,103.1,0.0,0.0,0.0,0.0,0.0,1.0,1.0,1.0,1.0,1.0,0.8552631578947368,0.0,0.16666666666666669,0.34064327485380114,284,1
2020,강서구,화곡본동,1116055,106,20,1651.1,4.511202185792349,103.1,0.0,0.0,0.0,0.0,0.0,1.0,1.0,1.0,1.0,1.0,0.8552631578947368,0.0,0.16666666666666669,0.34064327485380114,284,1
2020,강서구,화곡2동,1116057,106,20,1651.1,4.511202185792349,103.1,0.0,0.0,0.0,0.0,0.0,1.0,1.0,1.0,1.0,1.0,0.8552631578947368,0.0,0.16666666666666669,0.34064327485380114,284,1
2020,강서구,화곡3동,1116058,106,20,1651.1,4.511202185792349,103.1,0.0,0.0,0.0,0.0,0.0,1.0,1.0,1.0,1.0,1.0,0.8552631578947368,0.0,0.16666666666666669,0.34064327485380114,284,1
2020,강서구,화곡4동,1116059,106,20,1651.1,4.511202185792349,103.1,1.0,283.7,0.5,0.5,1.0,1.0,1.0,1.0,1.0,1.0,0.8552631578947368,0.43106324932364326,0.16666666666666669,0.484331024628349,135,4
2020,강서구,화곡6동,1116061,106,20,1651.1,4.511202185792349,103.1,3.0,488.1,0.5,0.5,1.0,3.0,3.0,2.0,6.0,1.0,0.8552631578947368,0.4356401213593686,0.4642857142857143,0.5850629978466065,43,5
2020,강서구,화곡8동,1116063,106,20,1651.1,4.511202185792349,103.1,0.0,0.0,0.0,0.0,0.0,3.0,3.0,2.0,6.0,1.0,0.8552631578947368,0.0,0.4642857142857143,0.4398496240601504,160,3
2020,강서구,가양1동,1116064,106,20,1651.1,4.511202185792349,103.1,0.0,0.0,0.0,0.0,0.0,1.0,1.0,1.0,1.0,1.0,0.8552631578947368,0.0,0.16666666666666669,0.34064327485380114,284,1
2020,강서구,가양2동,1116065,106,20,1651.1,4.511202185792349,103.1,0.0,0.0,0.0,0.0,0.0,4.0,5.0,2.75,11.0,1.0,0.8552631578947368,0.0,0.7023809523809523,0.5192147034252298,101,4
2020,강서구,가양3동,1116066,106,20,1651.1,4.511202185792349,103.1,0.0,0.0,0.0,0.0,0.0,1.0,1.0,1.0,1.0,1.0,0.8552631578947368,0.0,0.16666666666666669,0.34064327485380114,284,1
2020,강서구,발산1동,1116067,106,20,1651.1,4.511202185792349,103.1,5.0,1147.6,0.42000000000000004,0.5,1.0,1.0,1.0,1.0,1.0,1.0,0.8552631578947368,0.40072696800998975,0.16666666666666669,0.4742189308571311,147,4
2020,강서구,공항동,1116069,106,20,1651.1,4.511202185792349,103.1,0.0,0.0,0.0,0.0,0.0,1.0,1.0,1.0,1.0,1.0,0.8552631578947368,0.0,0.16666666666666669,0.34064327485380114,284,1
2020,강서구,방화1동,1116070,106,20,1651.1,4.511202185792349,103.1,0.0,0.0,0.0,0.0,0.0,1.0,1.0,1.0,1.0,1.0,0.8552631578947368,0.0,0.16666666666666669,0.34064327485380114,284,1
2020,강서구,방화2동,1116071,106,20,1651.1,4.511202185792349,103.1,6.0,13846.0,0.3666666666666667,0.5,1.0,5.0,5.0,3.0,15.0,1.0,0.8552631578947368,0.39046374998291733,0.8095238095238095,0.6850835724671546,11,5
2020,강서구,방화3동,1116072,106,20,1651.1,4.511202185792349,103.1,0.0,0.0,0.0,0.0,0.0,5.0,5.0,3.0,15.0,1.0,0.8552631578947368,0.0,0.8095238095238095,0.5549289891395155,60,5
2020,강서구,화곡1동,1116073,106,20,1651.1,4.511202185792349,103.1,33.0,4183.87,0.4281818181818182,0.5,1.0,4.0,4.0,2.5,10.0,1.0,0.8552631578947368,0.4690898167941626,0.6309523809523809,0.6517684518804269,14,5
2020,강서구,우장산동,1116074,106,20,1651.1,4.511202185792349,103.1,0.0,0.0,0.0,0.0,0.0,1.0,1.0,1.0,1.0,1.0,0.8552631578947368,0.0,0.16666666666666669,0.34064327485380114,284,1
2020,구로구,신도림동,1117051,106,20,1651.1,4.511202185792349,103.1,1.0,1638.0,0.3,0.3,1.0,1.0,1.0,1.0,1.0,1.0,0.8552631578947368,0.26115227539222263,0.16666666666666669,0.4276940333178754,208,3
2020,구로구,구로1동,1117052,106,20,1651.1,4.511202185792349,103.1,0.0,0.0,0.0,0.0,0.0,1.0,1.0,1.0,1.0,1.0,0.8552631578947368,0.0,0.16666666666666669,0.34064327485380114,284,1
2020,구로구,구로3동,1117054,106,20,1651.1,4.511202185792349,103.1,1.0,4381.3,0.3,0.3,1.0,3.0,3.0,2.0,6.0,1.0,0.8552631578947368,0.2642263544101166,0.4642857142857143,0.5279250755301893,93,4
2020,구로구,구로4동,1117055,106,20,1651.1,4.511202185792349,103.1,0.0,0.0,0.0,0.0,0.0,1.0,1.0,1.0,1.0,1.0,0.8552631578947368,0.0,0.16666666666666669,0.34064327485380114,284,1
2020,구로구,구로5동,1117056,106,20,1651.1,4.511202185792349,103.1,0.0,0.0,0.0,0.0,0.0,4.0,4.0,2.5,10.0,1.0,0.8552631578947368,0.0,0.6309523809523809,0.4954051796157059,108,4
2020,구로구,고척1동,1117061,106,20,1651.1,4.511202185792349,103.1,0.0,0.0,0.0,0.0,0.0,5.0,5.0,3.0,15.0,1.0,0.8552631578947368,0.0,0.8095238095238095,0.5549289891395155,60,5
2020,구로구,고척2동,1117062,106,20,1651.1,4.511202185792349,103.1,0.0,0.0,0.0,0.0,0.0,1.0,1.0,1.0,1.0,1.0,0.8552631578947368,0.0,0.16666666666666669,0.34064327485380114,284,1
2020,구로구,개봉2동,1117064,106,20,1651.1,4.511202185792349,103.1,0.0,0.0,0.0,0.0,0.0,1.0,1.0,1.0,1.0,1.0,0.8552631578947368,0.0,0.16666666666666669,0.34064327485380114,284,1
2020,구로구,개봉3동,1117065,106,20,1651.1,4.511202185792349,103.1,0.0,0.0,0.0,0.0,0.0,1.0,1.0,1.0,1.0,1.0,0.8552631578947368,0.0,0.16666666666666669,0.34064327485380114,284,1
2020,구로구,오류1동,1117067,106,20,1651.1,4.511202185792349,103.1,0.0,0.0,0.0,0.0,0.0,5.0,5.0,3.0,15.0,1.0,0.8552631578947368,0.0,0.8095238095238095,0.5549289891395155,60,5
2020,구로구,항동,1117074,106,20,1651.1,4.511202185792349,103.1,0.0,0.0,0.0,0.0,0.0,1.0,1.0,1.0,1.0,1.0,0.8552631578947368,0.0,0.16666666666666669,0.34064327485380114,284,1
2020,구로구,수궁동,1117069,106,20,1651.1,4.511202185792349,103.1,0.0,0.0,0.0,0.0,0.0,3.0,3.0,2.0,6.0,1.0,0.8552631578947368,0.0,0.4642857142857143,0.4398496240601504,160,3
2020,구로구,가리봉동,1117070,106,20,1651.1,4.511202185792349,103.1,0.0,0.0,0.0,0.0,0.0,1.0,1.0,1.0,1.0,1.0,0.8552631578947368,0.0,0.16666666666666669,0.34064327485380114,284,2
2020,구로구,구로2동,1117071,106,20,1651.1,4.511202185792349,103.1,0.0,0.0,0.0,0.0,0.0,5.0,5.0,3.0,15.0,1.0,0.8552631578947368,0.0,0.8095238095238095,0.5549289891395155,60,5
2020,구로구,개봉1동,1117072,106,20,1651.1,4.511202185792349,103.1,3.0,407.0,0.3,0.3,1.0,3.0,3.0,2.0,6.0,1.0,0.8552631578947368,0.26412067113214177,0.4642857142857143,0.5278898477708643,94,4
2020,금천구,가산동,1118051,106,20,1651.1,4.511202185792349,103.1,0.0,0.0,0.0,0.0,0.0,1.0,1.0,1.0,1.0,1.0,0.8552631578947368,0.0,0.16666666666666669,0.34064327485380114,284,2
2020,금천구,독산1동,1118052,106,20,1651.1,4.511202185792349,103.1,0.0,0.0,0.0,0.0,0.0,3.0,3.0,2.0,6.0,1.0,0.8552631578947368,0.0,0.4642857142857143,0.4398496240601504,160,3
2020,금천구,독산2동,1118053,106,20,1651.1,4.511202185792349,103.1,0.0,0.0,0.0,0.0,0.0,1.0,1.0,1.0,1.0,1.0,0.8552631578947368,0.0,0.16666666666666669,0.34064327485380114,284,2
2020,금천구,독산3동,1118054,106,20,1651.1,4.511202185792349,103.1,0.0,0.0,0.0,0.0,0.0,1.0,1.0,1.0,1.0,1.0,0.8552631578947368,0.0,0.16666666666666669,0.34064327485380114,284,2
2020,금천구,독산4동,1118055,106,20,1651.1,4.511202185792349,103.1,0.0,0.0,0.0,0.0,0.0,1.0,1.0,1.0,1.0,1.0,0.8552631578947368,0.0,0.16666666666666669,0.34064327485380114,284,2
2020,금천구,시흥1동,1118057,106,20,1651.1,4.511202185792349,103.1,0.0,0.0,0.0,0.0,0.0,2.0,2.0,1.5,3.0,1.0,0.8552631578947368,0.0,0.3095238095238095,0.38826232247284875,219,3
2020,금천구,시흥2동,1118058,106,20,1651.1,4.511202185792349,103.1,0.0,0.0,0.0,0.0,0.0,0.0,0.0,0.0,0.0,0.0,0.8552631578947368,0.0,0.0,0.2850877192982456,391,1
2020,금천구,시흥3동,1118059,106,20,1651.1,4.511202185792349,103.1,0.0,0.0,0.0,0.0,0.0,1.0,1.0,1.0,1.0,1.0,0.8552631578947368,0.0,0.16666666666666669,0.34064327485380114,284,2
2020,금천구,시흥4동,1118060,106,20,1651.1,4.511202185792349,103.1,0.0,0.0,0.0,0.0,0.0,0.0,0.0,0.0,0.0,0.0,0.8552631578947368,0.0,0.0,0.2850877192982456,391,1
2020,금천구,시흥5동,1118061,106,20,1651.1,4.511202185792349,103.1,0.0,0.0,0.0,0.0,0.0,0.0,0.0,0.0,0.0,0.0,0.8552631578947368,0.0,0.0,0.2850877192982456,391,1
2020,영등포구,여의동,1119054,106,20,1651.1,4.511202185792349,103.1,0.0,0.0,0.0,0.0,0.0,2.0,2.0,1.5,3.0,1.0,0.8552631578947368,0.0,0.3095238095238095,0.38826232247284875,219,3
2020,영등포구,당산1동,1119055,106,20,1651.1,4.511202185792349,103.1,0.0,0.0,0.0,0.0,0.0,1.0,1.0,1.0,1.0,1.0,0.8552631578947368,0.0,0.16666666666666669,0.34064327485380114,284,2
2020,영등포구,당산2동,1119056,106,20,1651.1,4.511202185792349,103.1,0.0,0.0,0.0,0.0,0.0,1.0,1.0,1.0,1.0,1.0,0.8552631578947368,0.0,0.16666666666666669,0.34064327485380114,284,2
2020,영등포구,양평1동,1119061,106,20,1651.1,4.511202185792349,103.1,0.0,0.0,0.0,0.0,0.0,1.0,1.0,1.0,1.0,1.0,0.8552631578947368,0.0,0.16666666666666669,0.34064327485380114,284,2
2020,영등포구,양평2동,1119062,106,20,1651.1,4.511202185792349,103.1,0.0,0.0,0.0,0.0,0.0,1.0,1.0,1.0,1.0,1.0,0.8552631578947368,0.0,0.16666666666666669,0.34064327485380114,284,2
2020,영등포구,신길1동,1119063,106,20,1651.1,4.511202185792349,103.1,0.0,0.0,0.0,0.0,0.0,1.0,1.0,1.0,1.0,1.0,0.8552631578947368,0.0,0.16666666666666669,0.34064327485380114,284,2
2020,영등포구,신길3동,1119065,106,20,1651.1,4.511202185792349,103.1,0.0,0.0,0.0,0.0,0.0,1.0,1.0,1.0,1.0,1.0,0.8552631578947368,0.0,0.16666666666666669,0.34064327485380114,284,2
2020,영등포구,신길4동,1119066,106,20,1651.1,4.511202185792349,103.1,0.0,0.0,0.0,0.0,0.0,1.0,1.0,1.0,1.0,1.0,0.8552631578947368,0.0,0.16666666666666669,0.34064327485380114,284,2
2020,영등포구,신길5동,1119067,106,20,1651.1,4.511202185792349,103.1,0.0,0.0,0.0,0.0,0.0,1.0,1.0,1.0,1.0,1.0,0.8552631578947368,0.0,0.16666666666666669,0.34064327485380114,284,2
2020,영등포구,신길6동,1119068,106,20,1651.1,4.511202185792349,103.1,0.0,0.0,0.0,0.0,0.0,1.0,1.0,1.0,1.0,1.0,0.8552631578947368,0.0,0.16666666666666669,0.34064327485380114,284,2
2020,영등포구,신길7동,1119069,106,20,1651.1,4.511202185792349,103.1,0.0,0.0,0.0,0.0,0.0,5.0,5.0,3.0,15.0,1.0,0.8552631578947368,0.0,0.8095238095238095,0.5549289891395155,60,5
2020,영등포구,대림1동,1119070,106,20,1651.1,4.511202185792349,103.1,0.0,0.0,0.0,0.0,0.0,1.0,1.0,1.0,1.0,1.0,0.8552631578947368,0.0,0.16666666666666669,0.34064327485380114,284,2
2020,영등포구,대림2동,1119071,106,20,1651.1,4.511202185792349,103.1,0.0,0.0,0.0,0.0,0.0,1.0,1.0,1.0,1.0,1.0,0.8552631578947368,0.0,0.16666666666666669,0.34064327485380114,284,2
2020,영등포구,대림3동,1119072,106,20,1651.1,4.511202185792349,103.1,0.0,0.0,0.0,0.0,0.0,1.0,1.0,1.0,1.0,1.0,0.8552631578947368,0.0,0.16666666666666669,0.34064327485380114,284,2
2020,영등포구,영등포본동,1119073,106,20,1651.1,4.511202185792349,103.1,0.0,0.0,0.0,0.0,0.0,4.0,4.0,2.5,10.0,1.0,0.8552631578947368,0.0,0.6309523809523809,0.4954051796157059,108,4
2020,영등포구,영등포동,1119074,106,20,1651.1,4.511202185792349,103.1,0.0,0.0,0.0,0.0,0.0,3.0,3.0,2.0,6.0,1.0,0.8552631578947368,0.0,0.4642857142857143,0.4398496240601504,160,3
2020,영등포구,도림동,1119075,106,20,1651.1,4.511202185792349,103.1,0.0,0.0,0.0,0.0,0.0,1.0,1.0,1.0,1.0,1.0,0.8552631578947368,0.0,0.16666666666666669,0.34064327485380114,284,2
2020,영등포구,문래동,1119076,106,20,1651.1,4.511202185792349,103.1,0.0,0.0,0.0,0.0,0.0,5.0,5.0,3.0,15.0,1.0,0.8552631578947368,0.0,0.8095238095238095,0.5549289891395155,60,5
2020,동작구,노량진2동,1120052,106,20,1651.1,4.511202185792349,103.1,0.0,0.0,0.0,0.0,0.0,1.0,1.0,1.0,1.0,1.0,0.8552631578947368,0.0,0.16666666666666669,0.34064327485380114,284,2
2020,동작구,상도1동,1120053,106,20,1651.1,4.511202185792349,103.1,0.0,0.0,0.0,0.0,0.0,2.0,2.0,1.5,3.0,1.0,0.8552631578947368,0.0,0.3095238095238095,0.38826232247284875,219,3
2020,동작구,상도2동,1120054,106,20,1651.1,4.511202185792349,103.1,0.0,0.0,0.0,0.0,0.0,5.0,5.0,3.0,15.0,1.0,0.8552631578947368,0.0,0.8095238095238095,0.5549289891395155,60,5
2020,동작구,상도3동,1120055,106,20,1651.1,4.511202185792349,103.1,1.0,89.0,0.5,0.5,1.0,1.0,1.0,1.0,1.0,1.0,0.8552631578947368,0.4308450729722475,0.16666666666666669,0.48425829917788366,136,4
2020,동작구,상도4동,1120056,106,20,1651.1,4.511202185792349,103.1,0.0,0.0,0.0,0.0,0.0,2.0,2.0,1.5,3.0,1.0,0.8552631578947368,0.0,0.3095238095238095,0.38826232247284875,219,3
2020,동작구,사당1동,1120063,106,20,1651.1,4.511202185792349,103.1,0.0,0.0,0.0,0.0,0.0,2.0,2.0,1.5,3.0,1.0,0.8552631578947368,0.0,0.3095238095238095,0.38826232247284875,219,3
2020,동작구,사당3동,1120065,106,20,1651.1,4.511202185792349,103.1,0.0,0.0,0.0,0.0,0.0,1.0,1.0,1.0,1.0,1.0,0.8552631578947368,0.0,0.16666666666666669,0.34064327485380114,284,2
2020,동작구,사당4동,1120066,106,20,1651.1,4.511202185792349,103.1,0.0,0.0,0.0,0.0,0.0,0.0,0.0,0.0,0.0,0.0,0.8552631578947368,0.0,0.0,0.2850877192982456,391,1
2020,동작구,사당5동,1120067,106,20,1651.1,4.511202185792349,103.1,1.0,231.0,0.5,0.5,1.0,0.0,0.0,0.0,0.0,0.0,0.8552631578947368,0.431004194913173,0.0,0.4287557842693033,204,3
2020,동작구,대방동,1120068,106,20,1651.1,4.511202185792349,103.1,0.0,0.0,0.0,0.0,0.0,5.0,5.0,3.0,15.0,1.0,0.8552631578947368,0.0,0.8095238095238095,0.5549289891395155,60,5
2020,동작구,신대방1동,1120069,106,20,1651.1,4.511202185792349,103.1,0.0,0.0,0.0,0.0,0.0,2.0,2.0,1.5,3.0,1.0,0.8552631578947368,0.0,0.3095238095238095,0.38826232247284875,219,3
2020,동작구,신대방2동,1120070,106,20,1651.1,4.511202185792349,103.1,0.0,0.0,0.0,0.0,0.0,3.0,3.0,2.0,6.0,1.0,0.8552631578947368,0.0,0.4642857142857143,0.4398496240601504,160,3
2020,동작구,흑석동,1120071,106,20,1651.1,4.511202185792349,103.1,0.0,0.0,0.0,0.0,0.0,4.0,4.0,2.5,10.0,1.0,0.8552631578947368,0.0,0.6309523809523809,0.4954051796157059,108,4
2020,동작구,노량진1동,1120072,106,20,1651.1,4.511202185792349,103.1,0.0,0.0,0.0,0.0,0.0,1.0,1.0,1.0,1.0,1.0,0.8552631578947368,0.0,0.16666666666666669,0.34064327485380114,284,2
2020,동작구,사당2동,1120073,106,20,1651.1,4.511202185792349,103.1,0.0,0.0,0.0,0.0,0.0,2.0,2.0,1.5,3.0,1.0,0.8552631578947368,0.0,0.3095238095238095,0.38826232247284875,219,3
2020,관악구,보라매동,1121052,106,20,1651.1,4.511202185792349,103.1,0.0,0.0,0.0,0.0,0.0,4.0,4.0,2.5,10.0,1.0,0.8552631578947368,0.0,0.6309523809523809,0.4954051796157059,108,4
2020,관악구,청림동,1121054,106,20,1651.1,4.511202185792349,103.1,0.0,0.0,0.0,0.0,0.0,0.0,0.0,0.0,0.0,0.0,0.8552631578947368,0.0,0.0,0.2850877192982456,391,1
2020,관악구,행운동,1121057,106,20,1651.1,4.511202185792349,103.1,0.0,0.0,0.0,0.0,0.0,1.0,1.0,1.0,1.0,1.0,0.8552631578947368,0.0,0.16666666666666669,0.34064327485380114,284,2
2020,관악구,낙성대동,1121058,106,20,1651.1,4.511202185792349,103.1,0.0,0.0,0.0,0.0,0.0,5.0,5.0,3.0,15.0,1.0,0.8552631578947368,0.0,0.8095238095238095,0.5549289891395155,60,5
2020,관악구,중앙동,1121061,106,20,1651.1,4.511202185792349,103.1,0.0,0.0,0.0,0.0,0.0,3.0,3.0,2.0,6.0,1.0,0.8552631578947368,0.0,0.4642857142857143,0.4398496240601504,160,3
2020,관악구,인헌동,1121062,106,20,1651.1,4.511202185792349,103.1,0.0,0.0,0.0,0.0,0.0,1.0,1.0,1.0,1.0,1.0,0.8552631578947368,0.0,0.16666666666666669,0.34064327485380114,284,2
2020,관악구,남현동,1121063,106,20,1651.1,4.511202185792349,103.1,0.0,0.0,0.0,0.0,0.0,1.0,1.0,1.0,1.0,1.0,0.8552631578947368,0.0,0.16666666666666669,0.34064327485380114,284,2
2020,관악구,서원동,1121064,106,20,1651.1,4.511202185792349,103.1,0.0,0.0,0.0,0.0,0.0,1.0,1.0,1.0,1.0,1.0,0.8552631578947368,0.0,0.16666666666666669,0.34064327485380114,284,2
2020,관악구,신원동,1121065,106,20,1651.1,4.511202185792349,103.1,0.0,0.0,0.0,0.0,0.0,1.0,1.0,1.0,1.0,1.0,0.8552631578947368,0.0,0.16666666666666669,0.34064327485380114,284,2
2020,관악구,서림동,1121066,106,20,1651.1,4.511202185792349,103.1,0.0,0.0,0.0,0.0,0.0,3.0,3.0,2.0,6.0,1.0,0.8552631578947368,0.0,0.4642857142857143,0.4398496240601504,160,4
2020,관악구,신사동,1121068,106,20,1651.1,4.511202185792349,103.1,0.0,0.0,0.0,0.0,0.0,1.0,1.0,1.0,1.0,1.0,0.8552631578947368,0.0,0.16666666666666669,0.34064327485380114,284,2
2020,관악구,신림동,1121069,106,20,1651.1,4.511202185792349,103.1,0.0,0.0,0.0,0.0,0.0,4.0,4.0,2.5,10.0,1.0,0.8552631578947368,0.0,0.6309523809523809,0.4954051796157059,108,4
2020,관악구,난향동,1121071,106,20,1651.1,4.511202185792349,103.1,0.0,0.0,0.0,0.0,0.0,0.0,0.0,0.0,0.0,0.0,0.8552631578947368,0.0,0.0,0.2850877192982456,391,1
2020,관악구,조원동,1121072,106,20,1651.1,4.511202185792349,103.1,0.0,0.0,0.0,0.0,0.0,1.0,1.0,1.0,1.0,1.0,0.8552631578947368,0.0,0.16666666666666669,0.34064327485380114,284,2
2020,관악구,대학동,1121073,106,20,1651.1,4.511202185792349,103.1,0.0,0.0,0.0,0.0,0.0,1.0,1.0,1.0,1.0,1.0,0.8552631578947368,0.0,0.16666666666666669,0.34064327485380114,284,2
2020,관악구,은천동,1121078,106,20,1651.1,4.511202185792349,103.1,0.0,0.0,0.0,0.0,0.0,4.0,4.0,2.5,10.0,1.0,0.8552631578947368,0.0,0.6309523809523809,0.4954051796157059,108,4
2020,관악구,성현동,1121079,106,20,1651.1,4.511202185792349,103.1,0.0,0.0,0.0,0.0,0.0,1.0,1.0,1.0,1.0,1.0,0.8552631578947368,0.0,0.16666666666666669,0.34064327485380114,284,2
2020,관악구,청룡동,1121080,106,20,1651.1,4.511202185792349,103.1,0.0,0.0,0.0,0.0,0.0,2.0,2.0,1.5,3.0,1.0,0.8552631578947368,0.0,0.3095238095238095,0.38826232247284875,219,3
2020,관악구,난곡동,1121081,106,20,1651.1,4.511202185792349,103.1,0.0,0.0,0.0,0.0,0.0,1.0,1.0,1.0,1.0,1.0,0.8552631578947368,0.0,0.16666666666666669,0.34064327485380114,284,2
2020,관악구,삼성동,1121082,106,20,1651.1,4.511202185792349,103.1,0.0,0.0,0.0,0.0,0.0,1.0,1.0,1.0,1.0,1.0,0.8552631578947368,0.0,0.16666666666666669,0.34064327485380114,284,2
2020,관악구,미성동,1121083,106,20,1651.1,4.511202185792349,103.1,0.0,0.0,0.0,0.0,0.0,1.0,1.0,1.0,1.0,1.0,0.8552631578947368,0.0,0.16666666666666669,0.34064327485380114,284,2
2020,서초구,서초1동,1122051,106,20,1651.1,4.511202185792349,103.1,0.0,0.0,0.0,0.0,0.0,1.0,1.0,1.0,1.0,1.0,0.8552631578947368,0.0,0.16666666666666669,0.34064327485380114,284,2
2020,서초구,서초2동,1122052,106,20,1651.1,4.511202185792349,103.1,0.0,0.0,0.0,0.0,0.0,5.0,5.0,3.0,15.0,1.0,0.8552631578947368,0.0,0.8095238095238095,0.5549289891395155,60,5
2020,서초구,서초3동,1122053,106,20,1651.1,4.511202185792349,103.1,0.0,0.0,0.0,0.0,0.0,1.0,1.0,1.0,1.0,1.0,0.8552631578947368,0.0,0.16666666666666669,0.34064327485380114,284,2
2020,서초구,서초4동,1122054,106,20,1651.1,4.511202185792349,103.1,0.0,0.0,0.0,0.0,0.0,1.0,1.0,1.0,1.0,1.0,0.8552631578947368,0.0,0.16666666666666669,0.34064327485380114,284,2
2020,서초구,잠원동,1122055,106,20,1651.1,4.511202185792349,103.1,0.0,0.0,0.0,0.0,0.0,5.0,5.0,3.0,15.0,1.0,0.8552631578947368,0.0,0.8095238095238095,0.5549289891395155,60,5
2020,서초구,반포본동,1122056,106,20,1651.1,4.511202185792349,103.1,0.0,0.0,0.0,0.0,0.0,1.0,1.0,1.0,1.0,1.0,0.8552631578947368,0.0,0.16666666666666669,0.34064327485380114,284,2
2020,서초구,반포1동,1122057,106,20,1651.1,4.511202185792349,103.1,0.0,0.0,0.0,0.0,0.0,2.0,2.0,1.5,3.0,1.0,0.8552631578947368,0.0,0.3095238095238095,0.38826232247284875,219,3
2020,서초구,반포2동,1122058,106,20,1651.1,4.511202185792349,103.1,0.0,0.0,0.0,0.0,0.0,5.0,5.0,3.0,15.0,1.0,0.8552631578947368,0.0,0.8095238095238095,0.5549289891395155,60,5
2020,서초구,반포3동,1122059,106,20,1651.1,4.511202185792349,103.1,0.0,0.0,0.0,0.0,0.0,5.0,5.0,3.0,15.0,1.0,0.8552631578947368,0.0,0.8095238095238095,0.5549289891395155,60,5
2020,서초구,반포4동,1122060,106,20,1651.1,4.511202185792349,103.1,0.0,0.0,0.0,0.0,0.0,2.0,2.0,1.5,3.0,1.0,0.8552631578947368,0.0,0.3095238095238095,0.38826232247284875,219,3
2020,서초구,방배본동,1122061,106,20,1651.1,4.511202185792349,103.1,1.0,456.0,0.5,0.5,1.0,1.0,1.0,1.0,1.0,1.0,0.8552631578947368,0.43125632474914655,0.16666666666666669,0.48439538310351665,134,4
2020,서초구,방배1동,1122062,106,20,1651.1,4.511202185792349,103.1,0.0,0.0,0.0,0.0,0.0,1.0,1.0,1.0,1.0,1.0,0.8552631578947368,0.0,0.16666666666666669,0.34064327485380114,284,2
2020,서초구,방배2동,1122063,106,20,1651.1,4.511202185792349,103.1,1.0,182.2,0.5,0.5,1.0,3.0,3.0,2.0,6.0,1.0,0.8552631578947368,0.430949510753193,0.4642857142857143,0.5834994609778814,49,5
2020,서초구,방배3동,1122064,106,20,1651.1,4.511202185792349,103.1,1.0,1300.0,0.3,0.3,1.0,1.0,1.0,1.0,1.0,1.0,0.8552631578947368,0.26077352034973794,0.16666666666666669,0.4275677816370472,209,3
2020,서초구,방배4동,1122065,106,20,1651.1,4.511202185792349,103.1,0.0,0.0,0.0,0.0,0.0,1.0,1.0,1.0,1.0,1.0,0.8552631578947368,0.0,0.16666666666666669,0.34064327485380114,284,2
2020,서초구,양재1동,1122066,106,20,1651.1,4.511202185792349,103.1,0.0,0.0,0.0,0.0,0.0,3.0,3.0,2.0,6.0,1.0,0.8552631578947368,0.0,0.4642857142857143,0.4398496240601504,160,4
2020,서초구,양재2동,1122067,106,20,1651.1,4.511202185792349,103.1,0.0,0.0,0.0,0.0,0.0,5.0,5.0,3.0,15.0,1.0,0.8552631578947368,0.0,0.8095238095238095,0.5549289891395155,60,5
2020,서초구,내곡동,1122068,106,20,1651.1,4.511202185792349,103.1,0.0,0.0,0.0,0.0,0.0,5.0,5.0,3.0,15.0,1.0,0.8552631578947368,0.0,0.8095238095238095,0.5549289891395155,60,5
2020,강남구,신사동,1123051,106,20,1651.1,4.511202185792349,103.1,0.0,0.0,0.0,0.0,0.0,5.0,5.0,3.0,15.0,1.0,0.8552631578947368,0.0,0.8095238095238095,0.5549289891395155,60,5
2020,강남구,논현1동,1123052,106,20,1651.1,4.511202185792349,103.1,4.0,975.9000000000001,0.26666666666666666,0.5,1.0,5.0,5.0,3.0,15.0,1.0,0.8552631578947368,0.32169398522057074,0.8095238095238095,0.6621603175463724,12,5
2020,강남구,논현2동,1123053,106,20,1651.1,4.511202185792349,103.1,0.0,0.0,0.0,0.0,0.0,2.0,2.0,1.5,3.0,1.0,0.8552631578947368,0.0,0.3095238095238095,0.38826232247284875,219,3
2020,강남구,삼성1동,1123058,106,20,1651.1,4.511202185792349,103.1,1.0,271.2,0.5,0.5,1.0,3.0,3.0,2.0,6.0,1.0,0.8552631578947368,0.43104924211053364,0.4642857142857143,0.5835327047636616,47,5
2020,강남구,삼성2동,1123059,106,20,1651.1,4.511202185792349,103.1,0.0,0.0,0.0,0.0,0.0,2.0,2.0,1.5,3.0,1.0,0.8552631578947368,0.0,0.3095238095238095,0.38826232247284875,219,3
2020,강남구,대치1동,1123060,106,20,1651.1,4.511202185792349,103.1,0.0,0.0,0.0,0.0,0.0,1.0,1.0,1.0,1.0,1.0,0.8552631578947368,0.0,0.16666666666666669,0.34064327485380114,284,2
2020,강남구,대치4동,1123063,106,20,1651.1,4.511202185792349,103.1,1.0,184.2,0.5,0.5,1.0,3.0,3.0,2.0,6.0,1.0,0.8552631578947368,0.4309517519072905,0.4642857142857143,0.5835002080292472,48,5
2020,강남구,역삼1동,1123064,106,20,1651.1,4.511202185792349,103.1,0.0,0.0,0.0,0.0,0.0,5.0,5.0,3.0,15.0,1.0,0.8552631578947368,0.0,0.8095238095238095,0.5549289891395155,60,5
2020,강남구,역삼2동,1123065,106,20,1651.1,4.511202185792349,103.1,0.0,0.0,0.0,0.0,0.0,1.0,1.0,1.0,1.0,1.0,0.8552631578947368,0.0,0.16666666666666669,0.34064327485380114,284,2
2020,강남구,도곡1동,1123066,106,20,1651.1,4.511202185792349,103.1,1.0,218.0,0.1,0.1,1.0,1.0,1.0,1.0,1.0,1.0,0.8552631578947368,0.0881324845543961,0.16666666666666669,0.3700207697052666,281,2
2020,강남구,도곡2동,1123067,106,20,1651.1,4.511202185792349,103.1,0.0,0.0,0.0,0.0,0.0,1.0,1.0,1.0,1.0,1.0,0.8552631578947368,0.0,0.16666666666666669,0.34064327485380114,284,2
2020,강남구,개포1동,1123068,106,20,1651.1,4.511202185792349,103.1,0.0,0.0,0.0,0.0,0.0,2.0,2.0,1.5,3.0,1.0,0.8552631578947368,0.0,0.3095238095238095,0.38826232247284875,219,3
2020,강남구,개포4동,1123071,106,20,1651.1,4.511202185792349,103.1,1.0,108.0,0.5,0.5,1.0,3.0,3.0,2.0,6.0,1.0,0.8552631578947368,0.43086636393617417,0.4642857142857143,0.5834717453722084,51,5
2020,강남구,일원본동,1123072,106,20,1651.1,4.511202185792349,103.1,0.0,0.0,0.0,0.0,0.0,1.0,1.0,1.0,1.0,1.0,0.8552631578947368,0.0,0.16666666666666669,0.34064327485380114,284,2
2020,강남구,일원1동,1123073,106,20,1651.1,4.511202185792349,103.1,0.0,0.0,0.0,0.0,0.0,2.0,2.0,1.5,3.0,1.0,0.8552631578947368,0.0,0.3095238095238095,0.38826232247284875,219,3
2020,강남구,일원2동,1123074,106,20,1651.1,4.511202185792349,103.1,0.0,0.0,0.0,0.0,0.0,2.0,2.0,1.5,3.0,1.0,0.8552631578947368,0.0,0.3095238095238095,0.38826232247284875,219,3
2020,강남구,수서동,1123075,106,20,1651.1,4.511202185792349,103.1,0.0,0.0,0.0,0.0,0.0,2.0,2.0,1.5,3.0,1.0,0.8552631578947368,0.0,0.3095238095238095,0.38826232247284875,219,3
2020,강남구,세곡동,1123076,106,20,1651.1,4.511202185792349,103.1,1.0,315.0,0.3,0.3,1.0,2.0,2.0,1.5,3.0,1.0,0.8552631578947368,0.25966975195669834,0.3095238095238095,0.4748189064584149,145,4
2020,강남구,압구정동,1123077,106,20,1651.1,4.511202185792349,103.1,1.0,295.0,0.3,0.3,1.0,3.0,3.0,2.0,6.0,1.0,0.8552631578947368,0.2596473404157229,0.4642857142857143,0.526398737532058,95,4
2020,강남구,청담동,1123078,106,20,1651.1,4.511202185792349,103.1,0.0,0.0,0.0,0.0,0.0,3.0,3.0,2.0,6.0,1.0,0.8552631578947368,0.0,0.4642857142857143,0.4398496240601504,160,4
2020,강남구,대치2동,1123079,106,20,1651.1,4.511202185792349,103.1,0.0,0.0,0.0,0.0,0.0,1.0,1.0,1.0,1.0,1.0,0.8552631578947368,0.0,0.16666666666666669,0.34064327485380114,284,2
2020,강남구,개포2동,1123080,106,20,1651.1,4.511202185792349,103.1,0.0,0.0,0.0,0.0,0.0,3.0,3.0,2.0,6.0,1.0,0.8552631578947368,0.0,0.4642857142857143,0.4398496240601504,160,4
2020,송파구,풍납1동,1124051,106,20,1651.1,4.511202185792349,103.1,0.0,0.0,0.0,0.0,0.0,2.0,2.0,1.5,3.0,1.0,0.8552631578947368,0.0,0.3095238095238095,0.38826232247284875,219,3
2020,송파구,풍납2동,1124052,106,20,1651.1,4.511202185792349,103.1,0.0,0.0,0.0,0.0,0.0,1.0,1.0,1.0,1.0,1.0,0.8552631578947368,0.0,0.16666666666666669,0.34064327485380114,284,2
2020,송파구,거여1동,1124053,106,20,1651.1,4.511202185792349,103.1,0.0,0.0,0.0,0.0,0.0,0.0,0.0,0.0,0.0,0.0,0.8552631578947368,0.0,0.0,0.2850877192982456,391,1
2020,송파구,거여2동,1124054,106,20,1651.1,4.511202185792349,103.1,0.0,0.0,0.0,0.0,0.0,0.0,0.0,0.0,0.0,0.0,0.8552631578947368,0.0,0.0,0.2850877192982456,391,1
2020,송파구,마천1동,1124055,106,20,1651.1,4.511202185792349,103.1,0.0,0.0,0.0,0.0,0.0,0.0,0.0,0.0,0.0,0.0,0.8552631578947368,0.0,0.0,0.2850877192982456,391,1
2020,송파구,마천2동,1124056,106,20,1651.1,4.511202185792349,103.1,0.0,0.0,0.0,0.0,0.0,0.0,0.0,0.0,0.0,0.0,0.8552631578947368,0.0,0.0,0.2850877192982456,391,1
2020,송파구,방이1동,1124057,106,20,1651.1,4.511202185792349,103.1,0.0,0.0,0.0,0.0,0.0,2.0,2.0,1.5,3.0,1.0,0.8552631578947368,0.0,0.3095238095238095,0.38826232247284875,219,3
2020,송파구,방이2동,1124058,106,20,1651.1,4.511202185792349,103.1,0.0,0.0,0.0,0.0,0.0,1.0,1.0,1.0,1.0,1.0,0.8552631578947368,0.0,0.16666666666666669,0.34064327485380114,284,2
2020,송파구,오륜동,1124059,106,20,1651.1,4.511202185792349,103.1,0.0,0.0,0.0,0.0,0.0,3.0,3.0,2.0,6.0,1.0,0.8552631578947368,0.0,0.4642857142857143,0.4398496240601504,160,4
2020,송파구,오금동,1124060,106,20,1651.1,4.511202185792349,103.1,0.0,0.0,0.0,0.0,0.0,3.0,3.0,2.0,6.0,1.0,0.8552631578947368,0.0,0.4642857142857143,0.4398496240601504,160,4
2020,송파구,송파1동,1124061,106,20,1651.1,4.511202185792349,103.1,0.0,0.0,0.0,0.0,0.0,3.0,3.0,2.0,6.0,1.0,0.8552631578947368,0.0,0.4642857142857143,0.4398496240601504,160,4
2020,송파구,송파2동,1124062,106,20,1651.1,4.511202185792349,103.1,0.0,0.0,0.0,0.0,0.0,3.0,3.0,2.0,6.0,1.0,0.8552631578947368,0.0,0.4642857142857143,0.4398496240601504,160,4
2020,송파구,석촌동,1124063,106,20,1651.1,4.511202185792349,103.1,0.0,0.0,0.0,0.0,0.0,1.0,1.0,1.0,1.0,1.0,0.8552631578947368,0.0,0.16666666666666669,0.34064327485380114,284,2
2020,송파구,삼전동,1124064,106,20,1651.1,4.511202185792349,103.1,0.0,0.0,0.0,0.0,0.0,1.0,1.0,1.0,1.0,1.0,0.8552631578947368,0.0,0.16666666666666669,0.34064327485380114,284,2
2020,송파구,가락본동,1124065,106,20,1651.1,4.511202185792349,103.1,0.0,0.0,0.0,0.0,0.0,1.0,1.0,1.0,1.0,1.0,0.8552631578947368,0.0,0.16666666666666669,0.34064327485380114,284,2
2020,송파구,가락1동,1124066,106,20,1651.1,4.511202185792349,103.1,0.0,0.0,0.0,0.0,0.0,3.0,3.0,2.0,6.0,1.0,0.8552631578947368,0.0,0.4642857142857143,0.4398496240601504,160,4
2020,송파구,가락2동,1124067,106,20,1651.1,4.511202185792349,103.1,0.0,0.0,0.0,0.0,0.0,1.0,1.0,1.0,1.0,1.0,0.8552631578947368,0.0,0.16666666666666669,0.34064327485380114,284,2
2020,송파구,문정1동,1124068,106,20,1651.1,4.511202185792349,103.1,0.0,0.0,0.0,0.0,0.0,2.0,2.0,1.5,3.0,1.0,0.8552631578947368,0.0,0.3095238095238095,0.38826232247284875,219,3
2020,송파구,문정2동,1124069,106,20,1651.1,4.511202185792349,103.1,0.0,0.0,0.0,0.0,0.0,4.0,4.0,2.5,10.0,1.0,0.8552631578947368,0.0,0.6309523809523809,0.4954051796157059,108,4
2020,송파구,잠실본동,1124071,106,20,1651.1,4.511202185792349,103.1,0.0,0.0,0.0,0.0,0.0,1.0,1.0,1.0,1.0,1.0,0.8552631578947368,0.0,0.16666666666666669,0.34064327485380114,284,2
2020,송파구,잠실4동,1124075,106,20,1651.1,4.511202185792349,103.1,0.0,0.0,0.0,0.0,0.0,1.0,1.0,1.0,1.0,1.0,0.8552631578947368,0.0,0.16666666666666669,0.34064327485380114,284,2
2020,송파구,잠실6동,1124077,106,20,1651.1,4.511202185792349,103.1,0.0,0.0,0.0,0.0,0.0,1.0,1.0,1.0,1.0,1.0,0.8552631578947368,0.0,0.16666666666666669,0.34064327485380114,284,2
2020,송파구,잠실7동,1124078,106,20,1651.1,4.511202185792349,103.1,0.0,0.0,0.0,0.0,0.0,0.0,0.0,0.0,0.0,0.0,0.8552631578947368,0.0,0.0,0.2850877192982456,391,1
2020,송파구,잠실2동,1124079,106,20,1651.1,4.511202185792349,103.1,0.0,0.0,0.0,0.0,0.0,1.0,1.0,1.0,1.0,1.0,0.8552631578947368,0.0,0.16666666666666669,0.34064327485380114,284,2
2020,송파구,잠실3동,1124080,106,20,1651.1,4.511202185792349,103.1,0.0,0.0,0.0,0.0,0.0,1.0,1.0,1.0,1.0,1.0,0.8552631578947368,0.0,0.16666666666666669,0.34064327485380114,284,2
2020,송파구,장지동,1124081,106,20,1651.1,4.511202185792349,103.1,0.0,0.0,0.0,0.0,0.0,3.0,3.0,2.0,6.0,1.0,0.8552631578947368,0.0,0.4642857142857143,0.4398496240601504,160,4
2020,송파구,위례동,1124082,106,20,1651.1,4.511202185792349,103.1,0.0,0.0,0.0,0.0,0.0,0.0,0.0,0.0,0.0,0.0,0.8552631578947368,0.0,0.0,0.2850877192982456,391,1
2020,강동구,강일동,1125051,106,20,1651.1,4.511202185792349,103.1,2.0,660.0,0.3,0.3,1.0,2.0,2.0,1.5,3.0,1.0,0.8552631578947368,0.2622302640820027,0.3095238095238095,0.475672410500183,142,4
2020,강동구,상일동,1125052,106,20,1651.1,4.511202185792349,103.1,0.0,0.0,0.0,0.0,0.0,3.0,3.0,2.0,6.0,1.0,0.8552631578947368,0.0,0.4642857142857143,0.4398496240601504,160,4
2020,강동구,명일1동,1125053,106,20,1651.1,4.511202185792349,103.1,23.0,84236.5,0.3521739130434782,0.5,1.0,2.0,2.0,1.5,3.0,1.0,0.8552631578947368,0.4990518736619819,0.3095238095238095,0.5546129470268427,86,4
2020,강동구,명일2동,1125054,106,20,1651.1,4.511202185792349,103.1,0.0,0.0,0.0,0.0,0.0,2.0,2.0,1.5,3.0,1.0,0.8552631578947368,0.0,0.3095238095238095,0.38826232247284875,219,3
2020,강동구,고덕1동,1125055,106,20,1651.1,4.511202185792349,103.1,4.0,902.3000000000001,0.4666666666666667,0.5,1.0,3.0,3.0,2.0,6.0,1.0,0.8552631578947368,0.4216115107497812,0.4642857142857143,0.5803867943100774,53,5
2020,강동구,고덕2동,1125056,106,20,1651.1,4.511202185792349,103.1,8.0,1534.0,0.3333333333333333,0.5,1.0,3.0,3.0,2.0,6.0,1.0,0.8552631578947368,0.36434836477873633,0.4642857142857143,0.5612990789863957,59,5
2020,강동구,암사2동,1125058,106,20,1651.1,4.511202185792349,103.1,3.0,642.6,0.5,0.5,1.0,1.0,1.0,1.0,1.0,1.0,0.8552631578947368,0.4358132505134037,0.16666666666666669,0.48591435835826907,130,4
2020,강동구,암사3동,1125059,106,20,1651.1,4.511202185792349,103.1,4.0,5545.3,0.3,0.3,1.0,3.0,3.0,2.0,6.0,1.0,0.8552631578947368,0.27205244522532107,0.4642857142857143,0.5305337724685907,91,4
2020,강동구,천호1동,1125061,106,20,1651.1,4.511202185792349,103.1,16.0,5475.299999999999,0.27619047619047615,0.5,1.0,1.0,1.0,1.0,1.0,1.0,0.8552631578947368,0.3575847708774557,0.16666666666666669,0.45983819847961976,157,4
2020,강동구,천호3동,1125063,106,20,1651.1,4.511202185792349,103.1,12.0,1757.0,0.39999999999999997,0.5,1.0,2.0,2.0,1.5,3.0,1.0,0.8552631578947368,0.4066272389678587,0.3095238095238095,0.523804735462135,99,4
2020,강동구,성내1동,1125065,106,20,1651.1,4.511202185792349,103.1,1.0,201.9,0.3,0.3,1.0,1.0,1.0,1.0,1.0,1.0,0.8552631578947368,0.2595430146924823,0.16666666666666669,0.42715761308462863,211,3
2020,강동구,성내2동,1125066,106,20,1651.1,4.511202185792349,103.1,6.0,679.0,0.43333333333333335,0.5,1.0,1.0,1.0,1.0,1.0,1.0,0.8552631578947368,0.40904244531508044,0.16666666666666669,0.47699075662549467,140,4
2020,강동구,성내3동,1125067,106,20,1651.1,4.511202185792349,103.1,5.0,872.8,0.42000000000000004,0.5,1.0,1.0,1.0,1.0,1.0,1.0,0.8552631578947368,0.40041903343698737,0.16666666666666669,0.47411628599946365,148,4
2020,강동구,둔촌1동,1125070,106,20,1651.1,4.511202185792349,103.1,0.0,0.0,0.0,0.0,0.0,1.0,1.0,1.0,1.0,1.0,0.8552631578947368,0.0,0.16666666666666669,0.34064327485380114,284,2
2020,강동구,둔촌2동,1125071,106,20,1651.1,4.511202185792349,103.1,12.0,31100.4,0.3909090909090909,0.5,1.0,1.0,1.0,1.0,1.0,1.0,0.8552631578947368,0.43496332499531665,0.16666666666666669,0.48563104985224004,133,4
2020,강동구,암사1동,1125072,106,20,1651.1,4.511202185792349,103.1,7.0,1305.2,0.35,0.5,1.0,1.0,1.0,1.0,1.0,1.0,0.8552631578947368,0.37025139703983256,0.16666666666666669,0.46406040720041203,156,4
2020,강동구,천호2동,1125073,106,20,1651.1,4.511202185792349,103.1,6.0,1032.4,0.43333333333333335,0.5,1.0,2.0,2.0,1.5,3.0,1.0,0.8552631578947368,0.4094384572441162,0.3095238095238095,0.5247418082208876,98,4
2020,강동구,길동,1125074,106,20,1651.1,4.511202185792349,103.1,14.0,3447.8,0.41428571428571426,0.5,1.0,3.0,3.0,2.0,6.0,1.0,0.8552631578947368,0.4200125938717346,0.4642857142857143,0.5798538220173953,54,5
2020,구로구,오류2동,1117073,106,20,1651.1,4.511202185792349,103.1,0.0,0.0,0.0,0.0,0.0,5.0,5.0,3.0,15.0,1.0,0.8552631578947368,0.0,0.8095238095238095,0.5549289891395155,60,5
2021,종로구,사직동,1101053,117,9,1186.5,3.250684931506849,77.4,1.0,66.1,0.3,0.3,1.0,3.0,3.0,2.0,6.0,1.0,0.4745647934402593,0.2593908403292592,0.4642857142857143,0.39941378268507766,96,4
2021,종로구,삼청동,1101054,117,9,1186.5,3.250684931506849,77.4,0.0,0.0,0.0,0.0,0.0,1.0,1.0,1.0,1.0,1.0,0.4745647934402593,0.0,0.16666666666666669,0.213743820035642,284,1
2021,종로구,부암동,1101055,117,9,1186.5,3.250684931506849,77.4,0.0,0.0,0.0,0.0,0.0,4.0,4.0,2.5,10.0,1.0,0.4745647934402593,0.0,0.6309523809523809,0.36850572479754673,108,4
2021,종로구,평창동,1101056,117,9,1186.5,3.250684931506849,77.4,0.0,0.0,0.0,0.0,0.0,3.0,3.0,2.0,6.0,1.0,0.4745647934402593,0.0,0.4642857142857143,0.3129501692419912,160,3
2021,종로구,무악동,1101057,117,9,1186.5,3.250684931506849,77.4,0.0,0.0,0.0,0.0,0.0,0.0,0.0,0.0,0.0,0.0,0.4745647934402593,0.0,0.0,0.15818826448008644,391,1
2021,종로구,교남동,1101058,117,9,1186.5,3.250684931506849,77.4,0.0,0.0,0.0,0.0,0.0,0.0,0.0,0.0,0.0,0.0,0.4745647934402593,0.0,0.0,0.15818826448008644,391,1
2021,종로구,가회동,1101060,117,9,1186.5,3.250684931506849,77.4,1.0,193.7,0.3,0.3,1.0,4.0,4.0,2.5,10.0,1.0,0.4745647934402593,0.2595338259606824,0.6309523809523809,0.45501700011777424,52,5
2021,종로구,종로1·2·3·4가동,1101061,117,9,1186.5,3.250684931506849,77.4,0.0,0.0,0.0,0.0,0.0,3.0,3.0,2.0,6.0,1.0,0.4745647934402593,0.0,0.4642857142857143,0.3129501692419912,160,3
2021,종로구,종로5·6가동,1101063,117,9,1186.5,3.250684931506849,77.4,1.0,49.6,0.3,0.3,1.0,2.0,2.0,1.5,3.0,1.0,0.4745647934402593,0.25937235080795445,0.3095238095238095,0.34782031792400775,146,4
2021,종로구,이화동,1101064,117,9,1186.5,3.250684931506849,77.4,0.0,0.0,0.0,0.0,0.0,2.0,2.0,1.5,3.0,1.0,0.4745647934402593,0.0,0.3095238095238095,0.2613628676546896,219,2
2021,종로구,창신1동,1101067,117,9,1186.5,3.250684931506849,77.4,0.0,0.0,0.0,0.0,0.0,2.0,2.0,1.5,3.0,1.0,0.4745647934402593,0.0,0.3095238095238095,0.2613628676546896,219,2
2021,종로구,창신2동,1101068,117,9,1186.5,3.250684931506849,77.4,0.0,0.0,0.0,0.0,0.0,1.0,1.0,1.0,1.0,1.0,0.4745647934402593,0.0,0.16666666666666669,0.213743820035642,284,1
2021,종로구,창신3동,1101069,117,9,1186.5,3.250684931506849,77.4,0.0,0.0,0.0,0.0,0.0,0.0,0.0,0.0,0.0,0.0,0.4745647934402593,0.0,0.0,0.15818826448008644,391,1
2021,종로구,숭인1동,1101070,117,9,1186.5,3.250684931506849,77.4,0.0,0.0,0.0,0.0,0.0,1.0,1.0,1.0,1.0,1.0,0.4745647934402593,0.0,0.16666666666666669,0.213743820035642,284,1
2021,종로구,숭인2동,1101071,117,9,1186.5,3.250684931506849,77.4,0.0,0.0,0.0,0.0,0.0,2.0,2.0,1.5,3.0,1.0,0.4745647934402593,0.0,0.3095238095238095,0.2613628676546896,219,2
2021,종로구,청운효자동,1101072,117,9,1186.5,3.250684931506849,77.4,0.0,0.0,0.0,0.0,0.0,6.0,6.0,3.5,21.0,1.0,0.4745647934402593,0.0,1.0,0.49152159781341975,22,5
2021,종로구,혜화동,1101073,117,9,1186.5,3.250684931506849,77.4,0.0,0.0,0.0,0.0,0.0,3.0,3.0,2.0,6.0,1.0,0.4745647934402593,0.0,0.4642857142857143,0.3129501692419912,160,3
2021,중구,소공동,1102052,117,9,1186.5,3.250684931506849,77.4,0.0,0.0,0.0,0.0,0.0,2.0,2.0,1.5,3.0,1.0,0.4745647934402593,0.0,0.3095238095238095,0.2613628676546896,219,2
2021,중구,회현동,1102054,117,9,1186.5,3.250684931506849,77.4,0.0,0.0,0.0,0.0,0.0,1.0,1.0,1.0,1.0,1.0,0.4745647934402593,0.0,0.16666666666666669,0.213743820035642,284,1
2021,중구,명동,1102055,117,9,1186.5,3.250684931506849,77.4,0.0,0.0,0.0,0.0,0.0,3.0,3.0,2.0,6.0,1.0,0.4745647934402593,0.0,0.4642857142857143,0.3129501692419912,160,3
2021,중구,필동,1102057,117,9,1186.5,3.250684931506849,77.4,0.0,0.0,0.0,0.0,0.0,2.0,2.0,1.5,3.0,1.0,0.4745647934402593,0.0,0.3095238095238095,0.2613628676546896,219,2
2021,중구,장충동,1102058,117,9,1186.5,3.250684931506849,77.4,0.0,0.0,0.0,0.0,0.0,4.0,4.0,2.5,10.0,1.0,0.4745647934402593,0.0,0.6309523809523809,0.36850572479754673,108,4
2021,중구,광희동,1102059,117,9,1186.5,3.250684931506849,77.4,0.0,0.0,0.0,0.0,0.0,6.0,6.0,3.5,21.0,1.0,0.4745647934402593,0.0,1.0,0.49152159781341975,22,5
2021,중구,을지로동,1102060,117,9,1186.5,3.250684931506849,77.4,0.0,0.0,0.0,0.0,0.0,2.0,2.0,1.5,3.0,1.0,0.4745647934402593,0.0,0.3095238095238095,0.2613628676546896,219,2
2021,중구,신당5동,1102065,117,9,1186.5,3.250684931506849,77.4,0.0,0.0,0.0,0.0,0.0,2.0,2.0,1.5,3.0,1.0,0.4745647934402593,0.0,0.3095238095238095,0.2613628676546896,219,2
2021,중구,황학동,1102067,117,9,1186.5,3.250684931506849,77.4,0.0,0.0,0.0,0.0,0.0,5.0,6.0,3.4,17.0,1.0,0.4745647934402593,0.0,0.9035714285714287,0.45937874067056267,41,5
2021,중구,중림동,1102068,117,9,1186.5,3.250684931506849,77.4,0.0,0.0,0.0,0.0,0.0,0.0,0.0,0.0,0.0,0.0,0.4745647934402593,0.0,0.0,0.15818826448008644,391,1
2021,중구,신당동,1102069,117,9,1186.5,3.250684931506849,77.4,0.0,0.0,0.0,0.0,0.0,4.0,4.0,2.5,10.0,1.0,0.4745647934402593,0.0,0.6309523809523809,0.36850572479754673,108,4
2021,중구,다산동,1102070,117,9,1186.5,3.250684931506849,77.4,0.0,0.0,0.0,0.0,0.0,2.0,2.0,1.5,3.0,1.0,0.4745647934402593,0.0,0.3095238095238095,0.2613628676546896,219,2
2021,중구,약수동,1102071,117,9,1186.5,3.250684931506849,77.4,0.0,0.0,0.0,0.0,0.0,2.0,2.0,1.5,3.0,1.0,0.4745647934402593,0.0,0.3095238095238095,0.2613628676546896,219,2
2021,중구,청구동,1102072,117,9,1186.5,3.250684931506849,77.4,0.0,0.0,0.0,0.0,0.0,2.0,2.0,1.5,3.0,1.0,0.4745647934402593,0.0,0.3095238095238095,0.2613628676546896,219,2
2021,중구,동화동,1102073,117,9,1186.5,3.250684931506849,77.4,0.0,0.0,0.0,0.0,0.0,2.0,2.0,1.5,3.0,1.0,0.4745647934402593,0.0,0.3095238095238095,0.2613628676546896,219,2
2021,용산구,후암동,1103051,117,9,1186.5,3.250684931506849,77.4,0.0,0.0,0.0,0.0,0.0,2.0,2.0,1.5,3.0,1.0,0.4745647934402593,0.0,0.3095238095238095,0.2613628676546896,219,2
2021,용산구,용산2가동,1103052,117,9,1186.5,3.250684931506849,77.4,0.0,0.0,0.0,0.0,0.0,3.0,3.0,2.0,6.0,1.0,0.4745647934402593,0.0,0.4642857142857143,0.3129501692419912,160,3
2021,용산구,남영동,1103053,117,9,1186.5,3.250684931506849,77.4,0.0,0.0,0.0,0.0,0.0,2.0,2.0,1.5,3.0,1.0,0.4745647934402593,0.0,0.3095238095238095,0.2613628676546896,219,2
2021,용산구,원효로2동,1103057,117,9,1186.5,3.250684931506849,77.4,0.0,0.0,0.0,0.0,0.0,5.0,5.0,3.0,15.0,1.0,0.4745647934402593,0.0,0.8095238095238095,0.42802953432135626,60,5
2021,용산구,효창동,1103058,117,9,1186.5,3.250684931506849,77.4,0.0,0.0,0.0,0.0,0.0,1.0,1.0,1.0,1.0,1.0,0.4745647934402593,0.0,0.16666666666666669,0.213743820035642,284,1
2021,용산구,용문동,1103059,117,9,1186.5,3.250684931506849,77.4,0.0,0.0,0.0,0.0,0.0,2.0,2.0,1.5,3.0,1.0,0.4745647934402593,0.0,0.3095238095238095,0.2613628676546896,219,2
2021,용산구,이촌1동,1103063,117,9,1186.5,3.250684931506849,77.4,0.0,0.0,0.0,0.0,0.0,5.0,6.0,3.2,16.0,1.0,0.4745647934402593,0.0,0.8773809523809524,0.45064858194040386,55,5
2021,용산구,이촌2동,1103064,117,9,1186.5,3.250684931506849,77.4,0.0,0.0,0.0,0.0,0.0,0.0,0.0,0.0,0.0,0.0,0.4745647934402593,0.0,0.0,0.15818826448008644,391,1
2021,용산구,이태원1동,1103065,117,9,1186.5,3.250684931506849,77.4,0.0,0.0,0.0,0.0,0.0,3.0,3.0,2.0,6.0,1.0,0.4745647934402593,0.0,0.4642857142857143,0.3129501692419912,160,3
2021,용산구,이태원2동,1103066,117,9,1186.5,3.250684931506849,77.4,0.0,0.0,0.0,0.0,0.0,3.0,3.0,2.0,6.0,1.0,0.4745647934402593,0.0,0.4642857142857143,0.3129501692419912,160,3
2021,용산구,서빙고동,1103069,117,9,1186.5,3.250684931506849,77.4,0.0,0.0,0.0,0.0,0.0,6.0,6.0,3.5,21.0,1.0,0.4745647934402593,0.0,1.0,0.49152159781341975,22,5
2021,용산구,보광동,1103070,117,9,1186.5,3.250684931506849,77.4,0.0,0.0,0.0,0.0,0.0,6.0,6.0,3.5,21.0,1.0,0.4745647934402593,0.0,1.0,0.49152159781341975,22,5
2021,용산구,청파동,1103071,117,9,1186.5,3.250684931506849,77.4,0.0,0.0,0.0,0.0,0.0,0.0,0.0,0.0,0.0,0.0,0.4745647934402593,0.0,0.0,0.15818826448008644,391,1
2021,용산구,원효로1동,1103072,117,9,1186.5,3.250684931506849,77.4,0.0,0.0,0.0,0.0,0.0,2.0,2.0,1.5,3.0,1.0,0.4745647934402593,0.0,0.3095238095238095,0.2613628676546896,219,2
2021,용산구,한강로동,1103073,117,9,1186.5,3.250684931506849,77.4,0.0,0.0,0.0,0.0,0.0,6.0,6.0,3.5,21.0,1.0,0.4745647934402593,0.0,1.0,0.49152159781341975,22,5
2021,용산구,한남동,1103074,117,9,1186.5,3.250684931506849,77.4,0.0,0.0,0.0,0.0,0.0,6.0,6.0,3.5,21.0,1.0,0.4745647934402593,0.0,1.0,0.49152159781341975,22,5
2021,성동구,왕십리2동,1104052,117,9,1186.5,3.250684931506849,77.4,0.0,0.0,0.0,0.0,0.0,1.0,1.0,1.0,1.0,1.0,0.4745647934402593,0.0,0.16666666666666669,0.213743820035642,284,1
2021,성동구,마장동,1104054,117,9,1186.5,3.250684931506849,77.4,0.0,0.0,0.0,0.0,0.0,5.0,5.0,3.0,15.0,1.0,0.4745647934402593,0.0,0.8095238095238095,0.42802953432135626,60,5
2021,성동구,사근동,1104055,117,9,1186.5,3.250684931506849,77.4,0.0,0.0,0.0,0.0,0.0,2.0,2.0,1.5,3.0,1.0,0.4745647934402593,0.0,0.3095238095238095,0.2613628676546896,219,2
2021,성동구,행당1동,1104056,117,9,1186.5,3.250684931506849,77.4,0.0,0.0,0.0,0.0,0.0,4.0,4.0,2.5,10.0,1.0,0.4745647934402593,0.0,0.6309523809523809,0.36850572479754673,108,4
2021,성동구,행당2동,1104057,117,9,1186.5,3.250684931506849,77.4,0.0,0.0,0.0,0.0,0.0,1.0,1.0,1.0,1.0,1.0,0.4745647934402593,0.0,0.16666666666666669,0.213743820035642,284,1
2021,성동구,응봉동,1104058,117,9,1186.5,3.250684931506849,77.4,0.0,0.0,0.0,0.0,0.0,2.0,2.0,1.5,3.0,1.0,0.4745647934402593,0.0,0.3095238095238095,0.2613628676546896,219,2
2021,성동구,금호1가동,1104059,117,9,1186.5,3.250684931506849,77.4,0.0,0.0,0.0,0.0,0.0,6.0,6.0,3.5,21.0,1.0,0.4745647934402593,0.0,1.0,0.49152159781341975,22,5
2021,성동구,금호4가동,1104062,117,9,1186.5,3.250684931506849,77.4,0.0,0.0,0.0,0.0,0.0,6.0,6.0,3.5,21.0,1.0,0.4745647934402593,0.0,1.0,0.49152159781341975,22,5
2021,성동구,성수1가1동,1104065,117,9,1186.5,3.250684931506849,77.4,0.0,0.0,0.0,0.0,0.0,1.0,1.0,1.0,1.0,1.0,0.4745647934402593,0.0,0.16666666666666669,0.213743820035642,284,1
2021,성동구,성수1가2동,1104066,117,9,1186.5,3.250684931506849,77.4,0.0,0.0,0.0,0.0,0.0,1.0,1.0,1.0,1.0,1.0,0.4745647934402593,0.0,0.16666666666666669,0.213743820035642,284,1
2021,성동구,성수2가1동,1104067,117,9,1186.5,3.250684931506849,77.4,0.0,0.0,0.0,0.0,0.0,2.0,2.0,1.5,3.0,1.0,0.4745647934402593,0.0,0.3095238095238095,0.2613628676546896,219,2
2021,성동구,성수2가3동,1104068,117,9,1186.5,3.250684931506849,77.4,0.0,0.0,0.0,0.0,0.0,2.0,2.0,1.5,3.0,1.0,0.4745647934402593,0.0,0.3095238095238095,0.2613628676546896,219,2
2021,성동구,송정동,1104069,117,9,1186.5,3.250684931506849,77.4,0.0,0.0,0.0,0.0,0.0,3.0,3.0,2.0,6.0,1.0,0.4745647934402593,0.0,0.4642857142857143,0.3129501692419912,160,3
2021,성동구,용답동,1104070,117,9,1186.5,3.250684931506849,77.4,0.0,0.0,0.0,0.0,0.0,2.0,2.0,1.5,3.0,1.0,0.4745647934402593,0.0,0.3095238095238095,0.2613628676546896,219,2
2021,성동구,왕십리도선동,1104071,117,9,1186.5,3.250684931506849,77.4,0.0,0.0,0.0,0.0,0.0,3.0,3.0,2.0,6.0,1.0,0.4745647934402593,0.0,0.4642857142857143,0.3129501692419912,160,3
2021,성동구,금호2·3가동,1104072,117,9,1186.5,3.250684931506849,77.4,0.0,0.0,0.0,0.0,0.0,3.0,3.0,2.0,6.0,1.0,0.4745647934402593,0.0,0.4642857142857143,0.3129501692419912,160,3
2021,성동구,옥수동,1104073,117,9,1186.5,3.250684931506849,77.4,0.0,0.0,0.0,0.0,0.0,5.0,5.0,3.0,15.0,1.0,0.4745647934402593,0.0,0.8095238095238095,0.42802953432135626,60,5
2021,광진구,화양동,1105053,117,9,1186.5,3.250684931506849,77.4,0.0,0.0,0.0,0.0,0.0,2.0,2.0,1.5,3.0,1.0,0.4745647934402593,0.0,0.3095238095238095,0.2613628676546896,219,2
2021,광진구,군자동,1105054,117,9,1186.5,3.250684931506849,77.4,0.0,0.0,0.0,0.0,0.0,3.0,3.0,2.0,6.0,1.0,0.4745647934402593,0.0,0.4642857142857143,0.3129501692419912,160,3
2021,광진구,중곡1동,1105055,117,9,1186.5,3.250684931506849,77.4,0.0,0.0,0.0,0.0,0.0,6.0,6.0,3.5,21.0,1.0,0.4745647934402593,0.0,1.0,0.49152159781341975,22,5
2021,광진구,중곡2동,1105056,117,9,1186.5,3.250684931506849,77.4,0.0,0.0,0.0,0.0,0.0,1.0,1.0,1.0,1.0,1.0,0.4745647934402593,0.0,0.16666666666666669,0.213743820035642,284,1
2021,광진구,중곡3동,1105057,117,9,1186.5,3.250684931506849,77.4,0.0,0.0,0.0,0.0,0.0,3.0,3.0,2.0,6.0,1.0,0.4745647934402593,0.0,0.4642857142857143,0.3129501692419912,160,3
2021,광진구,중곡4동,1105058,117,9,1186.5,3.250684931506849,77.4,0.0,0.0,0.0,0.0,0.0,1.0,1.0,1.0,1.0,1.0,0.4745647934402593,0.0,0.16666666666666669,0.213743820035642,284,1
2021,광진구,능동,1105059,117,9,1186.5,3.250684931506849,77.4,0.0,0.0,0.0,0.0,0.0,2.0,2.0,1.5,3.0,1.0,0.4745647934402593,0.0,0.3095238095238095,0.2613628676546896,219,2
2021,광진구,구의1동,1105060,117,9,1186.5,3.250684931506849,77.4,0.0,0.0,0.0,0.0,0.0,2.0,2.0,1.5,3.0,1.0,0.4745647934402593,0.0,0.3095238095238095,0.2613628676546896,219,2
2021,광진구,구의2동,1105061,117,9,1186.5,3.250684931506849,77.4,0.0,0.0,0.0,0.0,0.0,2.0,2.0,1.5,3.0,1.0,0.4745647934402593,0.0,0.3095238095238095,0.2613628676546896,219,2
2021,광진구,구의3동,1105062,117,9,1186.5,3.250684931506849,77.4,0.0,0.0,0.0,0.0,0.0,3.0,3.0,2.0,6.0,1.0,0.4745647934402593,0.0,0.4642857142857143,0.3129501692419912,160,3
2021,광진구,광장동,1105063,117,9,1186.5,3.250684931506849,77.4,0.0,0.0,0.0,0.0,0.0,6.0,6.0,3.5,21.0,1.0,0.4745647934402593,0.0,1.0,0.49152159781341975,22,5
2021,광진구,자양1동,1105064,117,9,1186.5,3.250684931506849,77.4,0.0,0.0,0.0,0.0,0.0,2.0,2.0,1.5,3.0,1.0,0.4745647934402593,0.0,0.3095238095238095,0.2613628676546896,219,3
2021,광진구,자양2동,1105065,117,9,1186.5,3.250684931506849,77.4,0.0,0.0,0.0,0.0,0.0,6.0,6.0,3.5,21.0,1.0,0.4745647934402593,0.0,1.0,0.49152159781341975,22,5
2021,광진구,자양3동,1105066,117,9,1186.5,3.250684931506849,77.4,0.0,0.0,0.0,0.0,0.0,2.0,2.0,1.5,3.0,1.0,0.4745647934402593,0.0,0.3095238095238095,0.2613628676546896,219,3
2021,광진구,자양4동,1105067,117,9,1186.5,3.250684931506849,77.4,0.0,0.0,0.0,0.0,0.0,2.0,2.0,1.5,3.0,1.0,0.4745647934402593,0.0,0.3095238095238095,0.2613628676546896,219,3
2021,동대문구,회기동,1106071,117,9,1186.5,3.250684931506849,77.4,0.0,0.0,0.0,0.0,0.0,1.0,1.0,1.0,1.0,1.0,0.4745647934402593,0.0,0.16666666666666669,0.213743820035642,284,1
2021,동대문구,휘경1동,1106072,117,9,1186.5,3.250684931506849,77.4,1.0,102.0,0.5,0.5,1.0,0.0,0.0,0.0,0.0,0.0,0.4745647934402593,0.4308596404738815,0.0,0.30180814463804695,205,3
2021,동대문구,휘경2동,1106073,117,9,1186.5,3.250684931506849,77.4,13.0,2427.0,0.4409090909090909,0.5,1.0,2.0,2.0,1.5,3.0,1.0,0.4745647934402593,0.4300064840885591,0.3095238095238095,0.404698362350876,89,4
2021,동대문구,청량리동,1106080,117,9,1186.5,3.250684931506849,77.4,0.0,0.0,0.0,0.0,0.0,1.0,1.0,1.0,1.0,1.0,0.4745647934402593,0.0,0.16666666666666669,0.213743820035642,284,1
2021,동대문구,용신동,1106081,117,9,1186.5,3.250684931506849,77.4,0.0,0.0,0.0,0.0,0.0,5.0,5.0,3.0,15.0,1.0,0.4745647934402593,0.0,0.8095238095238095,0.42802953432135626,60,5
2021,동대문구,제기동,1106082,117,9,1186.5,3.250684931506849,77.4,0.0,0.0,0.0,0.0,0.0,4.0,4.0,2.5,10.0,1.0,0.4745647934402593,0.0,0.6309523809523809,0.36850572479754673,108,4
2021,동대문구,전농1동,1106083,117,9,1186.5,3.250684931506849,77.4,1.0,335.0,0.3,0.3,1.0,6.0,6.0,3.5,21.0,1.0,0.4745647934402593,0.25969216349767377,1.0,0.5780856523126444,7,5
2021,동대문구,전농2동,1106084,117,9,1186.5,3.250684931506849,77.4,0.0,0.0,0.0,0.0,0.0,6.0,6.0,3.5,21.0,1.0,0.4745647934402593,0.0,1.0,0.49152159781341975,22,5
2021,동대문구,답십리2동,1106086,117,9,1186.5,3.250684931506849,77.4,1.0,116.0,0.3,0.3,1.0,6.0,6.0,3.5,21.0,1.0,0.4745647934402593,0.2594467571239929,1.0,0.5780038501880841,9,5
2021,동대문구,장안1동,1106087,117,9,1186.5,3.250684931506849,77.4,2.0,990.8,0.4,0.5,1.0,6.0,6.0,3.5,21.0,1.0,0.4745647934402593,0.38402952239830757,1.0,0.6195314386128556,5,5
2021,동대문구,장안2동,1106088,117,9,1186.5,3.250684931506849,77.4,0.0,0.0,0.0,0.0,0.0,6.0,6.0,3.5,21.0,1.0,0.4745647934402593,0.0,1.0,0.49152159781341975,22,5
2021,동대문구,이문1동,1106089,117,9,1186.5,3.250684931506849,77.4,0.0,0.0,0.0,0.0,0.0,1.0,1.0,1.0,1.0,1.0,0.4745647934402593,0.0,0.16666666666666669,0.213743820035642,284,1
2021,동대문구,이문2동,1106090,117,9,1186.5,3.250684931506849,77.4,0.0,0.0,0.0,0.0,0.0,2.0,2.0,1.5,3.0,1.0,0.4745647934402593,0.0,0.3095238095238095,0.2613628676546896,219,3
2021,동대문구,답십리1동,1106091,117,9,1186.5,3.250684931506849,77.4,2.0,503.3,0.5,0.5,1.0,6.0,6.0,3.5,21.0,1.0,0.4745647934402593,0.4334832410870316,1.0,0.636016011509097,4,5
2021,중랑구,면목2동,1107052,117,9,1186.5,3.250684931506849,77.4,0.0,0.0,0.0,0.0,0.0,2.0,2.0,1.5,3.0,1.0,0.4745647934402593,0.0,0.3095238095238095,0.2613628676546896,219,3
2021,중랑구,면목4동,1107054,117,9,1186.5,3.250684931506849,77.4,0.0,0.0,0.0,0.0,0.0,5.0,5.0,3.0,15.0,1.0,0.4745647934402593,0.0,0.8095238095238095,0.42802953432135626,60,5
2021,중랑구,면목5동,1107055,117,9,1186.5,3.250684931506849,77.4,0.0,0.0,0.0,0.0,0.0,1.0,1.0,1.0,1.0,1.0,0.4745647934402593,0.0,0.16666666666666669,0.213743820035642,284,1
2021,중랑구,면목7동,1107057,117,9,1186.5,3.250684931506849,77.4,0.0,0.0,0.0,0.0,0.0,0.0,0.0,0.0,0.0,0.0,0.4745647934402593,0.0,0.0,0.15818826448008644,391,1
2021,중랑구,상봉1동,1107059,117,9,1186.5,3.250684931506849,77.4,0.0,0.0,0.0,0.0,0.0,4.0,4.0,2.5,10.0,1.0,0.4745647934402593,0.0,0.6309523809523809,0.36850572479754673,108,4
2021,중랑구,상봉2동,1107060,117,9,1186.5,3.250684931506849,77.4,0.0,0.0,0.0,0.0,0.0,2.0,2.0,1.5,3.0,1.0,0.4745647934402593,0.0,0.3095238095238095,0.2613628676546896,219,3
2021,중랑구,중화1동,1107061,117,9,1186.5,3.250684931506849,77.4,0.0,0.0,0.0,0.0,0.0,2.0,2.0,1.5,3.0,1.0,0.4745647934402593,0.0,0.3095238095238095,0.2613628676546896,219,3
2021,중랑구,중화2동,1107062,117,9,1186.5,3.250684931506849,77.4,0.0,0.0,0.0,0.0,0.0,1.0,1.0,1.0,1.0,1.0,0.4745647934402593,0.0,0.16666666666666669,0.213743820035642,284,1
2021,중랑구,묵1동,1107064,117,9,1186.5,3.250684931506849,77.4,0.0,0.0,0.0,0.0,0.0,4.0,4.0,2.5,10.0,1.0,0.4745647934402593,0.0,0.6309523809523809,0.36850572479754673,108,4
2021,중랑구,묵2동,1107065,117,9,1186.5,3.250684931506849,77.4,0.0,0.0,0.0,0.0,0.0,1.0,1.0,1.0,1.0,1.0,0.4745647934402593,0.0,0.16666666666666669,0.213743820035642,284,1
2021,중랑구,망우3동,1107068,117,9,1186.5,3.250684931506849,77.4,0.0,0.0,0.0,0.0,0.0,2.0,2.0,1.5,3.0,1.0,0.4745647934402593,0.0,0.3095238095238095,0.2613628676546896,219,3
2021,중랑구,신내1동,1107069,117,9,1186.5,3.250684931506849,77.4,0.0,0.0,0.0,0.0,0.0,6.0,6.0,3.5,21.0,1.0,0.4745647934402593,0.0,1.0,0.49152159781341975,22,5
2021,중랑구,신내2동,1107070,117,9,1186.5,3.250684931506849,77.4,0.0,0.0,0.0,0.0,0.0,6.0,6.0,3.5,21.0,1.0,0.4745647934402593,0.0,1.0,0.49152159781341975,22,5
2021,중랑구,면목본동,1107071,117,9,1186.5,3.250684931506849,77.4,0.0,0.0,0.0,0.0,0.0,1.0,1.0,1.0,1.0,1.0,0.4745647934402593,0.0,0.16666666666666669,0.213743820035642,284,1
2021,중랑구,면목3·8동,1107072,117,9,1186.5,3.250684931506849,77.4,0.0,0.0,0.0,0.0,0.0,0.0,0.0,0.0,0.0,0.0,0.4745647934402593,0.0,0.0,0.15818826448008644,391,1
2021,중랑구,망우본동,1107073,117,9,1186.5,3.250684931506849,77.4,0.0,0.0,0.0,0.0,0.0,3.0,3.0,2.0,6.0,1.0,0.4745647934402593,0.0,0.4642857142857143,0.3129501692419912,160,3
2021,성북구,돈암1동,1108058,117,9,1186.5,3.250684931506849,77.4,0.0,0.0,0.0,0.0,0.0,0.0,0.0,0.0,0.0,0.0,0.4745647934402593,0.0,0.0,0.15818826448008644,391,1
2021,성북구,돈암2동,1108059,117,9,1186.5,3.250684931506849,77.4,0.0,0.0,0.0,0.0,0.0,0.0,0.0,0.0,0.0,0.0,0.4745647934402593,0.0,0.0,0.15818826448008644,391,1
2021,성북구,안암동,1108060,117,9,1186.5,3.250684931506849,77.4,0.0,0.0,0.0,0.0,0.0,2.0,2.0,1.5,3.0,1.0,0.4745647934402593,0.0,0.3095238095238095,0.2613628676546896,219,3
2021,성북구,보문동,1108061,117,9,1186.5,3.250684931506849,77.4,2.0,137.84,0.1,0.1,1.0,2.0,2.0,1.5,3.0,1.0,0.4745647934402593,0.09021657214164486,0.3095238095238095,0.2914350583685712,215,3
2021,성북구,정릉1동,1108062,117,9,1186.5,3.250684931506849,77.4,0.0,0.0,0.0,0.0,0.0,0.0,0.0,0.0,0.0,0.0,0.4745647934402593,0.0,0.0,0.15818826448008644,391,1
2021,성북구,정릉2동,1108063,117,9,1186.5,3.250684931506849,77.4,1.0,63.95,0.1,0.1,1.0,3.0,3.0,2.0,6.0,1.0,0.4745647934402593,0.08795985966003289,0.4642857142857143,0.34227012246200217,154,4
2021,성북구,정릉3동,1108064,117,9,1186.5,3.250684931506849,77.4,6.0,679.94,0.1,0.1,1.0,6.0,6.0,3.5,21.0,1.0,0.4745647934402593,0.09951968913369677,1.0,0.524694827524652,15,5
2021,성북구,정릉4동,1108065,117,9,1186.5,3.250684931506849,77.4,0.0,0.0,0.0,0.0,0.0,4.0,5.0,3.5,14.0,1.0,0.4745647934402593,0.0,0.7916666666666666,0.42207715336897533,87,4
2021,성북구,길음1동,1108066,117,9,1186.5,3.250684931506849,77.4,0.0,0.0,0.0,0.0,0.0,2.0,2.0,1.5,3.0,1.0,0.4745647934402593,0.0,0.3095238095238095,0.2613628676546896,219,3
2021,성북구,길음2동,1108068,117,9,1186.5,3.250684931506849,77.4,0.0,0.0,0.0,0.0,0.0,1.0,1.0,1.0,1.0,1.0,0.4745647934402593,0.0,0.16666666666666669,0.213743820035642,284,1
2021,성북구,월곡1동,1108071,117,9,1186.5,3.250684931506849,77.4,0.0,0.0,0.0,0.0,0.0,2.0,2.0,1.5,3.0,1.0,0.4745647934402593,0.0,0.3095238095238095,0.2613628676546896,219,3
2021,성북구,월곡2동,1108072,117,9,1186.5,3.250684931506849,77.4,10.0,525.58,0.1,0.1,1.0,5.0,5.0,3.0,15.0,1.0,0.4745647934402593,0.10804236903436149,0.8095238095238095,0.4640436573328101,39,5
2021,성북구,장위1동,1108076,117,9,1186.5,3.250684931506849,77.4,1.0,69.85,0.1,0.1,1.0,3.0,3.0,2.0,6.0,1.0,0.4745647934402593,0.08796647106462066,0.4642857142857143,0.34227232626353143,153,4
2021,성북구,장위2동,1108077,117,9,1186.5,3.250684931506849,77.4,10.0,604.85,0.1,0.1,1.0,2.0,2.0,1.5,3.0,1.0,0.4745647934402593,0.10813119717701758,0.3095238095238095,0.2974066000470288,212,3
2021,성북구,장위3동,1108078,117,9,1186.5,3.250684931506849,77.4,1.0,48.93,0.1,0.1,1.0,2.0,2.0,1.5,3.0,1.0,0.4745647934402593,0.08794302859276035,0.3095238095238095,0.290677210518943,217,3
2021,성북구,성북동,1108081,117,9,1186.5,3.250684931506849,77.4,2.0,80.39,0.1,0.1,1.0,6.0,6.0,3.5,21.0,1.0,0.4745647934402593,0.09015219499019296,1.0,0.5215723294768174,16,5
2021,성북구,삼선동,1108082,117,9,1186.5,3.250684931506849,77.4,1.0,28.92,0.1,0.1,1.0,1.0,1.0,1.0,1.0,1.0,0.4745647934402593,0.08792060584601444,0.16666666666666669,0.24305068865098015,283,2
2021,성북구,동선동,1108083,117,9,1186.5,3.250684931506849,77.4,1.0,75.46,0.1,0.1,1.0,1.0,1.0,1.0,1.0,1.0,0.4745647934402593,0.08797275750186426,0.16666666666666669,0.24306807253626342,282,2
2021,성북구,종암동,1108084,117,9,1186.5,3.250684931506849,77.4,1.0,48.03,0.1,0.1,1.0,5.0,5.0,3.0,15.0,1.0,0.4745647934402593,0.08794202007341646,0.8095238095238095,0.4573435410124951,45,5
2021,성북구,석관동,1108085,117,9,1186.5,3.250684931506849,77.4,1.0,25.79,0.1,0.1,1.0,3.0,3.0,2.0,6.0,1.0,0.4745647934402593,0.08791709843985179,0.4642857142857143,0.34225586872194186,155,4
2021,강북구,번1동,1109060,117,9,1186.5,3.250684931506849,77.4,4.0,645.69,0.45,0.45,1.0,3.0,3.0,2.0,6.0,1.0,0.4745647934402593,0.39513348328281983,0.4642857142857143,0.44466133033626454,56,5
2021,강북구,번2동,1109061,117,9,1186.5,3.250684931506849,77.4,2.0,218.05,0.45,0.45,1.0,2.0,2.0,1.5,3.0,1.0,0.4745647934402593,0.3903064536267268,0.3095238095238095,0.3914650188635986,103,4
2021,강북구,번3동,1109062,117,9,1186.5,3.250684931506849,77.4,0.0,0.0,0.0,0.0,0.0,2.0,2.0,1.5,3.0,1.0,0.4745647934402593,0.0,0.3095238095238095,0.2613628676546896,219,3
2021,강북구,수유1동,1109063,117,9,1186.5,3.250684931506849,77.4,5.0,703.64,0.45,0.45,1.0,1.0,1.0,1.0,1.0,1.0,0.4745647934402593,0.3973723337662744,0.16666666666666669,0.34620126462440015,149,4
2021,강북구,수유2동,1109064,117,9,1186.5,3.250684931506849,77.4,10.0,2244.56,0.45,0.45,1.0,2.0,2.0,1.5,3.0,1.0,0.4745647934402593,0.40996861856965816,0.3095238095238095,0.3980190738445757,97,4
2021,강북구,수유3동,1109065,117,9,1186.5,3.250684931506849,77.4,28.0,5400.2,0.45,0.45,1.0,2.0,2.0,1.5,3.0,1.0,0.4745647934402593,0.45263519111045125,0.3095238095238095,0.41224126469150674,88,4
2021,강북구,삼양동,1109069,117,9,1186.5,3.250684931506849,77.4,2.0,348.65999999999997,0.45,0.45,1.0,1.0,1.0,1.0,1.0,1.0,0.4745647934402593,0.3904528121950668,0.16666666666666669,0.3438947574339976,152,4
2021,강북구,미아동,1109070,117,9,1186.5,3.250684931506849,77.4,2.0,152.44,0.45,0.45,1.0,3.0,3.0,2.0,6.0,1.0,0.4745647934402593,0.39023293256655694,0.4642857142857143,0.4430278134308436,57,5
2021,강북구,송중동,1109071,117,9,1186.5,3.250684931506849,77.4,9.0,845.59,0.45,0.45,1.0,2.0,2.0,1.5,3.0,1.0,0.4745647934402593,0.4062270518522605,0.3095238095238095,0.39677188493877646,100,4
2021,강북구,송천동,1109072,117,9,1186.5,3.250684931506849,77.4,3.0,422.75,0.45,0.45,1.0,2.0,2.0,1.5,3.0,1.0,0.4745647934402593,0.39270974879208853,0.3095238095238095,0.39226611725205246,102,4
2021,강북구,삼각산동,1109073,117,9,1186.5,3.250684931506849,77.4,0.0,0.0,0.0,0.0,0.0,0.0,0.0,0.0,0.0,0.0,0.4745647934402593,0.0,0.0,0.15818826448008644,391,1
2021,강북구,우이동,1109074,117,9,1186.5,3.250684931506849,77.4,15.0,4106.2,0.45,0.45,1.0,1.0,1.0,1.0,1.0,1.0,0.4745647934402593,0.42292429484412386,0.16666666666666669,0.3547185849836833,137,4
2021,강북구,인수동,1109075,117,9,1186.5,3.250684931506849,77.4,17.0,4023.26,0.45,0.45,1.0,2.0,2.0,1.5,3.0,1.0,0.4745647934402593,0.4271791802706554,0.3095238095238095,0.4037559277449081,90,4
2021,도봉구,쌍문1동,1110051,117,9,1186.5,3.250684931506849,77.4,6.0,1104.0,0.3,0.3,1.0,1.0,1.0,1.0,1.0,1.0,0.4745647934402593,0.2714234524655701,0.16666666666666669,0.304218304190832,201,3
2021,도봉구,쌍문2동,1110052,117,9,1186.5,3.250684931506849,77.4,9.0,1493.55,0.3,0.3,1.0,4.0,4.0,2.5,10.0,1.0,0.4745647934402593,0.2783817123853537,0.6309523809523809,0.461299628925998,40,5
2021,도봉구,쌍문3동,1110053,117,9,1186.5,3.250684931506849,77.4,0.0,0.0,0.0,0.0,0.0,1.0,1.0,1.0,1.0,1.0,0.4745647934402593,0.0,0.16666666666666669,0.213743820035642,284,1
2021,도봉구,쌍문4동,1110054,117,9,1186.5,3.250684931506849,77.4,3.0,1022.51,0.3,0.3,1.0,2.0,2.0,1.5,3.0,1.0,0.4745647934402593,0.264810397511431,0.3095238095238095,0.34963300015849996,141,4
2021,도봉구,방학1동,1110055,117,9,1186.5,3.250684931506849,77.4,56.0,8449.95,0.3,0.3,1.0,4.0,4.0,2.5,10.0,1.0,0.4745647934402593,0.38835080761090385,0.6309523809523809,0.49795599400118135,21,5
2021,도봉구,방학2동,1110056,117,9,1186.5,3.250684931506849,77.4,41.0,18883.9,0.3,0.3,1.0,2.0,2.0,1.5,3.0,1.0,0.4745647934402593,0.3674341568567561,0.3095238095238095,0.38384091994027497,104,4
2021,도봉구,방학3동,1110057,117,9,1186.5,3.250684931506849,77.4,2.0,659.77,0.3,0.3,1.0,2.0,2.0,1.5,3.0,1.0,0.4745647934402593,0.2622300063492814,0.3095238095238095,0.34877286977111677,143,4
2021,도봉구,창1동,1110059,117,9,1186.5,3.250684931506849,77.4,0.0,0.0,0.0,0.0,0.0,5.0,5.0,3.0,15.0,1.0,0.4745647934402593,0.0,0.8095238095238095,0.42802953432135626,60,5
2021,도봉구,창2동,1110060,117,9,1186.5,3.250684931506849,77.4,1.0,219.55,0.3,0.3,1.0,1.0,1.0,1.0,1.0,1.0,0.4745647934402593,0.25956279287739314,0.16666666666666669,0.30026475099477307,210,3
2021,도봉구,창3동,1110061,117,9,1186.5,3.250684931506849,77.4,4.0,467.91,0.3375,0.45,1.0,2.0,2.0,1.5,3.0,1.0,0.4745647934402593,0.3386842670950893,0.3095238095238095,0.37425762335305274,106,4
2021,도봉구,창4동,1110062,117,9,1186.5,3.250684931506849,77.4,0.0,0.0,0.0,0.0,0.0,4.0,4.0,2.5,10.0,1.0,0.4745647934402593,0.0,0.6309523809523809,0.36850572479754673,108,4
2021,도봉구,창5동,1110063,117,9,1186.5,3.250684931506849,77.4,1.0,183.14,0.3,0.3,1.0,6.0,6.0,3.5,21.0,1.0,0.4745647934402593,0.25952199266704734,1.0,0.5780289287024355,8,5
2021,도봉구,도봉1동,1110064,117,9,1186.5,3.250684931506849,77.4,66.0,223099.34,0.3,0.3,1.0,2.0,2.0,1.5,3.0,1.0,0.4745647934402593,0.6506211180124224,0.3095238095238095,0.4782365736588304,38,5
2021,도봉구,도봉2동,1110065,117,9,1186.5,3.250684931506849,77.4,5.0,1363.3700000000001,0.3,0.3,1.0,5.0,5.0,3.0,15.0,1.0,0.4745647934402593,0.26954018349123166,0.8095238095238095,0.5178762621517669,17,5
2021,노원구,월계1동,1111051,117,9,1186.5,3.250684931506849,77.4,8.0,769.55,0.5,0.5,1.0,6.0,6.0,3.5,21.0,1.0,0.4745647934402593,0.4468250729871366,1.0,0.640463288809132,2,5
2021,노원구,월계2동,1111052,117,9,1186.5,3.250684931506849,77.4,11.0,863.05,0.5,0.5,1.0,6.0,6.0,3.5,21.0,1.0,0.4745647934402593,0.4534515860716314,1.0,0.6426721265039635,1,5
2021,노원구,월계3동,1111053,117,9,1186.5,3.250684931506849,77.4,0.0,0.0,0.0,0.0,0.0,5.0,5.0,3.0,15.0,1.0,0.4745647934402593,0.0,0.8095238095238095,0.42802953432135626,60,5
2021,노원구,공릉2동,1111056,117,9,1186.5,3.250684931506849,77.4,1.0,123.87,0.5,0.5,1.0,3.0,3.0,2.0,6.0,1.0,0.4745647934402593,0.4308841474939381,0.4642857142857143,0.4565782184066373,50,5
2021,노원구,하계1동,1111058,117,9,1186.5,3.250684931506849,77.4,1.0,84.39,0.5,0.5,1.0,0.0,0.0,0.0,0.0,0.0,0.4745647934402593,0.43083990711205267,0.0,0.3018015668507707,206,3
2021,노원구,하계2동,1111059,117,9,1186.5,3.250684931506849,77.4,0.0,0.0,0.0,0.0,0.0,0.0,0.0,0.0,0.0,0.0,0.4745647934402593,0.0,0.0,0.15818826448008644,391,1
2021,노원구,중계본동,1111060,117,9,1186.5,3.250684931506849,77.4,1.0,22.0,0.5,0.5,1.0,0.0,0.0,0.0,0.0,0.0,0.4745647934402593,0.43076999430997975,0.0,0.30177826258341306,207,3
2021,노원구,중계1동,1111061,117,9,1186.5,3.250684931506849,77.4,0.0,0.0,0.0,0.0,0.0,0.0,0.0,0.0,0.0,0.0,0.4745647934402593,0.0,0.0,0.15818826448008644,391,1
2021,노원구,중계4동,1111064,117,9,1186.5,3.250684931506849,77.4,2.0,116.25,0.5,0.5,1.0,0.0,0.0,0.0,0.0,0.0,0.4745647934402593,0.43304952174030475,0.0,0.302538105060188,203,3
2021,노원구,상계1동,1111065,117,9,1186.5,3.250684931506849,77.4,4.0,435.75,0.5,0.5,1.0,6.0,6.0,3.5,21.0,1.0,0.4745647934402593,0.4377553721943437,1.0,0.6374400552115344,3,5
2021,노원구,상계2동,1111066,117,9,1186.5,3.250684931506849,77.4,0.0,0.0,0.0,0.0,0.0,3.0,3.0,2.0,6.0,1.0,0.4745647934402593,0.0,0.4642857142857143,0.3129501692419912,160,3
2021,노원구,상계5동,1111069,117,9,1186.5,3.250684931506849,77.4,5.0,362.68,0.5,0.5,1.0,1.0,1.0,1.0,1.0,1.0,0.4745647934402593,0.4398474046728682,0.16666666666666669,0.36035962159326473,128,4
2021,노원구,상계8동,1111072,117,9,1186.5,3.250684931506849,77.4,0.0,0.0,0.0,0.0,0.0,3.0,3.0,2.0,6.0,1.0,0.4745647934402593,0.0,0.4642857142857143,0.3129501692419912,160,3
2021,노원구,상계9동,1111073,117,9,1186.5,3.250684931506849,77.4,0.0,0.0,0.0,0.0,0.0,2.0,2.0,1.5,3.0,1.0,0.4745647934402593,0.0,0.3095238095238095,0.2613628676546896,219,3
2021,노원구,상계10동,1111074,117,9,1186.5,3.250684931506849,77.4,3.0,218.55,0.5,0.5,1.0,3.0,3.0,2.0,6.0,1.0,0.4745647934402593,0.4353380698158723,0.4642857142857143,0.45806285918061534,44,5
2021,노원구,상계3·4동,1111076,117,9,1186.5,3.250684931506849,77.4,28.0,2576.02,0.5,0.5,1.0,0.0,0.0,0.0,0.0,0.0,0.4745647934402593,0.49232762267799546,0.0,0.3222974720394183,159,4
2021,노원구,상계6·7동,1111077,117,9,1186.5,3.250684931506849,77.4,0.0,0.0,0.0,0.0,0.0,4.0,4.0,2.5,10.0,1.0,0.4745647934402593,0.0,0.6309523809523809,0.36850572479754673,108,4
2021,노원구,중계2·3동,1111078,117,9,1186.5,3.250684931506849,77.4,0.0,0.0,0.0,0.0,0.0,0.0,0.0,0.0,0.0,0.0,0.4745647934402593,0.0,0.0,0.15818826448008644,391,1
2021,노원구,공릉1동,1111079,117,9,1186.5,3.250684931506849,77.4,5.0,437.5,0.5,0.5,1.0,4.0,4.0,2.5,10.0,1.0,0.4745647934402593,0.4399312462476572,0.6309523809523809,0.5151494735467658,19,5
2021,은평구,녹번동,1112051,117,9,1186.5,3.250684931506849,77.4,6.0,675.0,0.3,0.3,1.0,3.0,3.0,2.0,6.0,1.0,0.4745647934402593,0.2709427249116473,0.4642857142857143,0.403264410879207,92,4
2021,은평구,불광1동,1112052,117,9,1186.5,3.250684931506849,77.4,59.0,9514.0,0.3,0.3,1.0,4.0,4.0,2.5,10.0,1.0,0.4745647934402593,0.39606489675008366,0.6309523809523809,0.5005273570475747,20,5
2021,은평구,갈현1동,1112055,117,9,1186.5,3.250684931506849,77.4,2.0,297.0,0.3,0.3,1.0,2.0,2.0,1.5,3.0,1.0,0.4745647934402593,0.2618234946132987,0.3095238095238095,0.34863736585912247,144,4
2021,은평구,갈현2동,1112056,117,9,1186.5,3.250684931506849,77.4,3.0,731.6,0.3,0.3,1.0,5.0,5.0,3.0,15.0,1.0,0.4745647934402593,0.26448441044217297,0.8095238095238095,0.5161910044687473,18,5
2021,은평구,구산동,1112057,117,9,1186.5,3.250684931506849,77.4,4.0,620.2,0.3,0.3,1.0,2.0,2.0,1.5,3.0,1.0,0.4745647934402593,0.2665334912024181,0.3095238095238095,0.35020736472216235,139,4
2021,은평구,대조동,1112058,117,9,1186.5,3.250684931506849,77.4,44.0,7004.5,0.3,0.3,1.0,2.0,2.0,1.5,3.0,1.0,0.4745647934402593,0.3606441129940184,0.3095238095238095,0.38157757198602904,105,4
2021,은평구,응암1동,1112059,117,9,1186.5,3.250684931506849,77.4,7.0,1040.4,0.3,0.3,1.0,2.0,2.0,1.5,3.0,1.0,0.4745647934402593,0.2735260968087465,0.3095238095238095,0.3525382332576051,138,4
2021,은평구,응암2동,1112060,117,9,1186.5,3.250684931506849,77.4,4.0,540.0,0.3,0.3,1.0,1.0,1.0,1.0,1.0,1.0,0.4745647934402593,0.26644362092310664,0.16666666666666669,0.3025583603433442,202,3
2021,은평구,신사1동,1112065,117,9,1186.5,3.250684931506849,77.4,0.0,0.0,0.0,0.0,0.0,1.0,1.0,1.0,1.0,1.0,0.4745647934402593,0.0,0.16666666666666669,0.213743820035642,284,1
2021,은평구,신사2동,1112066,117,9,1186.5,3.250684931506849,77.4,4.0,463.79999999999995,0.3,0.3,1.0,4.0,4.0,2.5,10.0,1.0,0.4745647934402593,0.26635823295199024,0.6309523809523809,0.45729180244821016,46,5
2021,은평구,증산동,1112067,117,9,1186.5,3.250684931506849,77.4,18.0,3080.4,0.3,0.3,1.0,5.0,5.0,3.0,15.0,1.0,0.4745647934402593,0.2997251174665006,0.8095238095238095,0.5279379068101898,13,5
2021,은평구,수색동,1112068,117,9,1186.5,3.250684931506849,77.4,0.0,0.0,0.0,0.0,0.0,3.0,3.0,2.0,6.0,1.0,0.4745647934402593,0.0,0.4642857142857143,0.3129501692419912,160,3
2021,은평구,진관동,1112071,117,9,1186.5,3.250684931506849,77.4,1.0,700.0,0.3,0.3,1.0,0.0,0.0,0.0,0.0,0.0,0.4745647934402593,0.26010117412047523,0.0,0.2448886558535782,280,2
2021,은평구,불광2동,1112072,117,9,1186.5,3.250684931506849,77.4,18.0,2968.0,0.3,0.3,1.0,2.0,2.0,1.5,3.0,1.0,0.4745647934402593,0.2995991646062187,0.3095238095238095,0.3612292558567625,127,4
2021,은평구,응암3동,1112073,117,9,1186.5,3.250684931506849,77.4,115.0,20166.81,0.2895652173913043,0.3,1.0,5.0,5.0,3.0,15.0,1.0,0.4745647934402593,0.5245239302714386,0.8095238095238095,0.6028708444118358,6,5
2021,은평구,역촌동,1112074,117,9,1186.5,3.250684931506849,77.4,15.0,2786.9,0.3,0.3,1.0,2.0,2.0,1.5,3.0,1.0,0.4745647934402593,0.2928744889722515,0.3095238095238095,0.3589876973121067,131,4
2021,서대문구,천연동,1113052,117,9,1186.5,3.250684931506849,77.4,0.0,0.0,0.0,0.0,0.0,0.0,0.0,0.0,0.0,0.0,0.4745647934402593,0.0,0.0,0.15818826448008644,391,1
2021,서대문구,홍제1동,1113062,117,9,1186.5,3.250684931506849,77.4,0.0,0.0,0.0,0.0,0.0,4.0,4.0,2.5,10.0,1.0,0.4745647934402593,0.0,0.6309523809523809,0.36850572479754673,108,4
2021,서대문구,홍제3동,1113064,117,9,1186.5,3.250684931506849,77.4,2.0,131.04000000000002,0.1,0.1,1.0,2.0,2.0,1.5,3.0,1.0,0.4745647934402593,0.09020895221771322,0.3095238095238095,0.2914325183939273,216,3
2021,서대문구,홍제2동,1113065,117,9,1186.5,3.250684931506849,77.4,0.0,0.0,0.0,0.0,0.0,3.0,3.0,2.0,6.0,1.0,0.4745647934402593,0.0,0.4642857142857143,0.3129501692419912,160,3
2021,서대문구,홍은1동,1113066,117,9,1186.5,3.250684931506849,77.4,6.0,666.48,0.10000000000000002,0.1,1.0,2.0,2.0,1.5,3.0,1.0,0.4745647934402593,0.09950460616662032,0.3095238095238095,0.2945310697102297,213,3
2021,서대문구,홍은2동,1113068,117,9,1186.5,3.250684931506849,77.4,1.0,80.95,0.1,0.1,1.0,0.0,0.0,0.0,0.0,0.0,0.4745647934402593,0.087978909469862,0.0,0.18751456763670712,390,1
2021,서대문구,남가좌1동,1113069,117,9,1186.5,3.250684931506849,77.4,0.0,0.0,0.0,0.0,0.0,0.0,0.0,0.0,0.0,0.0,0.4745647934402593,0.0,0.0,0.15818826448008644,391,1
2021,서대문구,남가좌2동,1113070,117,9,1186.5,3.250684931506849,77.4,7.0,573.68,0.1,0.1,1.0,0.0,0.0,0.0,0.0,0.0,0.4745647934402593,0.1015745296599726,0.0,0.19204644103341062,389,1
2021,서대문구,북가좌1동,1113071,117,9,1186.5,3.250684931506849,77.4,5.0,477.98,0.1,0.1,1.0,3.0,3.0,2.0,6.0,1.0,0.4745647934402593,0.09711946434944868,0.4642857142857143,0.34532332402514077,150,4
2021,서대문구,북가좌2동,1113072,117,9,1186.5,3.250684931506849,77.4,26.0,2071.43,0.1,0.1,1.0,2.0,2.0,1.5,3.0,1.0,0.4745647934402593,0.1445572217608566,0.3095238095238095,0.3095486082416418,200,3
2021,서대문구,충현동,1113073,117,9,1186.5,3.250684931506849,77.4,5.0,367.38,0.1,0.1,1.0,3.0,3.0,2.0,6.0,1.0,0.4745647934402593,0.09699552852785459,0.4642857142857143,0.3452820120846094,151,4
2021,서대문구,북아현동,1113074,117,9,1186.5,3.250684931506849,77.4,0.0,0.0,0.0,0.0,0.0,1.0,1.0,1.0,1.0,1.0,0.4745647934402593,0.0,0.16666666666666669,0.213743820035642,284,1
2021,서대문구,신촌동,1113075,117,9,1186.5,3.250684931506849,77.4,3.0,806.89,0.10000000000000002,0.1,1.0,5.0,5.0,3.0,15.0,1.0,0.4745647934402593,0.0931402072596035,0.8095238095238095,0.4590762700745574,42,5
2021,서대문구,연희동,1113076,117,9,1186.5,3.250684931506849,77.4,3.0,430.39,0.10000000000000002,0.1,1.0,2.0,2.0,1.5,3.0,1.0,0.4745647934402593,0.09271831000074114,0.3095238095238095,0.29226897098827,214,3
2021,마포구,용강동,1114059,117,9,1186.5,3.250684931506849,77.4,0.0,0.0,0.0,0.0,0.0,3.0,3.0,2.0,6.0,1.0,0.4745647934402593,0.0,0.4642857142857143,0.3129501692419912,160,3
2021,마포구,대흥동,1114060,117,9,1186.5,3.250684931506849,77.4,1.0,62.94,0.2,0.2,1.0,3.0,3.0,2.0,6.0,1.0,0.4745647934402593,0.17367301359149936,0.4642857142857143,0.37084117377249104,107,4
2021,마포구,염리동,1114061,117,9,1186.5,3.250684931506849,77.4,0.0,0.0,0.0,0.0,0.0,2.0,2.0,1.5,3.0,1.0,0.4745647934402593,0.0,0.3095238095238095,0.2613628676546896,219,3
2021,마포구,신수동,1114063,117,9,1186.5,3.250684931506849,77.4,1.0,50.05,0.25,0.25,1.0,4.0,4.0,2.5,10.0,1.0,0.4745647934402593,0.21651571221048355,0.6309523809523809,0.44067762886770795,58,5
2021,마포구,서교동,1114066,117,9,1186.5,3.250684931506849,77.4,1.0,10.0,0.05,0.05,1.0,3.0,3.0,2.0,6.0,1.0,0.4745647934402593,0.045042261671108835,0.4642857142857143,0.32796425646569416,158,4
2021,마포구,합정동,1114068,117,9,1186.5,3.250684931506849,77.4,0.0,0.0,0.0,0.0,0.0,2.0,2.0,1.5,3.0,1.0,0.4745647934402593,0.0,0.3095238095238095,0.2613628676546896,219,3
2021,마포구,망원1동,1114069,117,9,1186.5,3.250684931506849,77.4,0.0,0.0,0.0,0.0,0.0,0.0,0.0,0.0,0.0,0.0,0.4745647934402593,0.0,0.0,0.15818826448008644,391,1
2021,마포구,망원2동,1114070,117,9,1186.5,3.250684931506849,77.4,0.0,0.0,0.0,0.0,0.0,3.0,3.0,2.0,6.0,1.0,0.4745647934402593,0.0,0.4642857142857143,0.3129501692419912,160,3
2021,마포구,연남동,1114071,117,9,1186.5,3.250684931506849,77.4,0.0,0.0,0.0,0.0,0.0,2.0,2.0,1.5,3.0,1.0,0.4745647934402593,0.0,0.3095238095238095,0.2613628676546896,219,3
2021,마포구,성산1동,1114072,117,9,1186.5,3.250684931506849,77.4,0.0,0.0,0.0,0.0,0.0,3.0,3.0,2.0,6.0,1.0,0.4745647934402593,0.0,0.4642857142857143,0.3129501692419912,160,3
2021,마포구,성산2동,1114073,117,9,1186.5,3.250684931506849,77.4,1.0,30.75,0.2,0.2,1.0,1.0,1.0,1.0,1.0,1.0,0.4745647934402593,0.17363694221629944,0.16666666666666669,0.27162280077440853,218,3
2021,마포구,상암동,1114074,117,9,1186.5,3.250684931506849,77.4,0.0,0.0,0.0,0.0,0.0,3.0,3.0,2.0,6.0,1.0,0.4745647934402593,0.0,0.4642857142857143,0.3129501692419912,160,3
2021,마포구,도화동,1114075,117,9,1186.5,3.250684931506849,77.4,0.0,0.0,0.0,0.0,0.0,1.0,1.0,1.0,1.0,1.0,0.4745647934402593,0.0,0.16666666666666669,0.213743820035642,284,1
2021,마포구,서강동,1114076,117,9,1186.5,3.250684931506849,77.4,1.0,27.0,0.3,0.3,1.0,6.0,6.0,3.5,21.0,1.0,0.4745647934402593,0.25934702576665225,1.0,0.5779706064023039,10,5
2021,마포구,공덕동,1114077,117,9,1186.5,3.250684931506849,77.4,2.0,188.03,0.15000000000000002,0.2,1.0,3.0,3.0,2.0,6.0,1.0,0.4745647934402593,0.15098709961800844,0.4642857142857143,0.363279202447994,126,4
2021,마포구,아현동,1114078,117,9,1186.5,3.250684931506849,77.4,0.0,0.0,0.0,0.0,0.0,3.0,3.0,2.0,6.0,1.0,0.4745647934402593,0.0,0.4642857142857143,0.3129501692419912,160,3
2021,양천구,목1동,1115051,117,9,1186.5,3.250684931506849,77.4,0.0,0.0,0.0,0.0,0.0,0.0,0.0,0.0,0.0,0.0,0.4745647934402593,0.0,0.0,0.15818826448008644,391,1
2021,양천구,목2동,1115052,117,9,1186.5,3.250684931506849,77.4,0.0,0.0,0.0,0.0,0.0,1.0,1.0,1.0,1.0,1.0,0.4745647934402593,0.0,0.16666666666666669,0.213743820035642,284,1
2021,양천구,목3동,1115053,117,9,1186.5,3.250684931506849,77.4,0.0,0.0,0.0,0.0,0.0,1.0,1.0,1.0,1.0,1.0,0.4745647934402593,0.0,0.16666666666666669,0.213743820035642,284,1
2021,양천구,목4동,1115054,117,9,1186.5,3.250684931506849,77.4,0.0,0.0,0.0,0.0,0.0,0.0,0.0,0.0,0.0,0.0,0.4745647934402593,0.0,0.0,0.15818826448008644,391,1
2021,양천구,신월1동,1115057,117,9,1186.5,3.250684931506849,77.4,38.0,2723.77,0.20210526315789473,0.7,1.0,1.0,1.0,1.0,1.0,1.0,0.4745647934402593,0.4367135213792528,0.16666666666666669,0.3593149938287263,129,4
2021,양천구,신월2동,1115058,117,9,1186.5,3.250684931506849,77.4,0.0,0.0,0.0,0.0,0.0,5.0,5.0,3.0,15.0,1.0,0.4745647934402593,0.0,0.8095238095238095,0.42802953432135626,60,5
2021,양천구,신월3동,1115059,117,9,1186.5,3.250684931506849,77.4,0.0,0.0,0.0,0.0,0.0,0.0,0.0,0.0,0.0,0.0,0.4745647934402593,0.0,0.0,0.15818826448008644,391,1
2021,양천구,신월4동,1115060,117,9,1186.5,3.250684931506849,77.4,0.0,0.0,0.0,0.0,0.0,1.0,1.0,1.0,1.0,1.0,0.4745647934402593,0.0,0.16666666666666669,0.213743820035642,284,1
2021,양천구,신월5동,1115061,117,9,1186.5,3.250684931506849,77.4,27.0,2104.08,0.24814814814814815,0.7,1.0,1.0,1.0,1.0,1.0,1.0,0.4745647934402593,0.43512751000476557,0.16666666666666669,0.3587863233705639,132,4
2021,양천구,신월6동,1115062,117,9,1186.5,3.250684931506849,77.4,0.0,0.0,0.0,0.0,0.0,1.0,1.0,1.0,1.0,1.0,0.4745647934402593,0.0,0.16666666666666669,0.213743820035642,284,1
2021,양천구,신월7동,1115063,117,9,1186.5,3.250684931506849,77.4,0.0,0.0,0.0,0.0,0.0,0.0,0.0,0.0,0.0,0.0,0.4745647934402593,0.0,0.0,0.15818826448008644,391,1
2021,양천구,신정1동,1115064,117,9,1186.5,3.250684931506849,77.4,0.0,0.0,0.0,0.0,0.0,1.0,1.0,1.0,1.0,1.0,0.4745647934402593,0.0,0.16666666666666669,0.213743820035642,284,1
2021,양천구,신정2동,1115065,117,9,1186.5,3.250684931506849,77.4,0.0,0.0,0.0,0.0,0.0,0.0,0.0,0.0,0.0,0.0,0.4745647934402593,0.0,0.0,0.15818826448008644,391,1
2021,양천구,신정3동,1115066,117,9,1186.5,3.250684931506849,77.4,0.0,0.0,0.0,0.0,0.0,4.0,4.0,2.5,10.0,1.0,0.4745647934402593,0.0,0.6309523809523809,0.36850572479754673,108,4
2021,양천구,신정6동,1115069,117,9,1186.5,3.250684931506849,77.4,0.0,0.0,0.0,0.0,0.0,6.0,6.0,3.5,21.0,1.0,0.4745647934402593,0.0,1.0,0.49152159781341975,22,5
2021,양천구,신정7동,1115070,117,9,1186.5,3.250684931506849,77.4,0.0,0.0,0.0,0.0,0.0,1.0,1.0,1.0,1.0,1.0,0.4745647934402593,0.0,0.16666666666666669,0.213743820035642,284,1
2021,양천구,목5동,1115071,117,9,1186.5,3.250684931506849,77.4,0.0,0.0,0.0,0.0,0.0,1.0,1.0,1.0,1.0,1.0,0.4745647934402593,0.0,0.16666666666666669,0.213743820035642,284,1
2021,양천구,신정4동,1115072,117,9,1186.5,3.250684931506849,77.4,0.0,0.0,0.0,0.0,0.0,2.0,2.0,1.5,3.0,1.0,0.4745647934402593,0.0,0.3095238095238095,0.2613628676546896,219,3
2021,강서구,염창동,1116051,117,9,1186.5,3.250684931506849,77.4,0.0,0.0,0.0,0.0,0.0,1.0,1.0,1.0,1.0,1.0,0.4745647934402593,0.0,0.16666666666666669,0.213743820035642,284,1
2021,강서구,등촌1동,1116052,117,9,1186.5,3.250684931506849,77.4,0.0,0.0,0.0,0.0,0.0,1.0,1.0,1.0,1.0,1.0,0.4745647934402593,0.0,0.16666666666666669,0.213743820035642,284,1
2021,강서구,등촌2동,1116053,117,9,1186.5,3.250684931506849,77.4,0.0,0.0,0.0,0.0,0.0,1.0,1.0,1.0,1.0,1.0,0.4745647934402593,0.0,0.16666666666666669,0.213743820035642,284,1
2021,강서구,등촌3동,1116054,117,9,1186.5,3.250684931506849,77.4,0.0,0.0,0.0,0.0,0.0,1.0,1.0,1.0,1.0,1.0,0.4745647934402593,0.0,0.16666666666666669,0.213743820035642,284,1
2021,강서구,화곡본동,1116055,117,9,1186.5,3.250684931506849,77.4,0.0,0.0,0.0,0.0,0.0,1.0,1.0,1.0,1.0,1.0,0.4745647934402593,0.0,0.16666666666666669,0.213743820035642,284,1
2021,강서구,화곡2동,1116057,117,9,1186.5,3.250684931506849,77.4,0.0,0.0,0.0,0.0,0.0,1.0,1.0,1.0,1.0,1.0,0.4745647934402593,0.0,0.16666666666666669,0.213743820035642,284,1
2021,강서구,화곡3동,1116058,117,9,1186.5,3.250684931506849,77.4,0.0,0.0,0.0,0.0,0.0,1.0,1.0,1.0,1.0,1.0,0.4745647934402593,0.0,0.16666666666666669,0.213743820035642,284,1
2021,강서구,화곡4동,1116059,117,9,1186.5,3.250684931506849,77.4,1.0,283.7,0.5,0.5,1.0,1.0,1.0,1.0,1.0,1.0,0.4745647934402593,0.43106324932364326,0.16666666666666669,0.35743156981018975,135,4
2021,강서구,화곡6동,1116061,117,9,1186.5,3.250684931506849,77.4,3.0,488.1,0.5,0.5,1.0,3.0,3.0,2.0,6.0,1.0,0.4745647934402593,0.4356401213593686,0.4642857142857143,0.4581635430284474,43,5
2021,강서구,화곡8동,1116063,117,9,1186.5,3.250684931506849,77.4,0.0,0.0,0.0,0.0,0.0,3.0,3.0,2.0,6.0,1.0,0.4745647934402593,0.0,0.4642857142857143,0.3129501692419912,160,3
2021,강서구,가양1동,1116064,117,9,1186.5,3.250684931506849,77.4,0.0,0.0,0.0,0.0,0.0,1.0,1.0,1.0,1.0,1.0,0.4745647934402593,0.0,0.16666666666666669,0.213743820035642,284,1
2021,강서구,가양2동,1116065,117,9,1186.5,3.250684931506849,77.4,0.0,0.0,0.0,0.0,0.0,4.0,5.0,2.75,11.0,1.0,0.4745647934402593,0.0,0.7023809523809523,0.3923152486070705,101,4
2021,강서구,가양3동,1116066,117,9,1186.5,3.250684931506849,77.4,0.0,0.0,0.0,0.0,0.0,1.0,1.0,1.0,1.0,1.0,0.4745647934402593,0.0,0.16666666666666669,0.213743820035642,284,1
2021,강서구,발산1동,1116067,117,9,1186.5,3.250684931506849,77.4,5.0,1147.6,0.42000000000000004,0.5,1.0,1.0,1.0,1.0,1.0,1.0,0.4745647934402593,0.40072696800998975,0.16666666666666669,0.34731947603897195,147,4
2021,강서구,공항동,1116069,117,9,1186.5,3.250684931506849,77.4,0.0,0.0,0.0,0.0,0.0,1.0,1.0,1.0,1.0,1.0,0.4745647934402593,0.0,0.16666666666666669,0.213743820035642,284,1
2021,강서구,방화1동,1116070,117,9,1186.5,3.250684931506849,77.4,0.0,0.0,0.0,0.0,0.0,1.0,1.0,1.0,1.0,1.0,0.4745647934402593,0.0,0.16666666666666669,0.213743820035642,284,1
2021,강서구,방화2동,1116071,117,9,1186.5,3.250684931506849,77.4,6.0,13846.0,0.3666666666666667,0.5,1.0,5.0,5.0,3.0,15.0,1.0,0.4745647934402593,0.39046374998291733,0.8095238095238095,0.5581841176489953,11,5
2021,강서구,방화3동,1116072,117,9,1186.5,3.250684931506849,77.4,0.0,0.0,0.0,0.0,0.0,5.0,5.0,3.0,15.0,1.0,0.4745647934402593,0.0,0.8095238095238095,0.42802953432135626,60,5
2021,강서구,화곡1동,1116073,117,9,1186.5,3.250684931506849,77.4,33.0,4183.87,0.4281818181818182,0.5,1.0,4.0,4.0,2.5,10.0,1.0,0.4745647934402593,0.4690898167941626,0.6309523809523809,0.5248689970622676,14,5
2021,강서구,우장산동,1116074,117,9,1186.5,3.250684931506849,77.4,0.0,0.0,0.0,0.0,0.0,1.0,1.0,1.0,1.0,1.0,0.4745647934402593,0.0,0.16666666666666669,0.213743820035642,284,1
2021,구로구,신도림동,1117051,117,9,1186.5,3.250684931506849,77.4,1.0,1638.0,0.3,0.3,1.0,1.0,1.0,1.0,1.0,1.0,0.4745647934402593,0.26115227539222263,0.16666666666666669,0.3007945784997162,208,3
2021,구로구,구로1동,1117052,117,9,1186.5,3.250684931506849,77.4,0.0,0.0,0.0,0.0,0.0,1.0,1.0,1.0,1.0,1.0,0.4745647934402593,0.0,0.16666666666666669,0.213743820035642,284,1
2021,구로구,구로3동,1117054,117,9,1186.5,3.250684931506849,77.4,1.0,4381.3,0.3,0.3,1.0,3.0,3.0,2.0,6.0,1.0,0.4745647934402593,0.2642263544101166,0.4642857142857143,0.40102562071203013,93,4
2021,구로구,구로4동,1117055,117,9,1186.5,3.250684931506849,77.4,0.0,0.0,0.0,0.0,0.0,1.0,1.0,1.0,1.0,1.0,0.4745647934402593,0.0,0.16666666666666669,0.213743820035642,284,1
2021,구로구,구로5동,1117056,117,9,1186.5,3.250684931506849,77.4,0.0,0.0,0.0,0.0,0.0,4.0,4.0,2.5,10.0,1.0,0.4745647934402593,0.0,0.6309523809523809,0.36850572479754673,108,4
2021,구로구,고척1동,1117061,117,9,1186.5,3.250684931506849,77.4,0.0,0.0,0.0,0.0,0.0,5.0,5.0,3.0,15.0,1.0,0.4745647934402593,0.0,0.8095238095238095,0.42802953432135626,60,5
2021,구로구,고척2동,1117062,117,9,1186.5,3.250684931506849,77.4,0.0,0.0,0.0,0.0,0.0,1.0,1.0,1.0,1.0,1.0,0.4745647934402593,0.0,0.16666666666666669,0.213743820035642,284,1
2021,구로구,개봉2동,1117064,117,9,1186.5,3.250684931506849,77.4,0.0,0.0,0.0,0.0,0.0,1.0,1.0,1.0,1.0,1.0,0.4745647934402593,0.0,0.16666666666666669,0.213743820035642,284,1
2021,구로구,개봉3동,1117065,117,9,1186.5,3.250684931506849,77.4,0.0,0.0,0.0,0.0,0.0,1.0,1.0,1.0,1.0,1.0,0.4745647934402593,0.0,0.16666666666666669,0.213743820035642,284,1
2021,구로구,오류1동,1117067,117,9,1186.5,3.250684931506849,77.4,0.0,0.0,0.0,0.0,0.0,5.0,5.0,3.0,15.0,1.0,0.4745647934402593,0.0,0.8095238095238095,0.42802953432135626,60,5
2021,구로구,항동,1117074,117,9,1186.5,3.250684931506849,77.4,0.0,0.0,0.0,0.0,0.0,1.0,1.0,1.0,1.0,1.0,0.4745647934402593,0.0,0.16666666666666669,0.213743820035642,284,1
2021,구로구,수궁동,1117069,117,9,1186.5,3.250684931506849,77.4,0.0,0.0,0.0,0.0,0.0,3.0,3.0,2.0,6.0,1.0,0.4745647934402593,0.0,0.4642857142857143,0.3129501692419912,160,3
2021,구로구,가리봉동,1117070,117,9,1186.5,3.250684931506849,77.4,0.0,0.0,0.0,0.0,0.0,1.0,1.0,1.0,1.0,1.0,0.4745647934402593,0.0,0.16666666666666669,0.213743820035642,284,2
2021,구로구,구로2동,1117071,117,9,1186.5,3.250684931506849,77.4,0.0,0.0,0.0,0.0,0.0,5.0,5.0,3.0,15.0,1.0,0.4745647934402593,0.0,0.8095238095238095,0.42802953432135626,60,5
2021,구로구,개봉1동,1117072,117,9,1186.5,3.250684931506849,77.4,3.0,407.0,0.3,0.3,1.0,3.0,3.0,2.0,6.0,1.0,0.4745647934402593,0.26412067113214177,0.4642857142857143,0.40099039295270505,94,4
2021,금천구,가산동,1118051,117,9,1186.5,3.250684931506849,77.4,0.0,0.0,0.0,0.0,0.0,1.0,1.0,1.0,1.0,1.0,0.4745647934402593,0.0,0.16666666666666669,0.213743820035642,284,2
2021,금천구,독산1동,1118052,117,9,1186.5,3.250684931506849,77.4,0.0,0.0,0.0,0.0,0.0,3.0,3.0,2.0,6.0,1.0,0.4745647934402593,0.0,0.4642857142857143,0.3129501692419912,160,3
2021,금천구,독산2동,1118053,117,9,1186.5,3.250684931506849,77.4,0.0,0.0,0.0,0.0,0.0,1.0,1.0,1.0,1.0,1.0,0.4745647934402593,0.0,0.16666666666666669,0.213743820035642,284,2
2021,금천구,독산3동,1118054,117,9,1186.5,3.250684931506849,77.4,0.0,0.0,0.0,0.0,0.0,1.0,1.0,1.0,1.0,1.0,0.4745647934402593,0.0,0.16666666666666669,0.213743820035642,284,2
2021,금천구,독산4동,1118055,117,9,1186.5,3.250684931506849,77.4,0.0,0.0,0.0,0.0,0.0,1.0,1.0,1.0,1.0,1.0,0.4745647934402593,0.0,0.16666666666666669,0.213743820035642,284,2
2021,금천구,시흥1동,1118057,117,9,1186.5,3.250684931506849,77.4,0.0,0.0,0.0,0.0,0.0,2.0,2.0,1.5,3.0,1.0,0.4745647934402593,0.0,0.3095238095238095,0.2613628676546896,219,3
2021,금천구,시흥2동,1118058,117,9,1186.5,3.250684931506849,77.4,0.0,0.0,0.0,0.0,0.0,0.0,0.0,0.0,0.0,0.0,0.4745647934402593,0.0,0.0,0.15818826448008644,391,1
2021,금천구,시흥3동,1118059,117,9,1186.5,3.250684931506849,77.4,0.0,0.0,0.0,0.0,0.0,1.0,1.0,1.0,1.0,1.0,0.4745647934402593,0.0,0.16666666666666669,0.213743820035642,284,2
2021,금천구,시흥4동,1118060,117,9,1186.5,3.250684931506849,77.4,0.0,0.0,0.0,0.0,0.0,0.0,0.0,0.0,0.0,0.0,0.4745647934402593,0.0,0.0,0.15818826448008644,391,1
2021,금천구,시흥5동,1118061,117,9,1186.5,3.250684931506849,77.4,0.0,0.0,0.0,0.0,0.0,0.0,0.0,0.0,0.0,0.0,0.4745647934402593,0.0,0.0,0.15818826448008644,391,1
2021,영등포구,여의동,1119054,117,9,1186.5,3.250684931506849,77.4,0.0,0.0,0.0,0.0,0.0,2.0,2.0,1.5,3.0,1.0,0.4745647934402593,0.0,0.3095238095238095,0.2613628676546896,219,3
2021,영등포구,당산1동,1119055,117,9,1186.5,3.250684931506849,77.4,0.0,0.0,0.0,0.0,0.0,1.0,1.0,1.0,1.0,1.0,0.4745647934402593,0.0,0.16666666666666669,0.213743820035642,284,2
2021,영등포구,당산2동,1119056,117,9,1186.5,3.250684931506849,77.4,0.0,0.0,0.0,0.0,0.0,1.0,1.0,1.0,1.0,1.0,0.4745647934402593,0.0,0.16666666666666669,0.213743820035642,284,2
2021,영등포구,양평1동,1119061,117,9,1186.5,3.250684931506849,77.4,0.0,0.0,0.0,0.0,0.0,1.0,1.0,1.0,1.0,1.0,0.4745647934402593,0.0,0.16666666666666669,0.213743820035642,284,2
2021,영등포구,양평2동,1119062,117,9,1186.5,3.250684931506849,77.4,0.0,0.0,0.0,0.0,0.0,1.0,1.0,1.0,1.0,1.0,0.4745647934402593,0.0,0.16666666666666669,0.213743820035642,284,2
2021,영등포구,신길1동,1119063,117,9,1186.5,3.250684931506849,77.4,0.0,0.0,0.0,0.0,0.0,1.0,1.0,1.0,1.0,1.0,0.4745647934402593,0.0,0.16666666666666669,0.213743820035642,284,2
2021,영등포구,신길3동,1119065,117,9,1186.5,3.250684931506849,77.4,0.0,0.0,0.0,0.0,0.0,1.0,1.0,1.0,1.0,1.0,0.4745647934402593,0.0,0.16666666666666669,0.213743820035642,284,2
2021,영등포구,신길4동,1119066,117,9,1186.5,3.250684931506849,77.4,0.0,0.0,0.0,0.0,0.0,1.0,1.0,1.0,1.0,1.0,0.4745647934402593,0.0,0.16666666666666669,0.213743820035642,284,2
2021,영등포구,신길5동,1119067,117,9,1186.5,3.250684931506849,77.4,0.0,0.0,0.0,0.0,0.0,1.0,1.0,1.0,1.0,1.0,0.4745647934402593,0.0,0.16666666666666669,0.213743820035642,284,2
2021,영등포구,신길6동,1119068,117,9,1186.5,3.250684931506849,77.4,0.0,0.0,0.0,0.0,0.0,1.0,1.0,1.0,1.0,1.0,0.4745647934402593,0.0,0.16666666666666669,0.213743820035642,284,2
2021,영등포구,신길7동,1119069,117,9,1186.5,3.250684931506849,77.4,0.0,0.0,0.0,0.0,0.0,5.0,5.0,3.0,15.0,1.0,0.4745647934402593,0.0,0.8095238095238095,0.42802953432135626,60,5
2021,영등포구,대림1동,1119070,117,9,1186.5,3.250684931506849,77.4,0.0,0.0,0.0,0.0,0.0,1.0,1.0,1.0,1.0,1.0,0.4745647934402593,0.0,0.16666666666666669,0.213743820035642,284,2
2021,영등포구,대림2동,1119071,117,9,1186.5,3.250684931506849,77.4,0.0,0.0,0.0,0.0,0.0,1.0,1.0,1.0,1.0,1.0,0.4745647934402593,0.0,0.16666666666666669,0.213743820035642,284,2
2021,영등포구,대림3동,1119072,117,9,1186.5,3.250684931506849,77.4,0.0,0.0,0.0,0.0,0.0,1.0,1.0,1.0,1.0,1.0,0.4745647934402593,0.0,0.16666666666666669,0.213743820035642,284,2
2021,영등포구,영등포본동,1119073,117,9,1186.5,3.250684931506849,77.4,0.0,0.0,0.0,0.0,0.0,4.0,4.0,2.5,10.0,1.0,0.4745647934402593,0.0,0.6309523809523809,0.36850572479754673,108,4
2021,영등포구,영등포동,1119074,117,9,1186.5,3.250684931506849,77.4,0.0,0.0,0.0,0.0,0.0,3.0,3.0,2.0,6.0,1.0,0.4745647934402593,0.0,0.4642857142857143,0.3129501692419912,160,3
2021,영등포구,도림동,1119075,117,9,1186.5,3.250684931506849,77.4,0.0,0.0,0.0,0.0,0.0,1.0,1.0,1.0,1.0,1.0,0.4745647934402593,0.0,0.16666666666666669,0.213743820035642,284,2
2021,영등포구,문래동,1119076,117,9,1186.5,3.250684931506849,77.4,0.0,0.0,0.0,0.0,0.0,5.0,5.0,3.0,15.0,1.0,0.4745647934402593,0.0,0.8095238095238095,0.42802953432135626,60,5
2021,동작구,노량진2동,1120052,117,9,1186.5,3.250684931506849,77.4,0.0,0.0,0.0,0.0,0.0,1.0,1.0,1.0,1.0,1.0,0.4745647934402593,0.0,0.16666666666666669,0.213743820035642,284,2
2021,동작구,상도1동,1120053,117,9,1186.5,3.250684931506849,77.4,0.0,0.0,0.0,0.0,0.0,2.0,2.0,1.5,3.0,1.0,0.4745647934402593,0.0,0.3095238095238095,0.2613628676546896,219,3
2021,동작구,상도2동,1120054,117,9,1186.5,3.250684931506849,77.4,0.0,0.0,0.0,0.0,0.0,5.0,5.0,3.0,15.0,1.0,0.4745647934402593,0.0,0.8095238095238095,0.42802953432135626,60,5
2021,동작구,상도3동,1120055,117,9,1186.5,3.250684931506849,77.4,1.0,89.0,0.5,0.5,1.0,1.0,1.0,1.0,1.0,1.0,0.4745647934402593,0.4308450729722475,0.16666666666666669,0.3573588443597245,136,4
2021,동작구,상도4동,1120056,117,9,1186.5,3.250684931506849,77.4,0.0,0.0,0.0,0.0,0.0,2.0,2.0,1.5,3.0,1.0,0.4745647934402593,0.0,0.3095238095238095,0.2613628676546896,219,3
2021,동작구,사당1동,1120063,117,9,1186.5,3.250684931506849,77.4,0.0,0.0,0.0,0.0,0.0,2.0,2.0,1.5,3.0,1.0,0.4745647934402593,0.0,0.3095238095238095,0.2613628676546896,219,3
2021,동작구,사당3동,1120065,117,9,1186.5,3.250684931506849,77.4,0.0,0.0,0.0,0.0,0.0,1.0,1.0,1.0,1.0,1.0,0.4745647934402593,0.0,0.16666666666666669,0.213743820035642,284,2
2021,동작구,사당4동,1120066,117,9,1186.5,3.250684931506849,77.4,0.0,0.0,0.0,0.0,0.0,0.0,0.0,0.0,0.0,0.0,0.4745647934402593,0.0,0.0,0.15818826448008644,391,1
2021,동작구,사당5동,1120067,117,9,1186.5,3.250684931506849,77.4,1.0,231.0,0.5,0.5,1.0,0.0,0.0,0.0,0.0,0.0,0.4745647934402593,0.431004194913173,0.0,0.3018563294511441,204,3
2021,동작구,대방동,1120068,117,9,1186.5,3.250684931506849,77.4,0.0,0.0,0.0,0.0,0.0,5.0,5.0,3.0,15.0,1.0,0.4745647934402593,0.0,0.8095238095238095,0.42802953432135626,60,5
2021,동작구,신대방1동,1120069,117,9,1186.5,3.250684931506849,77.4,0.0,0.0,0.0,0.0,0.0,2.0,2.0,1.5,3.0,1.0,0.4745647934402593,0.0,0.3095238095238095,0.2613628676546896,219,3
2021,동작구,신대방2동,1120070,117,9,1186.5,3.250684931506849,77.4,0.0,0.0,0.0,0.0,0.0,3.0,3.0,2.0,6.0,1.0,0.4745647934402593,0.0,0.4642857142857143,0.3129501692419912,160,3
2021,동작구,흑석동,1120071,117,9,1186.5,3.250684931506849,77.4,0.0,0.0,0.0,0.0,0.0,4.0,4.0,2.5,10.0,1.0,0.4745647934402593,0.0,0.6309523809523809,0.36850572479754673,108,4
2021,동작구,노량진1동,1120072,117,9,1186.5,3.250684931506849,77.4,0.0,0.0,0.0,0.0,0.0,1.0,1.0,1.0,1.0,1.0,0.4745647934402593,0.0,0.16666666666666669,0.213743820035642,284,2
2021,동작구,사당2동,1120073,117,9,1186.5,3.250684931506849,77.4,0.0,0.0,0.0,0.0,0.0,2.0,2.0,1.5,3.0,1.0,0.4745647934402593,0.0,0.3095238095238095,0.2613628676546896,219,3
2021,관악구,보라매동,1121052,117,9,1186.5,3.250684931506849,77.4,0.0,0.0,0.0,0.0,0.0,4.0,4.0,2.5,10.0,1.0,0.4745647934402593,0.0,0.6309523809523809,0.36850572479754673,108,4
2021,관악구,청림동,1121054,117,9,1186.5,3.250684931506849,77.4,0.0,0.0,0.0,0.0,0.0,0.0,0.0,0.0,0.0,0.0,0.4745647934402593,0.0,0.0,0.15818826448008644,391,1
2021,관악구,행운동,1121057,117,9,1186.5,3.250684931506849,77.4,0.0,0.0,0.0,0.0,0.0,1.0,1.0,1.0,1.0,1.0,0.4745647934402593,0.0,0.16666666666666669,0.213743820035642,284,2
2021,관악구,낙성대동,1121058,117,9,1186.5,3.250684931506849,77.4,0.0,0.0,0.0,0.0,0.0,5.0,5.0,3.0,15.0,1.0,0.4745647934402593,0.0,0.8095238095238095,0.42802953432135626,60,5
2021,관악구,중앙동,1121061,117,9,1186.5,3.250684931506849,77.4,0.0,0.0,0.0,0.0,0.0,3.0,3.0,2.0,6.0,1.0,0.4745647934402593,0.0,0.4642857142857143,0.3129501692419912,160,3
2021,관악구,인헌동,1121062,117,9,1186.5,3.250684931506849,77.4,0.0,0.0,0.0,0.0,0.0,1.0,1.0,1.0,1.0,1.0,0.4745647934402593,0.0,0.16666666666666669,0.213743820035642,284,2
2021,관악구,남현동,1121063,117,9,1186.5,3.250684931506849,77.4,0.0,0.0,0.0,0.0,0.0,1.0,1.0,1.0,1.0,1.0,0.4745647934402593,0.0,0.16666666666666669,0.213743820035642,284,2
2021,관악구,서원동,1121064,117,9,1186.5,3.250684931506849,77.4,0.0,0.0,0.0,0.0,0.0,1.0,1.0,1.0,1.0,1.0,0.4745647934402593,0.0,0.16666666666666669,0.213743820035642,284,2
2021,관악구,신원동,1121065,117,9,1186.5,3.250684931506849,77.4,0.0,0.0,0.0,0.0,0.0,1.0,1.0,1.0,1.0,1.0,0.4745647934402593,0.0,0.16666666666666669,0.213743820035642,284,2
2021,관악구,서림동,1121066,117,9,1186.5,3.250684931506849,77.4,0.0,0.0,0.0,0.0,0.0,3.0,3.0,2.0,6.0,1.0,0.4745647934402593,0.0,0.4642857142857143,0.3129501692419912,160,4
2021,관악구,신사동,1121068,117,9,1186.5,3.250684931506849,77.4,0.0,0.0,0.0,0.0,0.0,1.0,1.0,1.0,1.0,1.0,0.4745647934402593,0.0,0.16666666666666669,0.213743820035642,284,2
2021,관악구,신림동,1121069,117,9,1186.5,3.250684931506849,77.4,0.0,0.0,0.0,0.0,0.0,4.0,4.0,2.5,10.0,1.0,0.4745647934402593,0.0,0.6309523809523809,0.36850572479754673,108,4
2021,관악구,난향동,1121071,117,9,1186.5,3.250684931506849,77.4,0.0,0.0,0.0,0.0,0.0,0.0,0.0,0.0,0.0,0.0,0.4745647934402593,0.0,0.0,0.15818826448008644,391,1
2021,관악구,조원동,1121072,117,9,1186.5,3.250684931506849,77.4,0.0,0.0,0.0,0.0,0.0,1.0,1.0,1.0,1.0,1.0,0.4745647934402593,0.0,0.16666666666666669,0.213743820035642,284,2
2021,관악구,대학동,1121073,117,9,1186.5,3.250684931506849,77.4,0.0,0.0,0.0,0.0,0.0,1.0,1.0,1.0,1.0,1.0,0.4745647934402593,0.0,0.16666666666666669,0.213743820035642,284,2
2021,관악구,은천동,1121078,117,9,1186.5,3.250684931506849,77.4,0.0,0.0,0.0,0.0,0.0,4.0,4.0,2.5,10.0,1.0,0.4745647934402593,0.0,0.6309523809523809,0.36850572479754673,108,4
2021,관악구,성현동,1121079,117,9,1186.5,3.250684931506849,77.4,0.0,0.0,0.0,0.0,0.0,1.0,1.0,1.0,1.0,1.0,0.4745647934402593,0.0,0.16666666666666669,0.213743820035642,284,2
2021,관악구,청룡동,1121080,117,9,1186.5,3.250684931506849,77.4,0.0,0.0,0.0,0.0,0.0,2.0,2.0,1.5,3.0,1.0,0.4745647934402593,0.0,0.3095238095238095,0.2613628676546896,219,3
2021,관악구,난곡동,1121081,117,9,1186.5,3.250684931506849,77.4,0.0,0.0,0.0,0.0,0.0,1.0,1.0,1.0,1.0,1.0,0.4745647934402593,0.0,0.16666666666666669,0.213743820035642,284,2
2021,관악구,삼성동,1121082,117,9,1186.5,3.250684931506849,77.4,0.0,0.0,0.0,0.0,0.0,1.0,1.0,1.0,1.0,1.0,0.4745647934402593,0.0,0.16666666666666669,0.213743820035642,284,2
2021,관악구,미성동,1121083,117,9,1186.5,3.250684931506849,77.4,0.0,0.0,0.0,0.0,0.0,1.0,1.0,1.0,1.0,1.0,0.4745647934402593,0.0,0.16666666666666669,0.213743820035642,284,2
2021,서초구,서초1동,1122051,117,9,1186.5,3.250684931506849,77.4,0.0,0.0,0.0,0.0,0.0,1.0,1.0,1.0,1.0,1.0,0.4745647934402593,0.0,0.16666666666666669,0.213743820035642,284,2
2021,서초구,서초2동,1122052,117,9,1186.5,3.250684931506849,77.4,0.0,0.0,0.0,0.0,0.0,5.0,5.0,3.0,15.0,1.0,0.4745647934402593,0.0,0.8095238095238095,0.42802953432135626,60,5
2021,서초구,서초3동,1122053,117,9,1186.5,3.250684931506849,77.4,0.0,0.0,0.0,0.0,0.0,1.0,1.0,1.0,1.0,1.0,0.4745647934402593,0.0,0.16666666666666669,0.213743820035642,284,2
2021,서초구,서초4동,1122054,117,9,1186.5,3.250684931506849,77.4,0.0,0.0,0.0,0.0,0.0,1.0,1.0,1.0,1.0,1.0,0.4745647934402593,0.0,0.16666666666666669,0.213743820035642,284,2
2021,서초구,잠원동,1122055,117,9,1186.5,3.250684931506849,77.4,0.0,0.0,0.0,0.0,0.0,5.0,5.0,3.0,15.0,1.0,0.4745647934402593,0.0,0.8095238095238095,0.42802953432135626,60,5
2021,서초구,반포본동,1122056,117,9,1186.5,3.250684931506849,77.4,0.0,0.0,0.0,0.0,0.0,1.0,1.0,1.0,1.0,1.0,0.4745647934402593,0.0,0.16666666666666669,0.213743820035642,284,2
2021,서초구,반포1동,1122057,117,9,1186.5,3.250684931506849,77.4,0.0,0.0,0.0,0.0,0.0,2.0,2.0,1.5,3.0,1.0,0.4745647934402593,0.0,0.3095238095238095,0.2613628676546896,219,3
2021,서초구,반포2동,1122058,117,9,1186.5,3.250684931506849,77.4,0.0,0.0,0.0,0.0,0.0,5.0,5.0,3.0,15.0,1.0,0.4745647934402593,0.0,0.8095238095238095,0.42802953432135626,60,5
2021,서초구,반포3동,1122059,117,9,1186.5,3.250684931506849,77.4,0.0,0.0,0.0,0.0,0.0,5.0,5.0,3.0,15.0,1.0,0.4745647934402593,0.0,0.8095238095238095,0.42802953432135626,60,5
2021,서초구,반포4동,1122060,117,9,1186.5,3.250684931506849,77.4,0.0,0.0,0.0,0.0,0.0,2.0,2.0,1.5,3.0,1.0,0.4745647934402593,0.0,0.3095238095238095,0.2613628676546896,219,3
2021,서초구,방배본동,1122061,117,9,1186.5,3.250684931506849,77.4,1.0,456.0,0.5,0.5,1.0,1.0,1.0,1.0,1.0,1.0,0.4745647934402593,0.43125632474914655,0.16666666666666669,0.35749592828535753,134,4
2021,서초구,방배1동,1122062,117,9,1186.5,3.250684931506849,77.4,0.0,0.0,0.0,0.0,0.0,1.0,1.0,1.0,1.0,1.0,0.4745647934402593,0.0,0.16666666666666669,0.213743820035642,284,2
2021,서초구,방배2동,1122063,117,9,1186.5,3.250684931506849,77.4,1.0,182.2,0.5,0.5,1.0,3.0,3.0,2.0,6.0,1.0,0.4745647934402593,0.430949510753193,0.4642857142857143,0.45660000615972224,49,5
2021,서초구,방배3동,1122064,117,9,1186.5,3.250684931506849,77.4,1.0,1300.0,0.3,0.3,1.0,1.0,1.0,1.0,1.0,1.0,0.4745647934402593,0.26077352034973794,0.16666666666666669,0.30066832681888794,209,3
2021,서초구,방배4동,1122065,117,9,1186.5,3.250684931506849,77.4,0.0,0.0,0.0,0.0,0.0,1.0,1.0,1.0,1.0,1.0,0.4745647934402593,0.0,0.16666666666666669,0.213743820035642,284,2
2021,서초구,양재1동,1122066,117,9,1186.5,3.250684931506849,77.4,0.0,0.0,0.0,0.0,0.0,3.0,3.0,2.0,6.0,1.0,0.4745647934402593,0.0,0.4642857142857143,0.3129501692419912,160,4
2021,서초구,양재2동,1122067,117,9,1186.5,3.250684931506849,77.4,0.0,0.0,0.0,0.0,0.0,5.0,5.0,3.0,15.0,1.0,0.4745647934402593,0.0,0.8095238095238095,0.42802953432135626,60,5
2021,서초구,내곡동,1122068,117,9,1186.5,3.250684931506849,77.4,0.0,0.0,0.0,0.0,0.0,5.0,5.0,3.0,15.0,1.0,0.4745647934402593,0.0,0.8095238095238095,0.42802953432135626,60,5
2021,강남구,신사동,1123051,117,9,1186.5,3.250684931506849,77.4,0.0,0.0,0.0,0.0,0.0,5.0,5.0,3.0,15.0,1.0,0.4745647934402593,0.0,0.8095238095238095,0.42802953432135626,60,5
2021,강남구,논현1동,1123052,117,9,1186.5,3.250684931506849,77.4,4.0,975.9000000000001,0.26666666666666666,0.5,1.0,5.0,5.0,3.0,15.0,1.0,0.4745647934402593,0.32169398522057074,0.8095238095238095,0.5352608627282133,12,5
2021,강남구,논현2동,1123053,117,9,1186.5,3.250684931506849,77.4,0.0,0.0,0.0,0.0,0.0,2.0,2.0,1.5,3.0,1.0,0.4745647934402593,0.0,0.3095238095238095,0.2613628676546896,219,3
2021,강남구,삼성1동,1123058,117,9,1186.5,3.250684931506849,77.4,1.0,271.2,0.5,0.5,1.0,3.0,3.0,2.0,6.0,1.0,0.4745647934402593,0.43104924211053364,0.4642857142857143,0.4566332499455024,47,5
2021,강남구,삼성2동,1123059,117,9,1186.5,3.250684931506849,77.4,0.0,0.0,0.0,0.0,0.0,2.0,2.0,1.5,3.0,1.0,0.4745647934402593,0.0,0.3095238095238095,0.2613628676546896,219,3
2021,강남구,대치1동,1123060,117,9,1186.5,3.250684931506849,77.4,0.0,0.0,0.0,0.0,0.0,1.0,1.0,1.0,1.0,1.0,0.4745647934402593,0.0,0.16666666666666669,0.213743820035642,284,2
2021,강남구,대치4동,1123063,117,9,1186.5,3.250684931506849,77.4,1.0,184.2,0.5,0.5,1.0,3.0,3.0,2.0,6.0,1.0,0.4745647934402593,0.4309517519072905,0.4642857142857143,0.45660075321108806,48,5
2021,강남구,역삼1동,1123064,117,9,1186.5,3.250684931506849,77.4,0.0,0.0,0.0,0.0,0.0,5.0,5.0,3.0,15.0,1.0,0.4745647934402593,0.0,0.8095238095238095,0.42802953432135626,60,5
2021,강남구,역삼2동,1123065,117,9,1186.5,3.250684931506849,77.4,0.0,0.0,0.0,0.0,0.0,1.0,1.0,1.0,1.0,1.0,0.4745647934402593,0.0,0.16666666666666669,0.213743820035642,284,2
2021,강남구,도곡1동,1123066,117,9,1186.5,3.250684931506849,77.4,1.0,218.0,0.1,0.1,1.0,1.0,1.0,1.0,1.0,1.0,0.4745647934402593,0.0881324845543961,0.16666666666666669,0.24312131488710734,281,2
2021,강남구,도곡2동,1123067,117,9,1186.5,3.250684931506849,77.4,0.0,0.0,0.0,0.0,0.0,1.0,1.0,1.0,1.0,1.0,0.4745647934402593,0.0,0.16666666666666669,0.213743820035642,284,2
2021,강남구,개포1동,1123068,117,9,1186.5,3.250684931506849,77.4,0.0,0.0,0.0,0.0,0.0,2.0,2.0,1.5,3.0,1.0,0.4745647934402593,0.0,0.3095238095238095,0.2613628676546896,219,3
2021,강남구,개포4동,1123071,117,9,1186.5,3.250684931506849,77.4,1.0,108.0,0.5,0.5,1.0,3.0,3.0,2.0,6.0,1.0,0.4745647934402593,0.43086636393617417,0.4642857142857143,0.45657229055404924,51,5
2021,강남구,일원본동,1123072,117,9,1186.5,3.250684931506849,77.4,0.0,0.0,0.0,0.0,0.0,1.0,1.0,1.0,1.0,1.0,0.4745647934402593,0.0,0.16666666666666669,0.213743820035642,284,2
2021,강남구,일원1동,1123073,117,9,1186.5,3.250684931506849,77.4,0.0,0.0,0.0,0.0,0.0,2.0,2.0,1.5,3.0,1.0,0.4745647934402593,0.0,0.3095238095238095,0.2613628676546896,219,3
2021,강남구,일원2동,1123074,117,9,1186.5,3.250684931506849,77.4,0.0,0.0,0.0,0.0,0.0,2.0,2.0,1.5,3.0,1.0,0.4745647934402593,0.0,0.3095238095238095,0.2613628676546896,219,3
2021,강남구,수서동,1123075,117,9,1186.5,3.250684931506849,77.4,0.0,0.0,0.0,0.0,0.0,2.0,2.0,1.5,3.0,1.0,0.4745647934402593,0.0,0.3095238095238095,0.2613628676546896,219,3
2021,강남구,세곡동,1123076,117,9,1186.5,3.250684931506849,77.4,1.0,315.0,0.3,0.3,1.0,2.0,2.0,1.5,3.0,1.0,0.4745647934402593,0.25966975195669834,0.3095238095238095,0.34791945164025573,145,4
2021,강남구,압구정동,1123077,117,9,1186.5,3.250684931506849,77.4,1.0,295.0,0.3,0.3,1.0,3.0,3.0,2.0,6.0,1.0,0.4745647934402593,0.2596473404157229,0.4642857142857143,0.39949928271389884,95,4
2021,강남구,청담동,1123078,117,9,1186.5,3.250684931506849,77.4,0.0,0.0,0.0,0.0,0.0,3.0,3.0,2.0,6.0,1.0,0.4745647934402593,0.0,0.4642857142857143,0.3129501692419912,160,4
2021,강남구,대치2동,1123079,117,9,1186.5,3.250684931506849,77.4,0.0,0.0,0.0,0.0,0.0,1.0,1.0,1.0,1.0,1.0,0.4745647934402593,0.0,0.16666666666666669,0.213743820035642,284,2
2021,강남구,개포2동,1123080,117,9,1186.5,3.250684931506849,77.4,0.0,0.0,0.0,0.0,0.0,3.0,3.0,2.0,6.0,1.0,0.4745647934402593,0.0,0.4642857142857143,0.3129501692419912,160,4
2021,송파구,풍납1동,1124051,117,9,1186.5,3.250684931506849,77.4,0.0,0.0,0.0,0.0,0.0,2.0,2.0,1.5,3.0,1.0,0.4745647934402593,0.0,0.3095238095238095,0.2613628676546896,219,3
2021,송파구,풍납2동,1124052,117,9,1186.5,3.250684931506849,77.4,0.0,0.0,0.0,0.0,0.0,1.0,1.0,1.0,1.0,1.0,0.4745647934402593,0.0,0.16666666666666669,0.213743820035642,284,2
2021,송파구,거여1동,1124053,117,9,1186.5,3.250684931506849,77.4,0.0,0.0,0.0,0.0,0.0,0.0,0.0,0.0,0.0,0.0,0.4745647934402593,0.0,0.0,0.15818826448008644,391,1
2021,송파구,거여2동,1124054,117,9,1186.5,3.250684931506849,77.4,0.0,0.0,0.0,0.0,0.0,0.0,0.0,0.0,0.0,0.0,0.4745647934402593,0.0,0.0,0.15818826448008644,391,1
2021,송파구,마천1동,1124055,117,9,1186.5,3.250684931506849,77.4,0.0,0.0,0.0,0.0,0.0,0.0,0.0,0.0,0.0,0.0,0.4745647934402593,0.0,0.0,0.15818826448008644,391,1
2021,송파구,마천2동,1124056,117,9,1186.5,3.250684931506849,77.4,0.0,0.0,0.0,0.0,0.0,0.0,0.0,0.0,0.0,0.0,0.4745647934402593,0.0,0.0,0.15818826448008644,391,1
2021,송파구,방이1동,1124057,117,9,1186.5,3.250684931506849,77.4,0.0,0.0,0.0,0.0,0.0,2.0,2.0,1.5,3.0,1.0,0.4745647934402593,0.0,0.3095238095238095,0.2613628676546896,219,3
2021,송파구,방이2동,1124058,117,9,1186.5,3.250684931506849,77.4,0.0,0.0,0.0,0.0,0.0,1.0,1.0,1.0,1.0,1.0,0.4745647934402593,0.0,0.16666666666666669,0.213743820035642,284,2
2021,송파구,오륜동,1124059,117,9,1186.5,3.250684931506849,77.4,0.0,0.0,0.0,0.0,0.0,3.0,3.0,2.0,6.0,1.0,0.4745647934402593,0.0,0.4642857142857143,0.3129501692419912,160,4
2021,송파구,오금동,1124060,117,9,1186.5,3.250684931506849,77.4,0.0,0.0,0.0,0.0,0.0,3.0,3.0,2.0,6.0,1.0,0.4745647934402593,0.0,0.4642857142857143,0.3129501692419912,160,4
2021,송파구,송파1동,1124061,117,9,1186.5,3.250684931506849,77.4,0.0,0.0,0.0,0.0,0.0,3.0,3.0,2.0,6.0,1.0,0.4745647934402593,0.0,0.4642857142857143,0.3129501692419912,160,4
2021,송파구,송파2동,1124062,117,9,1186.5,3.250684931506849,77.4,0.0,0.0,0.0,0.0,0.0,3.0,3.0,2.0,6.0,1.0,0.4745647934402593,0.0,0.4642857142857143,0.3129501692419912,160,4
2021,송파구,석촌동,1124063,117,9,1186.5,3.250684931506849,77.4,0.0,0.0,0.0,0.0,0.0,1.0,1.0,1.0,1.0,1.0,0.4745647934402593,0.0,0.16666666666666669,0.213743820035642,284,2
2021,송파구,삼전동,1124064,117,9,1186.5,3.250684931506849,77.4,0.0,0.0,0.0,0.0,0.0,1.0,1.0,1.0,1.0,1.0,0.4745647934402593,0.0,0.16666666666666669,0.213743820035642,284,2
2021,송파구,가락본동,1124065,117,9,1186.5,3.250684931506849,77.4,0.0,0.0,0.0,0.0,0.0,1.0,1.0,1.0,1.0,1.0,0.4745647934402593,0.0,0.16666666666666669,0.213743820035642,284,2
2021,송파구,가락1동,1124066,117,9,1186.5,3.250684931506849,77.4,0.0,0.0,0.0,0.0,0.0,3.0,3.0,2.0,6.0,1.0,0.4745647934402593,0.0,0.4642857142857143,0.3129501692419912,160,4
2021,송파구,가락2동,1124067,117,9,1186.5,3.250684931506849,77.4,0.0,0.0,0.0,0.0,0.0,1.0,1.0,1.0,1.0,1.0,0.4745647934402593,0.0,0.16666666666666669,0.213743820035642,284,2
2021,송파구,문정1동,1124068,117,9,1186.5,3.250684931506849,77.4,0.0,0.0,0.0,0.0,0.0,2.0,2.0,1.5,3.0,1.0,0.4745647934402593,0.0,0.3095238095238095,0.2613628676546896,219,3
2021,송파구,문정2동,1124069,117,9,1186.5,3.250684931506849,77.4,0.0,0.0,0.0,0.0,0.0,4.0,4.0,2.5,10.0,1.0,0.4745647934402593,0.0,0.6309523809523809,0.36850572479754673,108,4
2021,송파구,잠실본동,1124071,117,9,1186.5,3.250684931506849,77.4,0.0,0.0,0.0,0.0,0.0,1.0,1.0,1.0,1.0,1.0,0.4745647934402593,0.0,0.16666666666666669,0.213743820035642,284,2
2021,송파구,잠실4동,1124075,117,9,1186.5,3.250684931506849,77.4,0.0,0.0,0.0,0.0,0.0,1.0,1.0,1.0,1.0,1.0,0.4745647934402593,0.0,0.16666666666666669,0.213743820035642,284,2
2021,송파구,잠실6동,1124077,117,9,1186.5,3.250684931506849,77.4,0.0,0.0,0.0,0.0,0.0,1.0,1.0,1.0,1.0,1.0,0.4745647934402593,0.0,0.16666666666666669,0.213743820035642,284,2
2021,송파구,잠실7동,1124078,117,9,1186.5,3.250684931506849,77.4,0.0,0.0,0.0,0.0,0.0,0.0,0.0,0.0,0.0,0.0,0.4745647934402593,0.0,0.0,0.15818826448008644,391,1
2021,송파구,잠실2동,1124079,117,9,1186.5,3.250684931506849,77.4,0.0,0.0,0.0,0.0,0.0,1.0,1.0,1.0,1.0,1.0,0.4745647934402593,0.0,0.16666666666666669,0.213743820035642,284,2
2021,송파구,잠실3동,1124080,117,9,1186.5,3.250684931506849,77.4,0.0,0.0,0.0,0.0,0.0,1.0,1.0,1.0,1.0,1.0,0.4745647934402593,0.0,0.16666666666666669,0.213743820035642,284,2
2021,송파구,장지동,1124081,117,9,1186.5,3.250684931506849,77.4,0.0,0.0,0.0,0.0,0.0,3.0,3.0,2.0,6.0,1.0,0.4745647934402593,0.0,0.4642857142857143,0.3129501692419912,160,4
2021,송파구,위례동,1124082,117,9,1186.5,3.250684931506849,77.4,0.0,0.0,0.0,0.0,0.0,0.0,0.0,0.0,0.0,0.0,0.4745647934402593,0.0,0.0,0.15818826448008644,391,1
2021,강동구,강일동,1125051,117,9,1186.5,3.250684931506849,77.4,2.0,660.0,0.3,0.3,1.0,2.0,2.0,1.5,3.0,1.0,0.4745647934402593,0.2622302640820027,0.3095238095238095,0.3487729556820238,142,4
2021,강동구,상일동,1125052,117,9,1186.5,3.250684931506849,77.4,0.0,0.0,0.0,0.0,0.0,3.0,3.0,2.0,6.0,1.0,0.4745647934402593,0.0,0.4642857142857143,0.3129501692419912,160,4
2021,강동구,명일1동,1125053,117,9,1186.5,3.250684931506849,77.4,23.0,84236.5,0.3521739130434782,0.5,1.0,2.0,2.0,1.5,3.0,1.0,0.4745647934402593,0.4990518736619819,0.3095238095238095,0.4277134922086836,86,4
2021,강동구,명일2동,1125054,117,9,1186.5,3.250684931506849,77.4,0.0,0.0,0.0,0.0,0.0,2.0,2.0,1.5,3.0,1.0,0.4745647934402593,0.0,0.3095238095238095,0.2613628676546896,219,3
2021,강동구,고덕1동,1125055,117,9,1186.5,3.250684931506849,77.4,4.0,902.3000000000001,0.4666666666666667,0.5,1.0,3.0,3.0,2.0,6.0,1.0,0.4745647934402593,0.4216115107497812,0.4642857142857143,0.4534873394919183,53,5
2021,강동구,고덕2동,1125056,117,9,1186.5,3.250684931506849,77.4,8.0,1534.0,0.3333333333333333,0.5,1.0,3.0,3.0,2.0,6.0,1.0,0.4745647934402593,0.36434836477873633,0.4642857142857143,0.43439962416823663,59,5
2021,강동구,암사2동,1125058,117,9,1186.5,3.250684931506849,77.4,3.0,642.6,0.5,0.5,1.0,1.0,1.0,1.0,1.0,1.0,0.4745647934402593,0.4358132505134037,0.16666666666666669,0.35901490354010995,130,4
2021,강동구,암사3동,1125059,117,9,1186.5,3.250684931506849,77.4,4.0,5545.3,0.3,0.3,1.0,3.0,3.0,2.0,6.0,1.0,0.4745647934402593,0.27205244522532107,0.4642857142857143,0.40363431765043156,91,4
2021,강동구,천호1동,1125061,117,9,1186.5,3.250684931506849,77.4,16.0,5475.299999999999,0.27619047619047615,0.5,1.0,1.0,1.0,1.0,1.0,1.0,0.4745647934402593,0.3575847708774557,0.16666666666666669,0.3329387436614606,157,4
2021,강동구,천호3동,1125063,117,9,1186.5,3.250684931506849,77.4,12.0,1757.0,0.39999999999999997,0.5,1.0,2.0,2.0,1.5,3.0,1.0,0.4745647934402593,0.4066272389678587,0.3095238095238095,0.39690528064397584,99,4
2021,강동구,성내1동,1125065,117,9,1186.5,3.250684931506849,77.4,1.0,201.9,0.3,0.3,1.0,1.0,1.0,1.0,1.0,1.0,0.4745647934402593,0.2595430146924823,0.16666666666666669,0.30025815826646945,211,3
2021,강동구,성내2동,1125066,117,9,1186.5,3.250684931506849,77.4,6.0,679.0,0.43333333333333335,0.5,1.0,1.0,1.0,1.0,1.0,1.0,0.4745647934402593,0.40904244531508044,0.16666666666666669,0.3500913018073355,140,4
2021,강동구,성내3동,1125067,117,9,1186.5,3.250684931506849,77.4,5.0,872.8,0.42000000000000004,0.5,1.0,1.0,1.0,1.0,1.0,1.0,0.4745647934402593,0.40041903343698737,0.16666666666666669,0.3472168311813045,148,4
2021,강동구,둔촌1동,1125070,117,9,1186.5,3.250684931506849,77.4,0.0,0.0,0.0,0.0,0.0,1.0,1.0,1.0,1.0,1.0,0.4745647934402593,0.0,0.16666666666666669,0.213743820035642,284,2
2021,강동구,둔촌2동,1125071,117,9,1186.5,3.250684931506849,77.4,12.0,31100.4,0.3909090909090909,0.5,1.0,1.0,1.0,1.0,1.0,1.0,0.4745647934402593,0.43496332499531665,0.16666666666666669,0.35873159503408086,133,4
2021,강동구,암사1동,1125072,117,9,1186.5,3.250684931506849,77.4,7.0,1305.2,0.35,0.5,1.0,1.0,1.0,1.0,1.0,1.0,0.4745647934402593,0.37025139703983256,0.16666666666666669,0.3371609523822529,156,4
2021,강동구,천호2동,1125073,117,9,1186.5,3.250684931506849,77.4,6.0,1032.4,0.43333333333333335,0.5,1.0,2.0,2.0,1.5,3.0,1.0,0.4745647934402593,0.4094384572441162,0.3095238095238095,0.3978423534027284,98,4
2021,강동구,길동,1125074,117,9,1186.5,3.250684931506849,77.4,14.0,3447.8,0.41428571428571426,0.5,1.0,3.0,3.0,2.0,6.0,1.0,0.4745647934402593,0.4200125938717346,0.4642857142857143,0.45295436719923615,54,5
2021,구로구,오류2동,1117073,117,9,1186.5,3.250684931506849,77.4,0.0,0.0,0.0,0.0,0.0,5.0,5.0,3.0,15.0,1.0,0.4745647934402593,0.0,0.8095238095238095,0.42802953432135626,60,5
